SourceImage,Label,CorrectedTo
260622_316_H_b2_back_CBS_01,241,erased
260708_316_H_b2_front_CBS_002,141,erased
260708_316_H_b2_front_CBS_002,143,erased
260708_316_H_b2_front_CBS_002,152,erased
260708_316_H_b2_front_CBS_002,166,erased
260708_316_H_b2_front_CBS_001,3,True
260708_316_H_b2_front_CBS_002,132,True
260708_316_H_b2_front_CBS_002,159,True
260708_316_H_b2_front_CBS_002,132,erased
260708_316_H_b2_front_CBS_002,146,erased
260708_316_H_b2_front_CBS_002,147,erased
260708_316_H_b2_front_CBS_002,132,True
260708_316_H_b2_front_CBS_002,134,True
260708_316_H_b2_front_CBS_002,151,True
260708_316_H_b2_front_CBS_002,153,True
260708_316_H_b2_front_CBS_002,154,True
260708_316_H_b2_front_CBS_002,162,True
260708_316_H_b2_front_CBS_002,168,True
260708_316_H_b2_front_CBS_002,171,True
260708_316_H_b2_front_CBS_002,164,erased
260708_316_H_b2_front_CBS_003,100,True
260708_316_H_b2_front_CBS_003,102,True
260708_316_H_b2_front_CBS_003,111,True
260708_316_H_b2_front_CBS_003,140,True
260708_316_H_b2_front_CBS_003,142,True
260708_316_H_b2_front_CBS_003,150,True
260708_316_H_b2_front_CBS_003,151,True
260708_316_H_b2_front_CBS_003,154,True
260708_316_H_b2_front_CBS_003,155,True
260708_316_H_b2_front_CBS_003,156,True
260708_316_H_b2_front_CBS_003,157,True
260708_316_H_b2_front_CBS_003,158,True
260708_316_H_b2_front_CBS_003,162,True
260708_316_H_b2_front_CBS_003,164,True
260708_316_H_b2_front_CBS_003,177,True
260708_316_H_b2_front_CBS_003,179,True
260708_316_H_b2_front_CBS_003,183,True
260708_316_H_b2_front_CBS_003,185,True
260708_316_H_b2_front_CBS_003,91,erased
260708_316_H_b2_front_CBS_003,96,erased
260708_316_H_b2_front_CBS_003,102,erased
260708_316_H_b2_front_CBS_003,108,erased
260708_316_H_b2_front_CBS_003,139,erased
260708_316_H_b2_front_CBS_003,100,True
260708_316_H_b2_front_CBS_003,102,True
260708_316_H_b2_front_CBS_003,111,True
260708_316_H_b2_front_CBS_003,140,True
260708_316_H_b2_front_CBS_003,142,True
260708_316_H_b2_front_CBS_003,150,True
260708_316_H_b2_front_CBS_003,151,True
260708_316_H_b2_front_CBS_003,154,True
260708_316_H_b2_front_CBS_003,155,True
260708_316_H_b2_front_CBS_003,156,True
260708_316_H_b2_front_CBS_003,157,True
260708_316_H_b2_front_CBS_003,158,True
260708_316_H_b2_front_CBS_003,162,True
260708_316_H_b2_front_CBS_003,164,True
260708_316_H_b2_front_CBS_003,177,True
260708_316_H_b2_front_CBS_003,179,True
260708_316_H_b2_front_CBS_003,183,True
260708_316_H_b2_front_CBS_003,185,True
260708_316_H_b2_front_CBS_003,91,erased
260708_316_H_b2_front_CBS_003,96,erased
260708_316_H_b2_front_CBS_003,102,erased
260708_316_H_b2_front_CBS_003,108,erased
260708_316_H_b2_front_CBS_003,139,erased
260708_316_H_b2_front_CBS_003,100,True
260708_316_H_b2_front_CBS_003,102,True
260708_316_H_b2_front_CBS_003,111,True
260708_316_H_b2_front_CBS_003,140,True
260708_316_H_b2_front_CBS_003,142,True
260708_316_H_b2_front_CBS_003,150,True
260708_316_H_b2_front_CBS_003,151,True
260708_316_H_b2_front_CBS_003,154,True
260708_316_H_b2_front_CBS_003,155,True
260708_316_H_b2_front_CBS_003,156,True
260708_316_H_b2_front_CBS_003,157,True
260708_316_H_b2_front_CBS_003,158,True
260708_316_H_b2_front_CBS_003,162,True
260708_316_H_b2_front_CBS_003,164,True
260708_316_H_b2_front_CBS_003,177,True
260708_316_H_b2_front_CBS_003,179,True
260708_316_H_b2_front_CBS_003,183,True
260708_316_H_b2_front_CBS_003,185,True
260708_316_H_b2_front_CBS_003,91,erased
260708_316_H_b2_front_CBS_003,96,erased
260708_316_H_b2_front_CBS_003,102,erased
260708_316_H_b2_front_CBS_003,108,erased
260708_316_H_b2_front_CBS_003,139,erased
260708_316_H_b2_front_CBS_003,100,True
260708_316_H_b2_front_CBS_003,91,True
260708_316_H_b2_front_CBS_003,100,True
260708_316_H_b2_front_CBS_003,117,True
260708_316_H_b2_front_CBS_003,130,True
260708_316_H_b2_front_CBS_003,146,True
260708_316_H_b2_front_CBS_003,149,True
260708_316_H_b2_front_CBS_003,152,True
260708_316_H_b2_front_CBS_003,199,True
260708_316_H_b2_front_CBS_003,91,erased
260708_316_H_b2_front_CBS_003,146,erased
260708_316_H_b2_front_CBS_003,149,erased
260708_316_H_b2_front_CBS_003,165,erased
260708_316_H_b2_front_CBS_003,169,erased
260708_316_H_b2_front_CBS_003,182,erased
260708_316_H_b2_front_CBS_003,207,erased
260708_316_H_b2_front_CBS_003,208,erased
260708_316_H_b2_front_CBS_003,205,True
260708_316_H_b2_front_CBS_004,67,True
260708_316_H_b2_front_CBS_004,70,True
260708_316_H_b2_front_CBS_004,82,True
260708_316_H_b2_front_CBS_004,87,True
260708_316_H_b2_front_CBS_004,98,True
260708_316_H_b2_front_CBS_004,99,True
260708_316_H_b2_front_CBS_004,102,True
260708_316_H_b2_front_CBS_004,107,True
260708_316_H_b2_front_CBS_004,108,True
260708_316_H_b2_front_CBS_004,113,True
260708_316_H_b2_front_CBS_004,120,True
260708_316_H_b2_front_CBS_004,123,True
260708_316_H_b2_front_CBS_004,134,True
260708_316_H_b2_front_CBS_004,135,True
260708_316_H_b2_front_CBS_004,136,True
260708_316_H_b2_front_CBS_005,80,True
260708_316_H_b2_front_CBS_005,84,True
260708_316_H_b2_front_CBS_005,86,True
260708_316_H_b2_front_CBS_005,101,True
260708_316_H_b2_front_CBS_005,106,True
260708_316_H_b2_front_CBS_005,107,True
260708_316_H_b2_front_CBS_005,111,True
260708_316_H_b2_front_CBS_005,114,True
260708_316_H_b2_front_CBS_005,124,True
260708_316_H_b2_front_CBS_005,133,True
260708_316_H_b2_front_CBS_005,134,True
260708_316_H_b2_front_CBS_005,135,True
260622_316_H_b2_back_CBS_01,241,True
260622_316_H_b2_back_CBS_01,241,erased
260622_316_H_b2_back_CBS_01,295,erased
260622_316_H_b2_back_CBS_01,319,erased
260622_316_H_b2_back_CBS_01,324,erased
260622_316_H_b2_back_CBS_01,351,erased
260622_316_H_b2_back_CBS_01,357,erased
260622_316_H_b2_back_CBS_01,361,erased
260622_316_H_b2_back_CBS_01,417,erased
260622_316_H_b2_back_CBS_01,424,erased
260622_316_H_b2_back_CBS_01,435,erased
260622_316_H_b2_back_CBS_01,441,erased
260622_316_H_b2_back_CBS_01,564,erased
260708_316_H_b2_front_CBS_002,183,True
260708_316_H_b2_front_CBS_002,132,True
260708_316_H_b2_front_CBS_002,134,True
260708_316_H_b2_front_CBS_002,141,True
260708_316_H_b2_front_CBS_002,147,True
260708_316_H_b2_front_CBS_002,151,True
260708_316_H_b2_front_CBS_002,152,True
260708_316_H_b2_front_CBS_002,153,True
260708_316_H_b2_front_CBS_002,154,True
260708_316_H_b2_front_CBS_002,156,True
260708_316_H_b2_front_CBS_002,159,True
260708_316_H_b2_front_CBS_002,162,True
260708_316_H_b2_front_CBS_002,168,True
260708_316_H_b2_front_CBS_002,169,True
260708_316_H_b2_front_CBS_002,170,True
260708_316_H_b2_front_CBS_002,171,True
260708_316_H_b2_front_CBS_002,177,True
260708_316_H_b2_front_CBS_002,132,True
260708_316_H_b2_front_CBS_006,1,True
260708_316_H_b2_front_CBS_006,2,True
260708_316_H_b2_front_CBS_006,8,True
260708_316_H_b2_front_CBS_006,10,True
260708_316_H_b2_front_CBS_006,11,True
260708_316_H_b2_front_CBS_006,13,True
260708_316_H_b2_front_CBS_006,14,True
260708_316_H_b2_front_CBS_006,18,True
260708_316_H_b2_front_CBS_006,20,True
260708_316_H_b2_front_CBS_006,21,True
260708_316_H_b2_front_CBS_006,26,True
260708_316_H_b2_front_CBS_006,27,True
260708_316_H_b2_front_CBS_007,1,True
260708_316_H_b2_front_CBS_007,2,True
260708_316_H_b2_front_CBS_007,3,True
260708_316_H_b2_front_CBS_007,4,True
260708_316_H_b2_front_CBS_007,5,True
260708_316_H_b2_front_CBS_007,6,True
260708_316_H_b2_front_CBS_007,7,True
260708_316_H_b2_front_CBS_007,8,True
260708_316_H_b2_front_CBS_007,10,True
260708_316_H_b2_front_CBS_007,11,True
260708_316_H_b2_front_CBS_007,12,True
260708_316_H_b2_front_CBS_007,13,True
260708_316_H_b2_front_CBS_007,14,True
260708_316_H_b2_front_CBS_007,15,True
260708_316_H_b2_front_CBS_007,16,True
260708_316_H_b2_front_CBS_007,17,True
260708_316_H_b2_front_CBS_007,18,True
260708_316_H_b2_front_CBS_007,20,True
260708_316_H_b2_front_CBS_007,22,True
260708_316_H_b2_front_CBS_007,24,True
260708_316_H_b2_front_CBS_007,25,True
260708_316_H_b2_front_CBS_007,26,True
260708_316_H_b2_front_CBS_007,27,True
260708_316_H_b2_front_CBS_007,30,True
260708_316_H_b2_front_CBS_007,31,True
260708_316_H_b2_front_CBS_007,32,True
260708_316_H_b2_front_CBS_007,33,True
260708_316_H_b2_front_CBS_007,34,True
260708_316_H_b2_front_CBS_007,35,True
260708_316_H_b2_front_CBS_007,36,True
260708_316_H_b2_front_CBS_007,37,True
260708_316_H_b2_front_CBS_007,38,True
260708_316_H_b2_front_CBS_007,39,True
260708_316_H_b2_front_CBS_007,40,True
260708_316_H_b2_front_CBS_007,44,True
260708_316_H_b2_front_CBS_007,46,True
260708_316_H_b2_front_CBS_007,48,True
260708_316_H_b2_front_CBS_007,51,True
260708_316_H_b2_front_CBS_007,55,True
260708_316_H_b2_front_CBS_007,56,True
260708_316_H_b2_front_CBS_007,57,True
260708_316_H_b2_front_CBS_010,2,erased
260708_316_H_b2_front_CBS_010,5,erased
260708_316_H_b2_front_CBS_010,40,erased
260708_316_H_b2_front_CBS_010,167,erased
260708_316_H_b2_front_CBS_010,170,erased
260708_316_H_b2_front_CBS_010,178,erased
260708_316_H_b2_front_CBS_010,221,erased
260708_316_H_b2_front_CBS_010,242,erased
260708_316_H_b2_front_CBS_010,261,erased
260708_316_H_b2_front_CBS_010,263,erased
260708_316_H_b2_front_CBS_010,167,False
260708_316_H_b2_front_CBS_010,178,False
260708_316_H_b2_front_CBS_010,187,False
260708_316_H_b2_front_CBS_010,198,False
260708_316_H_b2_front_CBS_011,129,erased
260708_316_H_b2_front_CBS_011,159,erased
260708_316_H_b2_front_CBS_011,160,erased
260708_316_H_b2_front_CBS_011,161,erased
260708_316_H_b2_front_CBS_011,165,erased
260708_316_H_b2_front_CBS_011,166,erased
260708_316_H_b2_front_CBS_011,172,erased
260708_316_H_b2_front_CBS_011,179,erased
260708_316_H_b2_front_CBS_011,129,True
260708_316_H_b2_front_CBS_011,130,True
260708_316_H_b2_front_CBS_011,131,True
260708_316_H_b2_front_CBS_011,143,True
260708_316_H_b2_front_CBS_011,144,True
260708_316_H_b2_front_CBS_011,149,True
260708_316_H_b2_front_CBS_011,151,True
260708_316_H_b2_front_CBS_011,153,True
260708_316_H_b2_front_CBS_011,159,True
260708_316_H_b2_front_CBS_011,160,True
260708_316_H_b2_front_CBS_011,162,True
260708_316_H_b2_front_CBS_011,167,True
260708_316_H_b2_front_CBS_011,168,True
260708_316_H_b2_front_CBS_011,170,True
260708_316_H_b2_front_CBS_011,172,True
260708_316_H_b2_front_CBS_011,174,True
260708_316_H_b2_front_CBS_011,178,True
260708_316_H_b2_front_CBS_012,201,True
260708_316_H_b2_front_CBS_012,203,True
260708_316_H_b2_front_CBS_012,211,True
260708_316_H_b2_front_CBS_012,212,True
260708_316_H_b2_front_CBS_012,213,True
260708_316_H_b2_front_CBS_012,214,True
260708_316_H_b2_front_CBS_012,215,True
260708_316_H_b2_front_CBS_012,216,True
260708_316_H_b2_front_CBS_012,218,True
260708_316_H_b2_front_CBS_012,221,True
260708_316_H_b2_front_CBS_012,222,True
260708_316_H_b2_front_CBS_012,223,True
260708_316_H_b2_front_CBS_012,224,True
260708_316_H_b2_front_CBS_012,102,False
260708_316_H_b2_front_CBS_012,103,False
260708_316_H_b2_front_CBS_012,106,False
260708_316_H_b2_front_CBS_012,108,False
260708_316_H_b2_front_CBS_012,121,False
260708_316_H_b2_front_CBS_012,188,False
260708_316_H_b2_front_CBS_012,190,False
260708_316_H_b2_front_CBS_012,198,False
260708_316_H_b2_front_CBS_012,199,False
260708_316_H_b2_front_CBS_012,200,False
260708_316_H_b2_front_CBS_012,201,False
260708_316_H_b2_front_CBS_012,203,False
260708_316_H_b2_front_CBS_012,204,False
260708_316_H_b2_front_CBS_012,205,False
260708_316_H_b2_front_CBS_012,206,False
260708_316_H_b2_front_CBS_012,207,False
260708_316_H_b2_front_CBS_012,210,False
260708_316_H_b2_front_CBS_012,217,False
260708_316_H_b2_front_CBS_012,218,False
260708_316_H_b2_front_CBS_012,219,False
260708_316_H_b2_front_CBS_012,220,False
260708_316_H_b2_front_CBS_013,160,True
260708_316_H_b2_front_CBS_013,161,True
260708_316_H_b2_front_CBS_013,168,True
260708_316_H_b2_front_CBS_013,175,True
260708_316_H_b2_front_CBS_013,180,True
260708_316_H_b2_front_CBS_013,181,True
260708_316_H_b2_front_CBS_013,182,True
260708_316_H_b2_front_CBS_013,187,True
260708_316_H_b2_front_CBS_013,189,True
260708_316_H_b2_front_CBS_013,191,True
260708_316_H_b2_front_CBS_013,194,True
260708_316_H_b2_front_CBS_013,195,True
260708_316_H_b2_front_CBS_013,196,True
260708_316_H_b2_front_CBS_013,205,True
260708_316_H_b2_front_CBS_013,206,True
260708_316_H_b2_front_CBS_013,218,True
260708_316_H_b2_front_CBS_013,219,True
260708_316_H_b2_front_CBS_013,220,True
260708_316_H_b2_front_CBS_013,224,True
260708_316_H_b2_front_CBS_013,64,False
260708_316_H_b2_front_CBS_013,65,False
260708_316_H_b2_front_CBS_013,68,False
260708_316_H_b2_front_CBS_013,153,False
260708_316_H_b2_front_CBS_013,156,False
260708_316_H_b2_front_CBS_013,161,False
260708_316_H_b2_front_CBS_013,168,False
260708_316_H_b2_front_CBS_013,169,False
260708_316_H_b2_front_CBS_013,171,False
260708_316_H_b2_front_CBS_013,176,False
260708_316_H_b2_front_CBS_013,177,False
260708_316_H_b2_front_CBS_013,185,False
260708_316_H_b2_front_CBS_013,187,False
260708_316_H_b2_front_CBS_013,206,False
260708_316_H_b2_front_CBS_013,215,False
260708_316_H_b2_front_CBS_013,221,False
260708_316_H_b2_front_CBS_013,222,False
260708_316_H_b2_front_CBS_013,148,erased
260708_316_H_b2_front_CBS_013,160,erased
260708_316_H_b2_front_CBS_013,168,erased
260708_316_H_b2_front_CBS_013,198,erased
260708_316_H_b2_front_CBS_014,2,True
260708_316_H_b2_front_CBS_014,3,True
260708_316_H_b2_front_CBS_014,5,True
260708_316_H_b2_front_CBS_014,6,True
260708_316_H_b2_front_CBS_014,8,True
260708_316_H_b2_front_CBS_014,9,True
260708_316_H_b2_front_CBS_014,10,True
260708_316_H_b2_front_CBS_014,12,True
260708_316_H_b2_front_CBS_014,13,True
260708_316_H_b2_front_CBS_014,14,True
260708_316_H_b2_front_CBS_014,16,True
260708_316_H_b2_front_CBS_014,17,True
260708_316_H_b2_front_CBS_014,19,True
260708_316_H_b2_front_CBS_014,20,True
260708_316_H_b2_front_CBS_014,21,True
260708_316_H_b2_front_CBS_014,22,True
260708_316_H_b2_front_CBS_014,23,True
260708_316_H_b2_front_CBS_014,24,True
260708_316_H_b2_front_CBS_014,25,True
260708_316_H_b2_front_CBS_014,26,True
260708_316_H_b2_front_CBS_014,27,True
260708_316_H_b2_front_CBS_014,28,True
260708_316_H_b2_front_CBS_014,30,True
260708_316_H_b2_front_CBS_014,31,True
260708_316_H_b2_front_CBS_014,32,True
260708_316_H_b2_front_CBS_014,33,True
260708_316_H_b2_front_CBS_014,34,True
260708_316_H_b2_front_CBS_014,35,True
260708_316_H_b2_front_CBS_014,36,True
260708_316_H_b2_front_CBS_014,37,True
260708_316_H_b2_front_CBS_014,38,True
260708_316_H_b2_front_CBS_014,39,True
260708_316_H_b2_front_CBS_014,40,True
260708_316_H_b2_front_CBS_014,41,True
260708_316_H_b2_front_CBS_014,42,True
260708_316_H_b2_front_CBS_014,44,True
260708_316_H_b2_front_CBS_014,45,True
260708_316_H_b2_front_CBS_014,46,True
260708_316_H_b2_front_CBS_014,47,True
260708_316_H_b2_front_CBS_014,48,True
260708_316_H_b2_front_CBS_014,49,True
260708_316_H_b2_front_CBS_014,50,True
260708_316_H_b2_front_CBS_014,52,True
260708_316_H_b2_front_CBS_014,53,True
260708_316_H_b2_front_CBS_014,54,True
260708_316_H_b2_front_CBS_014,55,True
260708_316_H_b2_front_CBS_014,56,True
260708_316_H_b2_front_CBS_014,57,True
260708_316_H_b2_front_CBS_014,58,True
260708_316_H_b2_front_CBS_014,59,True
260708_316_H_b2_front_CBS_014,60,True
260708_316_H_b2_front_CBS_014,61,True
260708_316_H_b2_front_CBS_014,62,True
260708_316_H_b2_front_CBS_014,63,True
260708_316_H_b2_front_CBS_014,64,True
260708_316_H_b2_front_CBS_014,65,True
260708_316_H_b2_front_CBS_014,67,True
260708_316_H_b2_front_CBS_014,68,True
260708_316_H_b2_front_CBS_014,70,True
260708_316_H_b2_front_CBS_014,71,True
260708_316_H_b2_front_CBS_014,72,True
260708_316_H_b2_front_CBS_014,74,True
260708_316_H_b2_front_CBS_014,75,True
260708_316_H_b2_front_CBS_014,79,True
260708_316_H_b2_front_CBS_014,80,True
260708_316_H_b2_front_CBS_014,81,True
260708_316_H_b2_front_CBS_014,82,True
260708_316_H_b2_front_CBS_014,83,True
260708_316_H_b2_front_CBS_014,102,True
260708_316_H_b2_front_CBS_014,115,True
260708_316_H_b2_front_CBS_014,63,erased
260708_316_H_b2_front_CBS_014,85,erased
260708_316_H_b2_front_CBS_014,95,erased
260708_316_H_b2_front_CBS_014,2,True
260708_316_H_b2_front_CBS_014,5,True
260708_316_H_b2_front_CBS_014,95,True
260708_316_H_b2_front_CBS_015,4,True
260708_316_H_b2_front_CBS_015,8,True
260708_316_H_b2_front_CBS_015,9,True
260708_316_H_b2_front_CBS_015,10,True
260708_316_H_b2_front_CBS_015,12,True
260708_316_H_b2_front_CBS_015,15,True
260708_316_H_b2_front_CBS_015,39,True
260708_316_H_b2_front_CBS_015,40,True
260708_316_H_b2_front_CBS_015,43,True
260708_316_H_b2_front_CBS_015,45,True
260708_316_H_b2_front_CBS_015,48,True
260708_316_H_b2_front_CBS_015,49,True
260708_316_H_b2_front_CBS_015,51,True
260708_316_H_b2_front_CBS_015,53,True
260708_316_H_b2_front_CBS_015,55,True
260708_316_H_b2_front_CBS_015,56,True
260708_316_H_b2_front_CBS_015,57,True
260708_316_H_b2_front_CBS_015,58,True
260708_316_H_b2_front_CBS_015,59,True
260708_316_H_b2_front_CBS_015,61,True
260708_316_H_b2_front_CBS_015,63,True
260708_316_H_b2_front_CBS_015,64,True
260708_316_H_b2_front_CBS_015,65,True
260708_316_H_b2_front_CBS_015,66,True
260708_316_H_b2_front_CBS_015,67,True
260708_316_H_b2_front_CBS_015,68,True
260708_316_H_b2_front_CBS_015,69,True
260708_316_H_b2_front_CBS_015,71,True
260708_316_H_b2_front_CBS_015,73,True
260708_316_H_b2_front_CBS_015,76,True
260708_316_H_b2_front_CBS_015,77,True
260708_316_H_b2_front_CBS_015,78,True
260708_316_H_b2_front_CBS_015,79,True
260708_316_H_b2_front_CBS_015,82,True
260708_316_H_b2_front_CBS_015,83,True
260708_316_H_b2_front_CBS_015,84,True
260708_316_H_b2_front_CBS_015,85,True
260708_316_H_b2_front_CBS_015,87,True
260708_316_H_b2_front_CBS_015,89,True
260708_316_H_b2_front_CBS_015,91,True
260708_316_H_b2_front_CBS_015,13,False
260708_316_H_b2_front_CBS_015,19,False
260708_316_H_b2_front_CBS_015,20,False
260708_316_H_b2_front_CBS_015,88,False
260708_316_H_b2_front_CBS_015,92,False
260708_316_H_b2_front_CBS_015,96,False
260708_316_H_b2_front_CBS_015,100,False
260708_316_H_b2_front_CBS_015,101,False
260708_316_H_b2_front_CBS_003,100,True
260708_316_H_b2_front_CBS_003,153,True
260708_316_H_b2_front_CBS_003,181,True
260708_316_H_b2_front_CBS_003,186,True
260622_316_H_b2_front_CBS_04,81,True
260622_316_H_b2_front_CBS_04,101,True
260622_316_H_b2_front_CBS_04,102,True
260622_316_H_b2_front_CBS_04,107,True
260622_316_H_b2_front_CBS_04,110,True
260622_316_H_b2_front_CBS_04,112,True
260622_316_H_b2_front_CBS_04,115,True
260622_316_H_b2_front_CBS_04,119,True
260622_316_H_b2_front_CBS_04,120,True
260622_316_H_b2_front_CBS_04,124,True
260622_316_H_b2_front_CBS_04,128,True
260622_316_H_b2_front_CBS_04,131,True
260622_316_H_b2_front_CBS_04,132,True
260622_316_H_b2_front_CBS_04,133,True
260622_316_H_b2_front_CBS_04,134,True
260622_316_H_b2_front_CBS_04,135,True
260622_316_H_b2_front_CBS_04,136,True
260622_316_H_b2_front_CBS_04,137,True
260622_316_H_b2_front_CBS_04,138,True
260622_316_H_b2_front_CBS_04,139,True
260622_316_H_b2_front_CBS_04,140,True
260622_316_H_b2_front_CBS_04,141,True
260622_316_H_b2_front_CBS_04,142,True
260622_316_H_b2_front_CBS_04,143,True
260622_316_H_b2_front_CBS_04,145,True
260622_316_H_b2_front_CBS_04,146,True
260622_316_H_b2_front_CBS_04,147,True
260622_316_H_b2_front_CBS_04,148,True
260622_316_H_b2_front_CBS_04,149,True
260622_316_H_b2_front_CBS_04,150,True
260622_316_H_b2_front_CBS_04,151,True
260622_316_H_b2_front_CBS_04,152,True
260622_316_H_b2_front_CBS_04,153,True
260622_316_H_b2_front_CBS_04,154,True
260622_316_H_b2_front_CBS_04,155,True
260622_316_H_b2_front_CBS_04,156,True
260622_316_H_b2_front_CBS_04,158,True
260622_316_H_b2_front_CBS_04,159,True
260622_316_H_b2_front_CBS_04,160,True
260622_316_H_b2_front_CBS_04,161,True
260622_316_H_b2_front_CBS_04,162,True
260622_316_H_b2_front_CBS_04,164,True
260622_316_H_b2_front_CBS_04,167,True
260622_316_H_b2_front_CBS_04,168,True
260622_316_H_b2_front_CBS_04,169,True
260622_316_H_b2_front_CBS_04,170,True
260622_316_H_b2_front_CBS_04,173,True
260622_316_H_b2_front_CBS_04,175,True
260622_316_H_b2_front_CBS_04,176,True
260622_316_H_b2_front_CBS_04,177,True
260622_316_H_b2_front_CBS_04,179,True
260622_316_H_b2_front_CBS_04,181,True
260622_316_H_b2_front_CBS_04,184,True
260622_316_H_b2_front_CBS_04,185,True
260622_316_H_b2_front_CBS_04,187,True
260622_316_H_b2_front_CBS_04,189,True
260622_316_H_b2_front_CBS_04,191,True
260622_316_H_b2_front_CBS_04,192,True
260622_316_H_b2_front_CBS_04,193,True
260622_316_H_b2_front_CBS_04,194,True
260622_316_H_b2_front_CBS_04,195,True
260622_316_H_b2_front_CBS_04,196,True
260622_316_H_b2_front_CBS_04,197,True
260622_316_H_b2_front_CBS_04,198,True
260622_316_H_b2_front_CBS_04,199,True
260622_316_H_b2_front_CBS_04,200,True
260622_316_H_b2_front_CBS_04,201,True
260622_316_H_b2_front_CBS_04,202,True
260622_316_H_b2_front_CBS_04,204,True
260622_316_H_b2_front_CBS_04,205,True
260622_316_H_b2_front_CBS_04,206,True
260622_316_H_b2_front_CBS_04,207,True
260622_316_H_b2_front_CBS_04,208,True
260622_316_H_b2_front_CBS_04,209,True
260622_316_H_b2_front_CBS_04,211,True
260622_316_H_b2_front_CBS_04,212,True
260622_316_H_b2_front_CBS_04,213,True
260622_316_H_b2_front_CBS_04,214,True
260622_316_H_b2_front_CBS_04,215,True
260622_316_H_b2_front_CBS_04,216,True
260622_316_H_b2_front_CBS_04,218,True
260622_316_H_b2_front_CBS_04,220,True
260622_316_H_b2_front_CBS_04,222,True
260622_316_H_b2_front_CBS_04,224,True
260622_316_H_b2_front_CBS_04,225,True
260622_316_H_b2_front_CBS_04,227,True
260622_316_H_b2_front_CBS_04,228,True
260622_316_H_b2_front_CBS_04,229,True
260622_316_H_b2_front_CBS_04,231,True
260622_316_H_b2_front_CBS_04,232,True
260622_316_H_b2_front_CBS_04,233,True
260622_316_H_b2_front_CBS_04,234,True
260622_316_H_b2_front_CBS_04,235,True
260622_316_H_b2_front_CBS_04,236,True
260622_316_H_b2_front_CBS_04,237,True
260622_316_H_b2_front_CBS_04,238,True
260622_316_H_b2_front_CBS_04,239,True
260622_316_H_b2_front_CBS_04,241,True
260622_316_H_b2_front_CBS_04,243,True
260622_316_H_b2_front_CBS_04,245,True
260622_316_H_b2_front_CBS_04,246,True
260622_316_H_b2_front_CBS_04,249,True
260622_316_H_b2_front_CBS_04,250,True
260622_316_H_b2_front_CBS_04,251,True
260622_316_H_b2_front_CBS_04,252,True
260622_316_H_b2_front_CBS_04,254,True
260622_316_H_b2_front_CBS_04,257,True
260622_316_H_b2_front_CBS_04,259,True
260622_316_H_b2_front_CBS_04,261,True
260622_316_H_b2_front_CBS_04,262,True
260622_316_H_b2_front_CBS_04,263,True
260622_316_H_b2_front_CBS_04,264,True
260622_316_H_b2_front_CBS_04,265,True
260622_316_H_b2_front_CBS_04,268,True
260622_316_H_b2_front_CBS_04,271,True
260622_316_H_b2_front_CBS_04,272,True
260622_316_H_b2_front_CBS_04,274,True
260622_316_H_b2_front_CBS_04,276,True
260622_316_H_b2_front_CBS_04,278,True
260622_316_H_b2_front_CBS_04,279,True
260622_316_H_b2_front_CBS_04,280,True
260622_316_H_b2_front_CBS_04,286,True
260622_316_H_b2_front_CBS_04,288,True
260622_316_H_b2_front_CBS_04,289,True
260622_316_H_b2_front_CBS_04,293,True
260622_316_H_b2_front_CBS_04,151,erased
260622_316_H_b2_front_CBS_04,164,erased
260622_316_H_b2_front_CBS_04,228,erased
260622_316_H_b2_front_CBS_04,257,erased
260622_316_amb_b3_CBS_01,151,False
260708_316_H_b2_front_CBS_012,69,erased
260708_316_H_b2_front_CBS_012,69,False
260708_316_H_b2_front_CBS_012,79,False
260708_316_H_b2_front_CBS_012,82,False
260708_316_H_b2_front_CBS_012,15,erased
260708_316_H_b2_front_CBS_012,24,erased
260708_316_H_b2_front_CBS_012,78,erased
260708_316_H_b2_front_CBS_012,88,erased
260708_316_H_b2_front_CBS_012,22,False
260708_316_H_b2_front_CBS_012,24,False
260708_316_H_b2_front_CBS_012,69,False
260708_316_H_b2_front_CBS_012,79,False
260708_316_H_b2_front_CBS_012,82,False
260708_316_H_b2_front_CBS_016,2,True
260708_316_H_b2_front_CBS_016,8,True
260708_316_H_b2_front_CBS_016,9,True
260708_316_H_b2_front_CBS_016,10,True
260708_316_H_b2_front_CBS_016,13,True
260708_316_H_b2_front_CBS_016,15,True
260708_316_H_b2_front_CBS_016,16,True
260708_316_H_b2_front_CBS_016,17,True
260708_316_H_b2_front_CBS_016,18,True
260708_316_H_b2_front_CBS_016,20,True
260708_316_H_b2_front_CBS_016,21,True
260708_316_H_b2_front_CBS_016,22,True
260708_316_H_b2_front_CBS_016,24,True
260708_316_H_b2_front_CBS_016,25,True
260708_316_H_b2_front_CBS_016,26,True
260708_316_H_b2_front_CBS_016,27,True
260708_316_H_b2_front_CBS_016,28,True
260708_316_H_b2_front_CBS_016,29,True
260708_316_H_b2_front_CBS_016,30,True
260708_316_H_b2_front_CBS_016,31,True
260708_316_H_b2_front_CBS_016,32,True
260708_316_H_b2_front_CBS_016,33,True
260708_316_H_b2_front_CBS_016,34,True
260708_316_H_b2_front_CBS_016,35,True
260708_316_H_b2_front_CBS_016,36,True
260708_316_H_b2_front_CBS_016,37,True
260708_316_H_b2_front_CBS_016,38,True
260708_316_H_b2_front_CBS_016,39,True
260708_316_H_b2_front_CBS_016,40,True
260708_316_H_b2_front_CBS_016,41,True
260708_316_H_b2_front_CBS_016,42,True
260708_316_H_b2_front_CBS_016,43,True
260708_316_H_b2_front_CBS_016,44,True
260708_316_H_b2_front_CBS_016,45,True
260708_316_H_b2_front_CBS_016,47,True
260708_316_H_b2_front_CBS_016,48,True
260708_316_H_b2_front_CBS_016,49,True
260708_316_H_b2_front_CBS_016,50,True
260708_316_H_b2_front_CBS_016,51,True
260708_316_H_b2_front_CBS_016,52,True
260708_316_H_b2_front_CBS_016,54,True
260708_316_H_b2_front_CBS_016,55,True
260708_316_H_b2_front_CBS_016,56,True
260708_316_H_b2_front_CBS_016,57,True
260708_316_H_b2_front_CBS_016,58,True
260708_316_H_b2_front_CBS_016,59,True
260708_316_H_b2_front_CBS_016,60,True
260708_316_H_b2_front_CBS_016,61,True
260708_316_H_b2_front_CBS_016,62,True
260708_316_H_b2_front_CBS_016,63,True
260708_316_H_b2_front_CBS_016,64,True
260708_316_H_b2_front_CBS_016,65,True
260708_316_H_b2_front_CBS_016,66,True
260708_316_H_b2_front_CBS_016,67,True
260708_316_H_b2_front_CBS_016,68,True
260708_316_H_b2_front_CBS_016,69,True
260708_316_H_b2_front_CBS_016,70,True
260708_316_H_b2_front_CBS_016,71,True
260708_316_H_b2_front_CBS_016,72,True
260708_316_H_b2_front_CBS_016,73,True
260708_316_H_b2_front_CBS_016,74,True
260708_316_H_b2_front_CBS_016,75,True
260708_316_H_b2_front_CBS_016,76,True
260708_316_H_b2_front_CBS_016,77,True
260708_316_H_b2_front_CBS_016,78,True
260708_316_H_b2_front_CBS_016,79,True
260708_316_H_b2_front_CBS_016,80,True
260708_316_H_b2_front_CBS_016,81,True
260708_316_H_b2_front_CBS_016,82,True
260708_316_H_b2_front_CBS_016,83,True
260708_316_H_b2_front_CBS_016,84,True
260708_316_H_b2_front_CBS_016,85,True
260708_316_H_b2_front_CBS_016,86,True
260708_316_H_b2_front_CBS_016,87,True
260708_316_H_b2_front_CBS_016,88,True
260708_316_H_b2_front_CBS_016,89,True
260708_316_H_b2_front_CBS_016,90,True
260708_316_H_b2_front_CBS_016,92,True
260708_316_H_b2_front_CBS_016,93,True
260708_316_H_b2_front_CBS_016,94,True
260708_316_H_b2_front_CBS_016,95,True
260708_316_H_b2_front_CBS_016,96,True
260708_316_H_b2_front_CBS_016,97,True
260708_316_H_b2_front_CBS_016,98,True
260708_316_H_b2_front_CBS_016,99,True
260708_316_H_b2_front_CBS_016,100,True
260708_316_H_b2_front_CBS_016,102,True
260708_316_H_b2_front_CBS_016,103,True
260708_316_H_b2_front_CBS_016,104,True
260708_316_H_b2_front_CBS_016,105,True
260708_316_H_b2_front_CBS_016,106,True
260708_316_H_b2_front_CBS_016,107,True
260708_316_H_b2_front_CBS_016,108,True
260708_316_H_b2_front_CBS_016,109,True
260708_316_H_b2_front_CBS_016,110,True
260708_316_H_b2_front_CBS_016,111,True
260708_316_H_b2_front_CBS_016,112,True
260708_316_H_b2_front_CBS_016,114,True
260708_316_H_b2_front_CBS_016,115,True
260708_316_H_b2_front_CBS_016,116,True
260708_316_H_b2_front_CBS_016,117,True
260708_316_H_b2_front_CBS_016,118,True
260708_316_H_b2_front_CBS_016,119,True
260708_316_H_b2_front_CBS_016,120,True
260708_316_H_b2_front_CBS_016,121,True
260708_316_H_b2_front_CBS_016,122,True
260708_316_H_b2_front_CBS_016,123,True
260708_316_H_b2_front_CBS_016,124,True
260708_316_H_b2_front_CBS_016,125,True
260708_316_H_b2_front_CBS_016,126,True
260708_316_H_b2_front_CBS_016,127,True
260708_316_H_b2_front_CBS_016,128,True
260708_316_H_b2_front_CBS_016,129,True
260708_316_H_b2_front_CBS_016,130,True
260708_316_H_b2_front_CBS_016,132,True
260708_316_H_b2_front_CBS_016,133,True
260708_316_H_b2_front_CBS_016,134,True
260708_316_H_b2_front_CBS_016,135,True
260708_316_H_b2_front_CBS_016,136,True
260708_316_H_b2_front_CBS_016,138,True
260708_316_H_b2_front_CBS_016,139,True
260708_316_H_b2_front_CBS_016,140,True
260708_316_H_b2_front_CBS_016,141,True
260708_316_H_b2_front_CBS_016,142,True
260708_316_H_b2_front_CBS_016,143,True
260708_316_H_b2_front_CBS_016,144,True
260708_316_H_b2_front_CBS_016,145,True
260708_316_H_b2_front_CBS_016,146,True
260708_316_H_b2_front_CBS_016,147,True
260708_316_H_b2_front_CBS_016,148,True
260708_316_H_b2_front_CBS_016,149,True
260708_316_H_b2_front_CBS_016,150,True
260708_316_H_b2_front_CBS_016,151,True
260708_316_H_b2_front_CBS_016,152,True
260708_316_H_b2_front_CBS_016,153,True
260708_316_H_b2_front_CBS_016,154,True
260708_316_H_b2_front_CBS_016,155,True
260708_316_H_b2_front_CBS_016,156,True
260708_316_H_b2_front_CBS_016,158,True
260708_316_H_b2_front_CBS_016,160,True
260708_316_H_b2_front_CBS_016,161,True
260708_316_H_b2_front_CBS_016,163,True
260708_316_H_b2_front_CBS_016,164,True
260708_316_H_b2_front_CBS_016,165,True
260708_316_H_b2_front_CBS_016,166,True
260708_316_H_b2_front_CBS_016,167,True
260708_316_H_b2_front_CBS_016,168,True
260708_316_H_b2_front_CBS_016,169,True
260708_316_H_b2_front_CBS_016,170,True
260708_316_H_b2_front_CBS_016,171,True
260708_316_H_b2_front_CBS_016,172,True
260708_316_H_b2_front_CBS_016,173,True
260708_316_H_b2_front_CBS_016,174,True
260708_316_H_b2_front_CBS_016,175,True
260708_316_H_b2_front_CBS_016,176,True
260708_316_H_b2_front_CBS_016,177,True
260708_316_H_b2_front_CBS_016,179,True
260708_316_H_b2_front_CBS_016,180,True
260708_316_H_b2_front_CBS_016,181,True
260708_316_H_b2_front_CBS_016,182,True
260708_316_H_b2_front_CBS_016,183,True
260708_316_H_b2_front_CBS_016,184,True
260708_316_H_b2_front_CBS_016,185,True
260708_316_H_b2_front_CBS_016,186,True
260708_316_H_b2_front_CBS_016,187,True
260708_316_H_b2_front_CBS_016,188,True
260708_316_H_b2_front_CBS_016,189,True
260708_316_H_b2_front_CBS_016,190,True
260708_316_H_b2_front_CBS_016,191,True
260708_316_H_b2_front_CBS_016,192,True
260708_316_H_b2_front_CBS_016,193,True
260708_316_H_b2_front_CBS_016,194,True
260708_316_H_b2_front_CBS_016,195,True
260708_316_H_b2_front_CBS_016,196,True
260708_316_H_b2_front_CBS_016,197,True
260708_316_H_b2_front_CBS_016,198,True
260708_316_H_b2_front_CBS_016,199,True
260708_316_H_b2_front_CBS_016,200,True
260708_316_H_b2_front_CBS_016,202,True
260708_316_H_b2_front_CBS_016,203,True
260708_316_H_b2_front_CBS_016,204,True
260708_316_H_b2_front_CBS_016,205,True
260708_316_H_b2_front_CBS_016,206,True
260708_316_H_b2_front_CBS_016,207,True
260708_316_H_b2_front_CBS_016,208,True
260708_316_H_b2_front_CBS_016,209,True
260708_316_H_b2_front_CBS_016,210,True
260708_316_H_b2_front_CBS_016,212,True
260708_316_H_b2_front_CBS_016,213,True
260708_316_H_b2_front_CBS_016,214,True
260708_316_H_b2_front_CBS_016,215,True
260708_316_H_b2_front_CBS_016,216,True
260708_316_H_b2_front_CBS_016,217,True
260708_316_H_b2_front_CBS_016,218,True
260708_316_H_b2_front_CBS_016,219,True
260708_316_H_b2_front_CBS_016,220,True
260708_316_H_b2_front_CBS_016,221,True
260708_316_H_b2_front_CBS_016,222,True
260708_316_H_b2_front_CBS_016,223,True
260708_316_H_b2_front_CBS_016,224,True
260708_316_H_b2_front_CBS_016,225,True
260708_316_H_b2_front_CBS_016,226,True
260708_316_H_b2_front_CBS_016,228,True
260708_316_H_b2_front_CBS_016,229,True
260708_316_H_b2_front_CBS_016,230,True
260708_316_H_b2_front_CBS_016,231,True
260708_316_H_b2_front_CBS_016,233,True
260708_316_H_b2_front_CBS_016,235,True
260708_316_H_b2_front_CBS_016,236,True
260708_316_H_b2_front_CBS_016,237,True
260708_316_H_b2_front_CBS_016,238,True
260708_316_H_b2_front_CBS_016,239,True
260708_316_H_b2_front_CBS_016,241,True
260708_316_H_b2_front_CBS_016,242,True
260708_316_H_b2_front_CBS_016,243,True
260708_316_H_b2_front_CBS_016,245,True
260708_316_H_b2_front_CBS_016,246,True
260708_316_H_b2_front_CBS_016,247,True
260708_316_H_b2_front_CBS_016,248,True
260708_316_H_b2_front_CBS_016,249,True
260708_316_H_b2_front_CBS_016,250,True
260708_316_H_b2_front_CBS_016,252,True
260708_316_H_b2_front_CBS_016,253,True
260708_316_H_b2_front_CBS_016,254,True
260708_316_H_b2_front_CBS_016,255,True
260708_316_H_b2_front_CBS_016,256,True
260708_316_H_b2_front_CBS_016,257,True
260708_316_H_b2_front_CBS_016,258,True
260708_316_H_b2_front_CBS_016,259,True
260708_316_H_b2_front_CBS_016,260,True
260708_316_H_b2_front_CBS_016,261,True
260708_316_H_b2_front_CBS_016,262,True
260708_316_H_b2_front_CBS_016,263,True
260708_316_H_b2_front_CBS_016,264,True
260708_316_H_b2_front_CBS_016,265,True
260708_316_H_b2_front_CBS_016,266,True
260708_316_H_b2_front_CBS_016,267,True
260708_316_H_b2_front_CBS_016,268,True
260708_316_H_b2_front_CBS_016,269,True
260708_316_H_b2_front_CBS_016,270,True
260708_316_H_b2_front_CBS_016,271,True
260708_316_H_b2_front_CBS_016,272,True
260708_316_H_b2_front_CBS_016,273,True
260708_316_H_b2_front_CBS_016,274,True
260708_316_H_b2_front_CBS_016,275,True
260708_316_H_b2_front_CBS_016,276,True
260708_316_H_b2_front_CBS_016,278,True
260708_316_H_b2_front_CBS_016,279,True
260708_316_H_b2_front_CBS_016,280,True
260708_316_H_b2_front_CBS_016,281,True
260708_316_H_b2_front_CBS_016,282,True
260708_316_H_b2_front_CBS_016,283,True
260708_316_H_b2_front_CBS_016,284,True
260708_316_H_b2_front_CBS_016,285,True
260708_316_H_b2_front_CBS_016,286,True
260708_316_H_b2_front_CBS_016,287,True
260708_316_H_b2_front_CBS_016,288,True
260708_316_H_b2_front_CBS_016,289,True
260708_316_H_b2_front_CBS_016,290,True
260708_316_H_b2_front_CBS_016,291,True
260708_316_H_b2_front_CBS_016,292,True
260708_316_H_b2_front_CBS_016,293,True
260708_316_H_b2_front_CBS_016,294,True
260708_316_H_b2_front_CBS_016,296,True
260708_316_H_b2_front_CBS_016,297,True
260708_316_H_b2_front_CBS_016,298,True
260708_316_H_b2_front_CBS_016,299,True
260708_316_H_b2_front_CBS_016,300,True
260708_316_H_b2_front_CBS_016,301,True
260708_316_H_b2_front_CBS_016,302,True
260708_316_H_b2_front_CBS_016,305,True
260708_316_H_b2_front_CBS_016,306,True
260708_316_H_b2_front_CBS_016,309,True
260708_316_H_b2_front_CBS_016,295,True
260708_316_H_b2_front_CBS_016,303,True
260708_316_H_b2_front_CBS_016,304,True
260708_316_H_b2_front_CBS_016,307,True
260708_316_H_b2_front_CBS_016,308,True
260708_316_H_b2_front_CBS_016,310,True
260708_316_H_b2_front_CBS_016,311,True
260708_316_H_b2_front_CBS_016,313,True
260708_316_H_b2_front_CBS_016,315,True
260708_316_H_b2_front_CBS_016,321,True
260708_316_H_b2_front_CBS_016,324,True
260708_316_H_b2_front_CBS_016,325,True
260708_316_H_b2_front_CBS_016,326,True
260708_316_H_b2_front_CBS_016,329,True
260708_316_H_b2_front_CBS_016,330,True
260708_316_H_b2_front_CBS_016,331,True
260708_316_H_b2_front_CBS_016,332,True
260708_316_H_b2_front_CBS_016,333,True
260708_316_H_b2_front_CBS_012,152,True
260708_316_H_b2_front_CBS_012,152,erased
260708_316_H_b2_front_CBS_012,152,False
260708_316_H_b2_front_CBS_012,161,False
260708_316_H_b2_front_CBS_008,3,True
260708_316_H_b2_front_CBS_008,4,True
260708_316_H_b2_front_CBS_008,5,True
260708_316_H_b2_front_CBS_008,6,True
260708_316_H_b2_front_CBS_008,7,True
260708_316_H_b2_front_CBS_008,13,True
260708_316_H_b2_front_CBS_008,16,True
260708_316_H_b2_front_CBS_008,3,True
260708_316_H_b2_front_CBS_008,5,True
260708_316_H_b2_front_CBS_008,24,True
260708_316_H_b2_front_CBS_007,21,erased
260708_316_H_b2_front_CBS_007,23,erased
260708_316_H_b2_front_CBS_007,28,erased
260708_316_H_b2_front_CBS_007,29,erased
260708_316_H_b2_front_CBS_007,52,erased
260708_316_H_b2_front_CBS_007,54,erased
260708_316_H_b2_front_CBS_007,86,erased
260708_316_H_b2_front_CBS_007,23,True
260708_316_H_b2_front_CBS_007,2091,erased
260708_316_H_b2_front_CBS_016,113,erased
260708_316_H_b2_front_CBS_016,7,False
260708_316_H_b2_front_CBS_016,133,True
260708_316_H_b2_front_CBS_016,157,True
260708_316_H_b2_front_CBS_016,101,True
260708_316_H_b2_front_CBS_016,113,True
260708_316_H_b2_front_CBS_016,2,True
260708_316_H_b2_front_CBS_016,113,True
260708_316_H_b2_front_CBS_016,25,True
260708_316_H_b2_front_CBS_016,290,True
260622_316_H_b2_back_CBS_01,241,erased
260622_316_H_b2_back_CBS_01,438,erased
260622_316_H_b2_back_CBS_01,450,erased
260622_316_H_b2_back_CBS_01,452,erased
260622_316_H_b2_back_CBS_01,453,erased
260622_316_H_b2_back_CBS_01,455,erased
260622_316_H_b2_back_CBS_01,456,erased
260622_316_H_b2_back_CBS_01,460,erased
260622_316_H_b2_back_CBS_01,466,erased
260622_316_H_b2_back_CBS_01,469,erased
260622_316_H_b2_back_CBS_01,905,erased
260622_316_H_b2_back_CBS_01,906,erased
260622_316_H_b2_back_CBS_01,907,erased
260622_316_H_b2_back_CBS_01,908,erased
260622_316_H_b2_back_CBS_01,909,erased
260622_316_H_b2_back_CBS_01,910,erased
260622_316_H_b2_back_CBS_01,941,erased
260708_316_H_b2_front_CBS_003,91,True
260708_316_H_b2_front_CBS_003,96,True
260708_316_H_b2_front_CBS_003,96,False
260708_316_H_b2_front_CBS_003,96,True
260708_316_H_b2_front_CBS_003,108,True
260708_316_H_b2_front_CBS_003,91,True
260708_316_H_b2_front_CBS_003,96,True
260708_316_H_b2_front_CBS_003,100,True
260708_316_H_b2_front_CBS_003,111,True
260708_316_H_b2_front_CBS_003,143,True
260708_316_H_b2_front_CBS_003,145,True
260708_316_H_b2_front_CBS_003,154,True
260708_316_H_b2_front_CBS_003,155,True
260708_316_H_b2_front_CBS_003,156,True
260708_316_H_b2_front_CBS_003,237,True
260708_316_H_b2_front_CBS_003,240,True
260708_316_H_b2_front_CBS_003,243,True
260708_316_H_b2_front_CBS_003,245,True
260708_316_H_b2_front_CBS_003,251,True
260708_316_H_b2_front_CBS_003,96,False
260708_316_H_b2_front_CBS_003,126,False
260622_316_H_b2_back_CBS_01,408,True
260622_316_H_b2_back_CBS_01,408,False
260622_316_H_b2_back_CBS_01,374,True
260622_316_H_b2_back_CBS_01,374,False
260622_316_H_b2_back_CBS_01,374,True
260622_316_H_b2_back_CBS_01,408,True
260622_316_H_b2_back_CBS_01,536,True
260622_316_H_b2_back_CBS_01,503,True
260622_316_H_b2_back_CBS_01,503,False
260622_316_H_b2_back_CBS_01,342,True
260622_316_H_b2_back_CBS_01,503,True
260622_316_H_b2_back_CBS_01,241,True
260622_316_H_b2_back_CBS_01,295,True
260622_316_H_b2_back_CBS_01,373,True
260622_316_H_b2_back_CBS_01,795,True
HIP_24hr_SE_Side_006,8,True
HIP_24hr_SE_Side_006,229,True
HIP_24hr_SE_Side_006,36,True
HIP_24hr_SE_Side_006,40,True
HIP_24hr_SE_Side_006,177,True
HIP_24hr_SE_Side_006,27,True
HIP_24hr_SE_Side_006,46,True
HIP_24hr_SE_Side_006,83,True
HIP_24hr_SE_Side_006,23,True
HIP_24hr_SE_Side_006,148,True
HIP_24hr_SE_Side_006,238,True
HIP_24hr_SE_Side_006,49,True
HIP_24hr_SE_Side_006,152,True
HIP_24hr_SE_Side_006,157,True
HIP_24hr_SE_Side_006,151,True
HIP_24hr_SE_Side_006,161,True
HIP_24hr_SE_Side_006,160,True
MAR_Amb_AS_ETD_0002,1,erased
MAR_Amb_AS_ETD_0002,17,erased
MAR_Amb_AS_ETD_0002,98,erased
MAR_Amb_AS_ETD_0002,144,erased
MAR_Amb_AS_ETD_0002,124,erased
MAR_Amb_AS_ETD_0002,117,erased
MAR_Amb_AS_ETD_0002,191,erased
MAR_Amb_AS_ETD_0002,231,erased
MAR_Amb_AS_ETD_0002,180,erased
MAR_Amb_AS_ETD_0002,174,erased
MAR_Amb_AS_ETD_0002,220,erased
MAR_Amb_AS_ETD_0002,22,True
MAR_Amb_AS_ETD_0002,626,True
MAR_Amb_AS_CBS_0004,622,True
MAR_Amb_AS_CBS_0004,578,True
MAR_Amb_AS_CBS_0004,363,True
MAR_Amb_AS_CBS_0004,204,True
MAR_Amb_AS_CBS_0004,884,True
MAR_Amb_AS_CBS_0004,476,True
MAR_Amb_AS_CBS_0004,799,True
MAR_Amb_AS_CBS_0004,757,True
MAR_Amb_AS_CBS_0004,1014,True
MAR_Amb_AS_CBS_0004,1163,True
MAR_Amb_AS_CBS_0004,825,True
MAR_Amb_AS_CBS_0004,1111,True
MAR_Amb_AS_CBS_0004,1148,True
MAR_Amb_AS_CBS_0004,33,True
MAR_Amb_AS_CBS_0004,898,True
MAR_Amb_AS_CBS_0004,918,True
MAR_Amb_AS_CBS_0004,317,True
MAR_Amb_AS_CBS_0004,924,True
MAR_Amb_AS_CBS_0004,14,True
MAR_Amb_AS_CBS_0004,574,True
MAR_Amb_AS_CBS_0003,1036,True
MAR_Amb_AS_CBS_0003,1110,True
MAR_Amb_AS_CBS_0003,867,True
MAR_Amb_AS_CBS_0003,731,True
MAR_Amb_AS_CBS_0003,713,True
MAR_Amb_AS_CBS_0003,921,True
MAR_Amb_AS_CBS_0003,1028,True
MAR_Amb_AS_CBS_0003,965,True
MAR_Amb_AS_CBS_0003,688,True
MAR_Amb_AS_CBS_0003,1147,True
MAR_Amb_AS_CBS_0003,910,True
MAR_Amb_AS_CBS_0003,1021,True
MAR_Amb_AS_CBS_0003,535,True
MAR_Amb_AS_CBS_0003,10,erased
MAR_Amb_AS_CBS_0003,7,erased
MAR_Amb_AS_CBS_0003,2,erased
MAR_Amb_AS_CBS_0003,46,erased
MAR_Amb_AS_CBS_0003,82,erased
MAR_Amb_AS_CBS_0003,1,erased
MAR_Amb_HIP_ETD_0005,99,True
MAR_Amb_HIP_ETD_0005,128,True
MAR_Amb_HIP_ETD_0005,7,True
MAR_Amb_HIP_ETD_0005,46,True
MAR_Amb_HIP_ETD_0005,468,erased
MAR_Amb_HIP_ETD_0005,477,erased
MAR_Amb_HIP_ETD_0005,506,erased
MAR_Amb_HIP_ETD_0005,507,erased
MAR_Amb_HIP_ETD_0005,502,erased
MAR_Amb_HIP_ETD_0005,509,erased
MAR_Amb_Cast_ETD_0003,60,True
MAR_Amb_Cast_ETD_0003,25,True
MAR_Amb_Cast_ETD_0003,24,True
MAR_Amb_Cast_ETD_0003,226,True
MAR_Amb_Cast_ETD_0003,238,True
MAR_Amb_Cast_ETD_0003,72,True
MAR_Amb_Cast_ETD_0003,185,True
MAR_Amb_Cast_ETD_0003,171,True
MAR_Amb_Cast_ETD_0003,147,True
MAR_Amb_Cast_ETD_0003,374,True
MAR_Amb_Cast_ETD_0003,49,True
MAR_Amb_Cast_ETD_0003,322,True
MAR_Amb_Cast_ETD_0003,175,True
MAR_Amb_Cast_ETD_0003,161,True
MAR_Amb_Cast_ETD_0003,114,True
MAR_Amb_Cast_ETD_0003,154,True
MAR_Amb_Cast_ETD_0003,158,True
MAR_Amb_Cast_ETD_0003,28,True
AS_24hr_BSE_Side_008,1,True
AS_24hr_BSE_Side_008,2,True
AS_24hr_BSE_Side_008,3,True
AS_24hr_BSE_Side_008,4,True
AS_24hr_BSE_Side_008,5,True
AS_24hr_BSE_Side_008,8,True
AS_24hr_BSE_Side_008,9,True
AS_24hr_BSE_Side_008,11,True
AS_24hr_BSE_Side_008,13,True
AS_24hr_BSE_Side_008,14,True
AS_24hr_BSE_Side_008,15,True
AS_24hr_BSE_Side_008,17,True
AS_24hr_BSE_Side_008,18,True
AS_24hr_BSE_Side_008,31,True
AS_24hr_BSE_Side_008,35,True
AS_24hr_BSE_Side_008,39,True
AS_24hr_BSE_Side_008,47,True
AS_24hr_BSE_Side_008,61,True
AS_24hr_BSE_Side_008,65,True
AS_24hr_BSE_Side_008,69,True
AS_24hr_BSE_Side_008,73,True
AS_24hr_BSE_Side_008,78,True
AS_24hr_BSE_Side_008,82,True
AS_24hr_BSE_Side_008,84,True
AS_24hr_BSE_Side_008,85,True
AS_24hr_BSE_Side_008,86,True
AS_24hr_BSE_Side_008,88,True
AS_24hr_BSE_Side_008,91,True
AS_24hr_BSE_Side_008,92,True
AS_24hr_BSE_Side_008,93,True
AS_24hr_BSE_Side_008,95,True
AS_24hr_BSE_Side_008,100,True
AS_24hr_BSE_Side_008,103,True
AS_24hr_BSE_Side_008,105,True
AS_24hr_BSE_Side_008,108,True
AS_24hr_BSE_Side_008,114,True
AS_24hr_BSE_Side_008,116,True
AS_24hr_BSE_Side_008,118,True
AS_24hr_BSE_Side_008,130,True
AS_24hr_BSE_Side_008,136,True
AS_24hr_BSE_Side_008,137,True
AS_24hr_BSE_Side_008,140,True
AS_24hr_BSE_Side_008,142,True
AS_24hr_BSE_Side_008,144,True
AS_24hr_BSE_Side_008,152,True
AS_24hr_BSE_Side_008,157,True
AS_24hr_BSE_Side_008,160,True
AS_24hr_BSE_Side_008,164,True
AS_24hr_BSE_Side_008,165,True
AS_24hr_BSE_Side_008,170,True
AS_24hr_BSE_Side_008,173,True
AS_24hr_BSE_Side_008,174,True
AS_24hr_BSE_Side_008,177,True
AS_24hr_BSE_Side_008,183,True
AS_24hr_BSE_Side_008,184,True
AS_24hr_BSE_Side_008,185,True
AS_24hr_BSE_Side_008,189,True
AS_24hr_BSE_Side_008,191,True
AS_24hr_BSE_Side_008,194,True
AS_24hr_BSE_Side_008,195,True
AS_24hr_BSE_Side_008,212,True
AS_24hr_BSE_Side_008,218,True
AS_24hr_BSE_Side_008,227,True
AS_24hr_BSE_Side_008,228,True
AS_24hr_BSE_Side_008,230,True
AS_24hr_BSE_Side_008,233,True
AS_24hr_BSE_Side_008,237,True
AS_24hr_BSE_Side_008,239,True
AS_24hr_BSE_Side_008,240,True
AS_24hr_BSE_Side_008,241,True
AS_24hr_BSE_Side_008,243,True
AS_24hr_BSE_Side_008,249,True
AS_24hr_BSE_Side_008,250,True
AS_24hr_BSE_Side_008,251,True
AS_24hr_BSE_Side_008,262,True
AS_24hr_BSE_Side_008,263,True
AS_24hr_BSE_Side_008,265,True
AS_24hr_BSE_Side_008,268,True
AS_24hr_BSE_Side_008,272,True
AS_24hr_BSE_Side_008,275,True
AS_24hr_BSE_Side_008,277,True
AS_24hr_BSE_Side_008,278,True
AS_24hr_BSE_Side_008,280,True
AS_24hr_BSE_Side_008,281,True
AS_24hr_BSE_Side_008,284,True
AS_24hr_BSE_Side_008,290,True
AS_24hr_BSE_Side_008,294,True
AS_24hr_BSE_Side_008,302,True
AS_24hr_BSE_Side_008,308,True
AS_24hr_BSE_Side_008,311,True
AS_24hr_BSE_Side_008,316,True
AS_24hr_BSE_Side_008,317,True
AS_24hr_BSE_Side_008,319,True
AS_24hr_BSE_Side_008,324,True
AS_24hr_BSE_Side_008,326,True
AS_24hr_BSE_Side_008,328,True
AS_24hr_BSE_Side_008,329,True
AS_24hr_BSE_Side_008,330,True
AS_24hr_BSE_Side_008,337,True
AS_24hr_BSE_Side_008,346,True
AS_24hr_BSE_Side_008,354,True
AS_24hr_BSE_Side_008,361,True
AS_24hr_BSE_Side_008,362,True
AS_24hr_BSE_Side_008,366,True
AS_24hr_BSE_Side_008,367,True
AS_24hr_BSE_Side_008,373,True
AS_24hr_BSE_Side_008,375,True
AS_24hr_BSE_Side_008,379,True
AS_24hr_BSE_Side_008,381,True
AS_24hr_BSE_Side_008,384,True
AS_24hr_BSE_Side_008,389,True
AS_24hr_BSE_Side_008,402,True
AS_24hr_BSE_Side_008,405,True
AS_24hr_BSE_Side_008,408,True
AS_24hr_BSE_Side_008,417,True
AS_24hr_BSE_Side_008,422,True
AS_24hr_BSE_Side_008,424,True
AS_24hr_BSE_Side_008,431,True
AS_24hr_BSE_Side_008,435,True
AS_24hr_BSE_Side_008,438,True
AS_24hr_BSE_Side_008,446,True
AS_24hr_BSE_Side_008,453,True
AS_24hr_BSE_Side_008,457,True
AS_24hr_BSE_Side_008,459,True
AS_24hr_BSE_Side_008,469,True
AS_24hr_BSE_Side_008,481,True
AS_24hr_BSE_Side_008,483,True
AS_24hr_BSE_Side_008,484,True
AS_24hr_BSE_Side_008,485,True
AS_24hr_BSE_Side_008,486,True
AS_24hr_BSE_Side_008,488,True
AS_24hr_BSE_Side_008,499,True
AS_24hr_BSE_Side_008,507,True
AS_24hr_BSE_Side_008,512,True
AS_24hr_BSE_Side_008,524,True
AS_24hr_BSE_Side_008,527,True
AS_24hr_BSE_Side_008,531,True
AS_24hr_BSE_Side_008,536,True
AS_24hr_BSE_Side_008,545,True
AS_24hr_BSE_Side_008,550,True
AS_24hr_BSE_Side_008,557,True
AS_24hr_BSE_Side_008,560,True
AS_24hr_BSE_Side_008,561,True
AS_24hr_BSE_Side_008,565,True
AS_24hr_BSE_Side_008,571,True
AS_24hr_BSE_Side_008,573,True
AS_24hr_BSE_Side_008,574,True
AS_24hr_BSE_Side_008,578,True
AS_24hr_BSE_Side_008,595,True
AS_24hr_BSE_Side_008,596,True
AS_24hr_BSE_Side_008,602,True
AS_24hr_BSE_Side_008,605,True
AS_24hr_BSE_Side_008,614,True
AS_24hr_BSE_Side_008,618,True
AS_24hr_BSE_Side_008,620,True
AS_24hr_BSE_Side_008,623,True
AS_24hr_BSE_Side_008,629,True
AS_24hr_BSE_Side_008,630,True
AS_24hr_BSE_Side_008,663,True
AS_24hr_BSE_Side_008,668,True
AS_24hr_BSE_Side_008,672,True
AS_24hr_BSE_Side_008,673,True
AS_24hr_BSE_Side_008,676,True
AS_24hr_BSE_Side_008,678,True
AS_24hr_BSE_Side_008,684,True
AS_24hr_BSE_Side_008,688,True
AS_24hr_BSE_Side_008,696,True
AS_24hr_BSE_Side_008,702,True
AS_24hr_BSE_Side_008,704,True
AS_24hr_BSE_Side_008,713,True
AS_24hr_BSE_Side_008,717,True
AS_24hr_BSE_Side_008,718,True
AS_24hr_BSE_Side_008,719,True
AS_24hr_BSE_Side_008,720,True
AS_24hr_BSE_Side_008,721,True
AS_24hr_BSE_Side_008,728,True
AS_24hr_BSE_Side_008,735,True
AS_24hr_BSE_Side_008,736,True
AS_24hr_BSE_Side_008,740,True
AS_24hr_BSE_Side_008,745,True
AS_24hr_BSE_Side_008,746,True
AS_24hr_BSE_Side_008,750,True
AS_24hr_BSE_Side_008,756,True
AS_24hr_BSE_Side_008,758,True
AS_24hr_BSE_Side_008,761,True
AS_24hr_BSE_Side_008,764,True
AS_24hr_BSE_Side_008,767,True
AS_24hr_BSE_Side_008,768,True
AS_24hr_BSE_Side_008,770,True
AS_24hr_BSE_Side_008,780,True
AS_24hr_BSE_Side_008,783,True
AS_24hr_BSE_Side_008,787,True
AS_24hr_BSE_Side_008,799,True
AS_24hr_BSE_Side_008,803,True
AS_24hr_BSE_Side_008,804,True
AS_24hr_BSE_Side_008,807,True
AS_24hr_BSE_Side_008,818,True
AS_24hr_BSE_Side_008,819,True
AS_24hr_BSE_Side_008,822,True
AS_24hr_BSE_Side_008,824,True
AS_24hr_BSE_Side_008,827,True
AS_24hr_BSE_Side_008,830,True
AS_24hr_BSE_Side_008,836,True
AS_24hr_BSE_Side_008,841,True
AS_24hr_BSE_Side_008,846,True
AS_24hr_BSE_Side_008,851,True
AS_24hr_BSE_Side_008,855,True
AS_24hr_BSE_Side_008,857,True
AS_24hr_BSE_Side_008,887,True
AS_24hr_BSE_Side_008,905,True
AS_24hr_BSE_Side_008,907,True
AS_24hr_BSE_Side_008,910,True
AS_24hr_BSE_Side_008,912,True
AS_24hr_BSE_Side_008,915,True
AS_24hr_BSE_Side_008,917,True
AS_24hr_BSE_Side_008,918,True
AS_24hr_BSE_Side_008,919,True
AS_24hr_BSE_Side_008,921,True
AS_24hr_BSE_Side_008,922,True
AS_24hr_BSE_Side_008,926,True
AS_24hr_BSE_Side_008,927,True
AS_24hr_BSE_Side_008,938,True
AS_24hr_BSE_Side_008,939,True
AS_24hr_BSE_Side_008,952,True
AS_24hr_BSE_Side_008,953,True
AS_24hr_BSE_Side_008,957,True
AS_24hr_BSE_Side_008,958,True
AS_24hr_BSE_Side_008,962,True
AS_24hr_BSE_Side_008,965,True
AS_24hr_BSE_Side_008,966,True
AS_24hr_BSE_Side_008,969,True
AS_24hr_BSE_Side_008,971,True
AS_24hr_BSE_Side_008,974,True
AS_24hr_BSE_Side_008,975,True
AS_24hr_BSE_Side_008,978,True
AS_24hr_BSE_Side_008,984,True
AS_24hr_BSE_Side_008,986,True
AS_24hr_BSE_Side_008,1000,True
AS_24hr_BSE_Side_008,1020,True
AS_24hr_BSE_Side_008,1033,True
AS_24hr_BSE_Side_008,1037,True
AS_24hr_BSE_Side_008,1038,True
AS_24hr_BSE_Side_008,1048,True
AS_24hr_BSE_Side_008,1052,True
AS_24hr_BSE_Side_008,1056,True
AS_24hr_BSE_Side_008,1060,True
AS_24hr_BSE_Side_008,1068,True
AS_24hr_BSE_Side_008,1078,True
AS_24hr_BSE_Side_008,1080,True
AS_24hr_BSE_Side_008,1093,True
AS_24hr_BSE_Side_008,1094,True
AS_24hr_BSE_Side_008,1098,True
AS_24hr_BSE_Side_008,1100,True
AS_24hr_BSE_Side_008,1104,True
AS_24hr_BSE_Side_008,1112,True
AS_24hr_BSE_Side_008,1120,True
AS_24hr_BSE_Side_008,1125,True
AS_24hr_BSE_Side_008,1134,True
AS_24hr_BSE_Side_008,1136,True
AS_24hr_BSE_Side_008,1182,True
AS_24hr_BSE_Side_008,1212,True
AS_24hr_BSE_Side_008,1244,True
MAR_Amb_HIP_ETD_0005,275,False
Cast_24hr_SE_Side_006,477,True
Cast_24hr_SE_Side_006,471,True
MAR_Amb_AS_ETD_0003,141,erased
MAR_Amb_AS_ETD_0003,120,erased
MAR_Amb_AS_ETD_0003,158,erased
MAR_Amb_AS_ETD_0003,101,erased
MAR_Amb_AS_ETD_0003,140,erased
MAR_Amb_AS_ETD_0003,120,True
MAR_Amb_AS_ETD_0003,101,True
MAR_Amb_AS_ETD_0003,162,True
MAR_Amb_AS_ETD_0003,145,True
MAR_Amb_AS_ETD_0003,158,True
MAR_Amb_AS_ETD_0003,120,True
MAR_Amb_AS_ETD_0003,141,True
MAR_Amb_AS_ETD_0003,174,True
MAR_Amb_AS_ETD_0003,173,True
MAR_Amb_AS_ETD_0003,140,True
MAR_Amb_AS_ETD_0003,138,True
MAR_Amb_AS_ETD_0003,152,True
MAR_Amb_AS_ETD_0003,172,True
MAR_Amb_AS_ETD_0003,116,True
MAR_Amb_AS_ETD_0003,150,True
MAR_Amb_AS_ETD_0003,95,True
MAR_Amb_AS_ETD_0003,134,True
MAR_Amb_AS_ETD_0003,125,True
MAR_Amb_AS_ETD_0003,160,True
MAR_Amb_AS_ETD_0003,2,True
MAR_Amb_AS_ETD_0003,3,True
MAR_Amb_AS_ETD_0003,4,True
MAR_Amb_AS_ETD_0003,5,True
MAR_Amb_AS_ETD_0003,6,True
MAR_Amb_AS_ETD_0003,7,True
MAR_Amb_AS_ETD_0003,9,True
MAR_Amb_AS_ETD_0003,10,True
MAR_Amb_AS_ETD_0003,11,True
MAR_Amb_AS_ETD_0003,12,True
MAR_Amb_AS_ETD_0003,14,True
MAR_Amb_AS_ETD_0003,15,True
MAR_Amb_AS_ETD_0003,16,True
MAR_Amb_AS_ETD_0003,17,True
MAR_Amb_AS_ETD_0003,18,True
MAR_Amb_AS_ETD_0003,20,True
MAR_Amb_AS_ETD_0003,21,True
MAR_Amb_AS_ETD_0003,24,True
MAR_Amb_AS_ETD_0003,25,True
MAR_Amb_AS_ETD_0003,26,True
MAR_Amb_AS_ETD_0003,27,True
MAR_Amb_AS_ETD_0003,28,True
MAR_Amb_AS_ETD_0003,29,True
MAR_Amb_AS_ETD_0003,30,True
MAR_Amb_AS_ETD_0003,32,True
MAR_Amb_AS_ETD_0003,33,True
MAR_Amb_AS_ETD_0003,34,True
MAR_Amb_AS_ETD_0003,36,True
MAR_Amb_AS_ETD_0003,38,True
MAR_Amb_AS_ETD_0003,40,True
MAR_Amb_AS_ETD_0003,41,True
MAR_Amb_AS_ETD_0003,46,True
MAR_Amb_AS_ETD_0003,52,True
MAR_Amb_AS_ETD_0003,67,True
MAR_Amb_AS_ETD_0003,80,True
MAR_Amb_AS_ETD_0003,81,True
MAR_Amb_AS_ETD_0003,82,True
MAR_Amb_AS_ETD_0003,83,True
MAR_Amb_AS_ETD_0003,84,True
MAR_Amb_AS_ETD_0003,97,True
MAR_Amb_AS_ETD_0003,99,True
MAR_Amb_AS_ETD_0003,143,True
MAR_Amb_AS_ETD_0003,257,True
MAR_Amb_AS_ETD_0003,258,True
MAR_Amb_AS_ETD_0003,259,True
MAR_Amb_AS_ETD_0003,260,True
MAR_Amb_AS_ETD_0003,261,True
MAR_Amb_AS_ETD_0003,262,True
MAR_Amb_AS_ETD_0003,263,True
MAR_Amb_AS_ETD_0003,264,True
MAR_Amb_AS_ETD_0003,265,True
MAR_Amb_AS_ETD_0003,266,True
MAR_Amb_AS_ETD_0003,267,True
MAR_Amb_AS_ETD_0003,270,True
MAR_Amb_AS_ETD_0003,271,True
MAR_Amb_AS_ETD_0003,272,True
MAR_Amb_AS_ETD_0003,273,True
MAR_Amb_AS_ETD_0003,274,True
MAR_Amb_AS_ETD_0003,275,True
MAR_Amb_AS_ETD_0003,276,True
MAR_Amb_AS_ETD_0003,277,True
MAR_Amb_AS_ETD_0003,278,True
MAR_Amb_AS_ETD_0003,279,True
MAR_Amb_AS_ETD_0003,280,True
MAR_Amb_AS_ETD_0003,281,True
MAR_Amb_AS_ETD_0003,282,True
MAR_Amb_AS_ETD_0003,283,True
MAR_Amb_AS_ETD_0003,284,True
MAR_Amb_AS_ETD_0003,285,True
MAR_Amb_AS_ETD_0003,286,True
MAR_Amb_AS_ETD_0003,287,True
MAR_Amb_AS_ETD_0003,288,True
MAR_Amb_AS_ETD_0003,289,True
MAR_Amb_AS_ETD_0003,290,True
MAR_Amb_AS_ETD_0003,291,True
MAR_Amb_AS_ETD_0003,292,True
MAR_Amb_AS_ETD_0003,293,True
MAR_Amb_AS_ETD_0003,294,True
MAR_Amb_AS_ETD_0003,295,True
MAR_Amb_AS_ETD_0003,296,True
MAR_Amb_AS_ETD_0003,297,True
MAR_Amb_AS_ETD_0003,298,True
MAR_Amb_AS_ETD_0003,299,True
MAR_Amb_AS_ETD_0003,300,True
MAR_Amb_AS_ETD_0003,301,True
MAR_Amb_AS_ETD_0003,302,True
MAR_Amb_AS_ETD_0003,303,True
MAR_Amb_AS_ETD_0003,304,True
MAR_Amb_AS_ETD_0003,305,True
MAR_Amb_AS_ETD_0003,306,True
MAR_Amb_AS_ETD_0003,307,True
MAR_Amb_AS_ETD_0003,308,True
MAR_Amb_AS_ETD_0003,309,True
MAR_Amb_AS_ETD_0003,311,True
MAR_Amb_AS_ETD_0003,312,True
MAR_Amb_AS_ETD_0003,313,True
MAR_Amb_AS_ETD_0003,314,True
MAR_Amb_AS_ETD_0003,315,True
MAR_Amb_AS_ETD_0003,316,True
MAR_Amb_AS_ETD_0003,317,True
MAR_Amb_AS_ETD_0003,318,True
MAR_Amb_AS_ETD_0003,319,True
MAR_Amb_AS_ETD_0003,320,True
MAR_Amb_AS_ETD_0003,321,True
MAR_Amb_AS_ETD_0003,322,True
MAR_Amb_AS_ETD_0003,323,True
MAR_Amb_AS_ETD_0003,324,True
MAR_Amb_AS_ETD_0003,325,True
MAR_Amb_AS_ETD_0003,326,True
MAR_Amb_AS_ETD_0003,327,True
MAR_Amb_AS_ETD_0003,328,True
MAR_Amb_AS_ETD_0003,329,True
MAR_Amb_AS_ETD_0003,330,True
MAR_Amb_AS_ETD_0003,331,True
MAR_Amb_AS_ETD_0003,332,True
MAR_Amb_AS_ETD_0003,334,True
MAR_Amb_AS_ETD_0003,336,True
MAR_Amb_AS_ETD_0003,338,True
MAR_Amb_AS_ETD_0003,340,True
MAR_Amb_AS_ETD_0003,341,True
MAR_Amb_AS_ETD_0003,342,True
MAR_Amb_AS_ETD_0003,345,True
MAR_Amb_AS_ETD_0003,365,True
MAR_Amb_AS_ETD_0003,366,True
MAR_Amb_AS_ETD_0003,367,True
MAR_Amb_AS_ETD_0003,368,True
MAR_Amb_AS_ETD_0003,369,True
MAR_Amb_AS_ETD_0003,370,True
MAR_Amb_AS_ETD_0003,371,True
MAR_Amb_AS_ETD_0003,372,True
MAR_Amb_AS_ETD_0003,374,True
MAR_Amb_AS_ETD_0003,375,True
MAR_Amb_AS_ETD_0003,376,True
MAR_Amb_AS_ETD_0003,377,True
MAR_Amb_AS_ETD_0003,378,True
MAR_Amb_AS_ETD_0003,379,True
MAR_Amb_AS_ETD_0003,380,True
MAR_Amb_AS_ETD_0003,381,True
MAR_Amb_AS_ETD_0003,384,True
MAR_Amb_AS_ETD_0003,388,True
MAR_Amb_AS_ETD_0003,389,True
MAR_Amb_AS_ETD_0003,397,True
MAR_Amb_AS_ETD_0003,439,True
MAR_Amb_AS_ETD_0003,440,True
MAR_Amb_AS_ETD_0003,453,True
MAR_Amb_AS_ETD_0003,455,True
MAR_Amb_AS_ETD_0003,1,erased
MAR_Amb_AS_ETD_0003,4,erased
MAR_Amb_AS_ETD_0003,5,erased
MAR_Amb_AS_ETD_0003,8,erased
MAR_Amb_AS_ETD_0003,11,erased
MAR_Amb_AS_ETD_0003,13,erased
MAR_Amb_AS_ETD_0003,16,erased
MAR_Amb_AS_ETD_0003,18,erased
MAR_Amb_AS_ETD_0003,19,erased
MAR_Amb_AS_ETD_0003,21,erased
MAR_Amb_AS_ETD_0003,22,erased
MAR_Amb_AS_ETD_0003,23,erased
MAR_Amb_AS_ETD_0003,28,erased
MAR_Amb_AS_ETD_0003,31,erased
MAR_Amb_AS_ETD_0003,33,erased
MAR_Amb_AS_ETD_0003,35,erased
MAR_Amb_AS_ETD_0003,36,erased
MAR_Amb_AS_ETD_0003,37,erased
MAR_Amb_AS_ETD_0003,39,erased
MAR_Amb_AS_ETD_0003,42,erased
MAR_Amb_AS_ETD_0003,43,erased
MAR_Amb_AS_ETD_0003,45,erased
MAR_Amb_AS_ETD_0003,47,erased
MAR_Amb_AS_ETD_0003,48,erased
MAR_Amb_AS_ETD_0003,49,erased
MAR_Amb_AS_ETD_0003,50,erased
MAR_Amb_AS_ETD_0003,51,erased
MAR_Amb_AS_ETD_0003,54,erased
MAR_Amb_AS_ETD_0003,56,erased
MAR_Amb_AS_ETD_0003,59,erased
MAR_Amb_AS_ETD_0003,60,erased
MAR_Amb_AS_ETD_0003,61,erased
MAR_Amb_AS_ETD_0003,62,erased
MAR_Amb_AS_ETD_0003,63,erased
MAR_Amb_AS_ETD_0003,64,erased
MAR_Amb_AS_ETD_0003,65,erased
MAR_Amb_AS_ETD_0003,66,erased
MAR_Amb_AS_ETD_0003,67,erased
MAR_Amb_AS_ETD_0003,68,erased
MAR_Amb_AS_ETD_0003,69,erased
MAR_Amb_AS_ETD_0003,70,erased
MAR_Amb_AS_ETD_0003,71,erased
MAR_Amb_AS_ETD_0003,72,erased
MAR_Amb_AS_ETD_0003,73,erased
MAR_Amb_AS_ETD_0003,74,erased
MAR_Amb_AS_ETD_0003,75,erased
MAR_Amb_AS_ETD_0003,76,erased
MAR_Amb_AS_ETD_0003,77,erased
MAR_Amb_AS_ETD_0003,78,erased
MAR_Amb_AS_ETD_0003,79,erased
MAR_Amb_AS_ETD_0003,186,erased
MAR_Amb_AS_ETD_0003,187,erased
MAR_Amb_AS_ETD_0003,188,erased
MAR_Amb_AS_ETD_0003,189,erased
MAR_Amb_AS_ETD_0003,190,erased
MAR_Amb_AS_ETD_0003,191,erased
MAR_Amb_AS_ETD_0003,192,erased
MAR_Amb_AS_ETD_0003,193,erased
MAR_Amb_AS_ETD_0003,194,erased
MAR_Amb_AS_ETD_0003,195,erased
MAR_Amb_AS_ETD_0003,196,erased
MAR_Amb_AS_ETD_0003,197,erased
MAR_Amb_AS_ETD_0003,198,erased
MAR_Amb_AS_ETD_0003,199,erased
MAR_Amb_AS_ETD_0003,200,erased
MAR_Amb_AS_ETD_0003,201,erased
MAR_Amb_AS_ETD_0003,202,erased
MAR_Amb_AS_ETD_0003,203,erased
MAR_Amb_AS_ETD_0003,204,erased
MAR_Amb_AS_ETD_0003,205,erased
MAR_Amb_AS_ETD_0003,206,erased
MAR_Amb_AS_ETD_0003,207,erased
MAR_Amb_AS_ETD_0003,208,erased
MAR_Amb_AS_ETD_0003,209,erased
MAR_Amb_AS_ETD_0003,210,erased
MAR_Amb_AS_ETD_0003,211,erased
MAR_Amb_AS_ETD_0003,212,erased
MAR_Amb_AS_ETD_0003,213,erased
MAR_Amb_AS_ETD_0003,214,erased
MAR_Amb_AS_ETD_0003,215,erased
MAR_Amb_AS_ETD_0003,216,erased
MAR_Amb_AS_ETD_0003,217,erased
MAR_Amb_AS_ETD_0003,218,erased
MAR_Amb_AS_ETD_0003,219,erased
MAR_Amb_AS_ETD_0003,220,erased
MAR_Amb_AS_ETD_0003,221,erased
MAR_Amb_AS_ETD_0003,222,erased
MAR_Amb_AS_ETD_0003,223,erased
MAR_Amb_AS_ETD_0003,224,erased
MAR_Amb_AS_ETD_0003,225,erased
MAR_Amb_AS_ETD_0003,226,erased
MAR_Amb_AS_ETD_0003,227,erased
MAR_Amb_AS_ETD_0003,228,erased
MAR_Amb_AS_ETD_0003,229,erased
MAR_Amb_AS_ETD_0003,230,erased
MAR_Amb_AS_ETD_0003,231,erased
MAR_Amb_AS_ETD_0003,232,erased
MAR_Amb_AS_ETD_0003,233,erased
MAR_Amb_AS_ETD_0003,234,erased
MAR_Amb_AS_ETD_0003,235,erased
MAR_Amb_AS_ETD_0003,236,erased
MAR_Amb_AS_ETD_0003,237,erased
MAR_Amb_AS_ETD_0003,238,erased
MAR_Amb_AS_ETD_0003,239,erased
MAR_Amb_AS_ETD_0003,240,erased
MAR_Amb_AS_ETD_0003,241,erased
MAR_Amb_AS_ETD_0003,242,erased
MAR_Amb_AS_ETD_0003,243,erased
MAR_Amb_AS_ETD_0003,244,erased
MAR_Amb_AS_ETD_0003,245,erased
MAR_Amb_AS_ETD_0003,246,erased
MAR_Amb_AS_ETD_0003,247,erased
MAR_Amb_AS_ETD_0003,248,erased
MAR_Amb_AS_ETD_0003,249,erased
MAR_Amb_AS_ETD_0003,250,erased
MAR_Amb_AS_ETD_0003,251,erased
MAR_Amb_AS_ETD_0003,252,erased
MAR_Amb_AS_ETD_0003,253,erased
MAR_Amb_AS_ETD_0003,254,erased
MAR_Amb_AS_ETD_0003,255,erased
MAR_Amb_AS_ETD_0003,256,erased
MAR_Amb_AS_ETD_0003,354,erased
MAR_Amb_AS_ETD_0003,355,erased
MAR_Amb_AS_ETD_0003,373,erased
MAR_Amb_AS_ETD_0003,382,erased
MAR_Amb_AS_ETD_0003,383,erased
MAR_Amb_AS_ETD_0003,385,erased
MAR_Amb_AS_ETD_0003,386,erased
MAR_Amb_AS_ETD_0003,387,erased
MAR_Amb_AS_ETD_0003,390,erased
MAR_Amb_AS_ETD_0003,391,erased
MAR_Amb_AS_ETD_0003,392,erased
MAR_Amb_AS_ETD_0003,393,erased
MAR_Amb_AS_ETD_0003,394,erased
MAR_Amb_AS_ETD_0003,398,erased
MAR_Amb_AS_ETD_0003,399,erased
MAR_Amb_AS_ETD_0003,400,erased
MAR_Amb_AS_ETD_0003,401,erased
MAR_Amb_AS_ETD_0003,402,erased
MAR_Amb_AS_ETD_0003,404,erased
MAR_Amb_AS_ETD_0003,405,erased
MAR_Amb_AS_ETD_0003,406,erased
MAR_Amb_AS_ETD_0003,407,erased
MAR_Amb_AS_ETD_0003,408,erased
MAR_Amb_AS_ETD_0003,409,erased
MAR_Amb_AS_ETD_0003,410,erased
MAR_Amb_AS_ETD_0003,411,erased
MAR_Amb_AS_ETD_0003,412,erased
MAR_Amb_AS_ETD_0003,413,erased
MAR_Amb_AS_ETD_0003,414,erased
MAR_Amb_AS_ETD_0003,415,erased
MAR_Amb_AS_ETD_0003,416,erased
MAR_Amb_AS_ETD_0003,417,erased
MAR_Amb_AS_ETD_0003,418,erased
MAR_Amb_AS_ETD_0003,419,erased
MAR_Amb_AS_ETD_0003,420,erased
MAR_Amb_AS_ETD_0003,421,erased
MAR_Amb_AS_ETD_0003,422,erased
MAR_Amb_AS_ETD_0003,423,erased
MAR_Amb_AS_ETD_0003,424,erased
MAR_Amb_AS_ETD_0003,425,erased
MAR_Amb_AS_ETD_0003,426,erased
MAR_Amb_AS_ETD_0003,427,erased
MAR_Amb_AS_ETD_0003,428,erased
MAR_Amb_AS_ETD_0003,429,erased
MAR_Amb_AS_ETD_0003,430,erased
MAR_Amb_AS_ETD_0003,431,erased
MAR_Amb_AS_ETD_0003,432,erased
MAR_Amb_AS_ETD_0003,433,erased
MAR_Amb_AS_ETD_0003,434,erased
MAR_Amb_AS_ETD_0003,435,erased
MAR_Amb_AS_ETD_0003,436,erased
MAR_Amb_AS_ETD_0003,437,erased
MAR_Amb_AS_ETD_0003,438,erased
MAR_Amb_AS_ETD_0003,441,erased
MAR_Amb_AS_ETD_0003,442,erased
MAR_Amb_AS_ETD_0003,443,erased
MAR_Amb_AS_ETD_0003,444,erased
MAR_Amb_AS_ETD_0003,445,erased
MAR_Amb_AS_ETD_0003,446,erased
MAR_Amb_AS_ETD_0003,447,erased
MAR_Amb_AS_ETD_0003,448,erased
MAR_Amb_AS_ETD_0003,449,erased
MAR_Amb_AS_ETD_0003,450,erased
MAR_Amb_AS_ETD_0003,451,erased
MAR_Amb_AS_ETD_0003,454,erased
MAR_Amb_AS_ETD_0003,455,erased
MAR_Amb_HIP_CBS_0010,22,True
MAR_Amb_HIP_CBS_0010,25,True
MAR_Amb_HIP_CBS_0010,59,True
MAR_Amb_HIP_CBS_0010,73,True
MAR_Amb_HIP_CBS_0010,76,True
MAR_Amb_HIP_CBS_0010,78,True
MAR_Amb_HIP_CBS_0010,83,True
MAR_Amb_HIP_CBS_0010,91,True
MAR_Amb_HIP_CBS_0010,99,True
MAR_Amb_HIP_CBS_0010,102,True
MAR_Amb_HIP_CBS_0010,117,True
MAR_Amb_HIP_CBS_0010,151,True
MAR_Amb_HIP_CBS_0010,161,True
MAR_Amb_HIP_CBS_0010,165,True
MAR_Amb_HIP_CBS_0010,166,True
MAR_Amb_HIP_CBS_0010,169,True
MAR_Amb_HIP_CBS_0010,181,True
MAR_Amb_HIP_CBS_0010,267,True
MAR_Amb_HIP_CBS_0010,290,True
MAR_Amb_HIP_CBS_0010,304,True
MAR_Amb_HIP_CBS_0010,310,True
MAR_Amb_HIP_CBS_0010,315,True
MAR_Amb_HIP_CBS_0010,327,True
MAR_Amb_HIP_CBS_0010,335,True
MAR_Amb_HIP_CBS_0010,339,True
MAR_Amb_HIP_CBS_0010,375,True
MAR_Amb_HIP_CBS_0010,385,True
MAR_Amb_HIP_CBS_0010,392,True
MAR_Amb_HIP_CBS_0010,397,True
MAR_Amb_HIP_CBS_0010,398,True
MAR_Amb_HIP_CBS_0010,400,True
MAR_Amb_HIP_CBS_0010,402,True
MAR_Amb_HIP_CBS_0010,405,True
MAR_Amb_HIP_CBS_0010,408,True
MAR_Amb_HIP_CBS_0010,409,True
MAR_Amb_HIP_CBS_0010,410,True
MAR_Amb_HIP_CBS_0010,414,True
MAR_Amb_HIP_CBS_0010,416,True
MAR_Amb_HIP_CBS_0010,417,True
MAR_Amb_HIP_CBS_0010,421,True
MAR_Amb_HIP_CBS_0010,422,True
MAR_Amb_HIP_CBS_0010,424,True
MAR_Amb_HIP_CBS_0010,438,True
MAR_Amb_HIP_CBS_0010,441,True
MAR_Amb_HIP_CBS_0010,447,True
MAR_Amb_HIP_CBS_0010,459,True
MAR_Amb_HIP_CBS_0010,460,True
MAR_Amb_HIP_CBS_0010,469,True
MAR_Amb_HIP_CBS_0010,482,True
MAR_Amb_HIP_CBS_0010,489,True
MAR_Amb_HIP_CBS_0010,494,True
MAR_Amb_HIP_CBS_0010,580,True
MAR_Amb_HIP_CBS_0010,581,True
MAR_Amb_HIP_CBS_0010,582,True
MAR_Amb_HIP_CBS_0010,602,True
MAR_Amb_HIP_CBS_0010,22,True
MAR_Amb_HIP_CBS_0010,117,True
MAR_Amb_HIP_CBS_0010,152,True
MAR_Amb_HIP_CBS_0010,165,True
MAR_Amb_HIP_CBS_0010,375,True
MAR_Amb_HIP_CBS_0010,385,True
MAR_Amb_HIP_CBS_0010,267,True
MAR_Amb_HIP_CBS_0010,409,True
MAR_Amb_HIP_CBS_0010,482,True
MAR_Amb_HIP_CBS_0010,482,True
MAR_Amb_HIP_CBS_0010,447,True
MAR_Amb_HIP_CBS_0010,438,True
MAR_Amb_HIP_CBS_0010,37,True
MAR_Amb_HIP_CBS_0010,77,True
MAR_Amb_HIP_CBS_0010,98,True
MAR_Amb_HIP_CBS_0010,101,True
MAR_Amb_HIP_CBS_0010,148,True
MAR_Amb_HIP_CBS_0010,74,True
MAR_Amb_HIP_CBS_0010,40,True
MAR_Amb_HIP_CBS_0010,185,True
MAR_Amb_HIP_CBS_0010,137,True
MAR_Amb_HIP_CBS_0010,146,True
MAR_Amb_HIP_CBS_0010,313,True
MAR_Amb_HIP_ETD_0007,37,True
MAR_Amb_HIP_ETD_0007,71,True
MAR_Amb_HIP_ETD_0007,76,True
MAR_Amb_HIP_ETD_0007,79,True
MAR_Amb_HIP_ETD_0007,86,True
MAR_Amb_HIP_ETD_0007,88,True
MAR_Amb_HIP_ETD_0007,90,True
MAR_Amb_HIP_ETD_0007,121,True
MAR_Amb_HIP_ETD_0007,43,True
MAR_Amb_HIP_ETD_0007,85,True
MAR_Amb_HIP_ETD_0007,50,True
MAR_Amb_HIP_ETD_0007,49,True
MAR_Amb_HIP_ETD_0007,57,True
MAR_Amb_HIP_ETD_0007,107,True
MAR_Amb_HIP_ETD_0007,70,True
MAR_Amb_HIP_ETD_0007,52,True
MAR_Amb_HIP_ETD_0007,60,True
MAR_Amb_HIP_ETD_0007,38,True
MAR_Amb_HIP_ETD_0007,41,True
MAR_Amb_HIP_ETD_0007,62,True
MAR_Amb_HIP_ETD_0007,59,True
MAR_Amb_HIP_ETD_0007,54,True
MAR_Amb_HIP_ETD_0007,67,True
MAR_Amb_HIP_ETD_0007,37,True
MAR_Amb_HIP_ETD_0007,38,True
MAR_Amb_HIP_ETD_0007,41,True
MAR_Amb_HIP_ETD_0007,43,True
MAR_Amb_HIP_ETD_0007,46,True
MAR_Amb_HIP_ETD_0007,48,True
MAR_Amb_HIP_ETD_0007,49,True
MAR_Amb_HIP_ETD_0007,50,True
MAR_Amb_HIP_ETD_0007,52,True
MAR_Amb_HIP_ETD_0007,60,True
MAR_Amb_HIP_ETD_0007,65,True
MAR_Amb_HIP_ETD_0007,70,True
MAR_Amb_HIP_ETD_0007,78,True
MAR_Amb_HIP_ETD_0007,2134,True
MAR_Amb_HIP_ETD_0007,2137,True
MAR_Amb_HIP_ETD_0007,2146,True
MAR_Amb_AS_CBS_0003,684,True
MAR_Amb_AS_CBS_0003,1142,True
MAR_Amb_AS_CBS_0003,684,True
MAR_Amb_AS_CBS_0003,1052,True
MAR_Amb_AS_CBS_0003,948,True
MAR_Amb_AS_CBS_0003,1020,True
MAR_Amb_AS_CBS_0003,1012,True
MAR_Amb_AS_CBS_0003,1146,True
MAR_Amb_AS_CBS_0003,1163,True
MAR_Amb_AS_CBS_0003,730,True
MAR_Amb_AS_CBS_0003,1106,True
MAR_Amb_AS_CBS_0003,828,True
MAR_Amb_AS_CBS_0003,3,True
MAR_Amb_AS_CBS_0003,4,True
MAR_Amb_AS_CBS_0003,5,True
MAR_Amb_AS_CBS_0003,8,True
MAR_Amb_AS_CBS_0003,9,True
MAR_Amb_AS_CBS_0003,11,True
MAR_Amb_AS_CBS_0003,12,True
MAR_Amb_AS_CBS_0003,13,True
MAR_Amb_AS_CBS_0003,14,True
MAR_Amb_AS_CBS_0003,15,True
MAR_Amb_AS_CBS_0003,16,True
MAR_Amb_AS_CBS_0003,17,True
MAR_Amb_AS_CBS_0003,18,True
MAR_Amb_AS_CBS_0003,19,True
MAR_Amb_AS_CBS_0003,21,True
MAR_Amb_AS_CBS_0003,22,True
MAR_Amb_AS_CBS_0003,23,True
MAR_Amb_AS_CBS_0003,24,True
MAR_Amb_AS_CBS_0003,25,True
MAR_Amb_AS_CBS_0003,26,True
MAR_Amb_AS_CBS_0003,27,True
MAR_Amb_AS_CBS_0003,28,True
MAR_Amb_AS_CBS_0003,29,True
MAR_Amb_AS_CBS_0003,30,True
MAR_Amb_AS_CBS_0003,31,True
MAR_Amb_AS_CBS_0003,32,True
MAR_Amb_AS_CBS_0003,33,True
MAR_Amb_AS_CBS_0003,34,True
MAR_Amb_AS_CBS_0003,35,True
MAR_Amb_AS_CBS_0003,36,True
MAR_Amb_AS_CBS_0003,37,True
MAR_Amb_AS_CBS_0003,39,True
MAR_Amb_AS_CBS_0003,40,True
MAR_Amb_AS_CBS_0003,41,True
MAR_Amb_AS_CBS_0003,42,True
MAR_Amb_AS_CBS_0003,43,True
MAR_Amb_AS_CBS_0003,45,True
MAR_Amb_AS_CBS_0003,47,True
MAR_Amb_AS_CBS_0003,48,True
MAR_Amb_AS_CBS_0003,49,True
MAR_Amb_AS_CBS_0003,50,True
MAR_Amb_AS_CBS_0003,51,True
MAR_Amb_AS_CBS_0003,52,True
MAR_Amb_AS_CBS_0003,53,True
MAR_Amb_AS_CBS_0003,55,True
MAR_Amb_AS_CBS_0003,56,True
MAR_Amb_AS_CBS_0003,57,True
MAR_Amb_AS_CBS_0003,58,True
MAR_Amb_AS_CBS_0003,59,True
MAR_Amb_AS_CBS_0003,60,True
MAR_Amb_AS_CBS_0003,61,True
MAR_Amb_AS_CBS_0003,62,True
MAR_Amb_AS_CBS_0003,63,True
MAR_Amb_AS_CBS_0003,65,True
MAR_Amb_AS_CBS_0003,66,True
MAR_Amb_AS_CBS_0003,67,True
MAR_Amb_AS_CBS_0003,69,True
MAR_Amb_AS_CBS_0003,70,True
MAR_Amb_AS_CBS_0003,72,True
MAR_Amb_AS_CBS_0003,73,True
MAR_Amb_AS_CBS_0003,74,True
MAR_Amb_AS_CBS_0003,75,True
MAR_Amb_AS_CBS_0003,76,True
MAR_Amb_AS_CBS_0003,78,True
MAR_Amb_AS_CBS_0003,79,True
MAR_Amb_AS_CBS_0003,80,True
MAR_Amb_AS_CBS_0003,81,True
MAR_Amb_AS_CBS_0003,83,True
MAR_Amb_AS_CBS_0003,84,True
MAR_Amb_AS_CBS_0003,86,True
MAR_Amb_AS_CBS_0003,87,True
MAR_Amb_AS_CBS_0003,89,True
MAR_Amb_AS_CBS_0003,91,True
MAR_Amb_AS_CBS_0003,93,True
MAR_Amb_AS_CBS_0003,96,True
MAR_Amb_AS_CBS_0003,97,True
MAR_Amb_AS_CBS_0003,98,True
MAR_Amb_AS_CBS_0003,100,True
MAR_Amb_AS_CBS_0003,101,True
MAR_Amb_AS_CBS_0003,102,True
MAR_Amb_AS_CBS_0003,103,True
MAR_Amb_AS_CBS_0003,104,True
MAR_Amb_AS_CBS_0003,105,True
MAR_Amb_AS_CBS_0003,109,True
MAR_Amb_AS_CBS_0003,111,True
MAR_Amb_AS_CBS_0003,112,True
MAR_Amb_AS_CBS_0003,116,True
MAR_Amb_AS_CBS_0003,117,True
MAR_Amb_AS_CBS_0003,118,True
MAR_Amb_AS_CBS_0003,119,True
MAR_Amb_AS_CBS_0003,121,True
MAR_Amb_AS_CBS_0003,122,True
MAR_Amb_AS_CBS_0003,124,True
MAR_Amb_AS_CBS_0003,127,True
MAR_Amb_AS_CBS_0003,128,True
MAR_Amb_AS_CBS_0003,129,True
MAR_Amb_AS_CBS_0003,130,True
MAR_Amb_AS_CBS_0003,131,True
MAR_Amb_AS_CBS_0003,132,True
MAR_Amb_AS_CBS_0003,133,True
MAR_Amb_AS_CBS_0003,135,True
MAR_Amb_AS_CBS_0003,136,True
MAR_Amb_AS_CBS_0003,137,True
MAR_Amb_AS_CBS_0003,138,True
MAR_Amb_AS_CBS_0003,140,True
MAR_Amb_AS_CBS_0003,141,True
MAR_Amb_AS_CBS_0003,142,True
MAR_Amb_AS_CBS_0003,143,True
MAR_Amb_AS_CBS_0003,144,True
MAR_Amb_AS_CBS_0003,145,True
MAR_Amb_AS_CBS_0003,146,True
MAR_Amb_AS_CBS_0003,147,True
MAR_Amb_AS_CBS_0003,148,True
MAR_Amb_AS_CBS_0003,150,True
MAR_Amb_AS_CBS_0003,152,True
MAR_Amb_AS_CBS_0003,153,True
MAR_Amb_AS_CBS_0003,155,True
MAR_Amb_AS_CBS_0003,156,True
MAR_Amb_AS_CBS_0003,157,True
MAR_Amb_AS_CBS_0003,158,True
MAR_Amb_AS_CBS_0003,159,True
MAR_Amb_AS_CBS_0003,161,True
MAR_Amb_AS_CBS_0003,162,True
MAR_Amb_AS_CBS_0003,163,True
MAR_Amb_AS_CBS_0003,164,True
MAR_Amb_AS_CBS_0003,165,True
MAR_Amb_AS_CBS_0003,166,True
MAR_Amb_AS_CBS_0003,168,True
MAR_Amb_AS_CBS_0003,169,True
MAR_Amb_AS_CBS_0003,170,True
MAR_Amb_AS_CBS_0003,172,True
MAR_Amb_AS_CBS_0003,173,True
MAR_Amb_AS_CBS_0003,174,True
MAR_Amb_AS_CBS_0003,175,True
MAR_Amb_AS_CBS_0003,176,True
MAR_Amb_AS_CBS_0003,177,True
MAR_Amb_AS_CBS_0003,178,True
MAR_Amb_AS_CBS_0003,180,True
MAR_Amb_AS_CBS_0003,181,True
MAR_Amb_AS_CBS_0003,182,True
MAR_Amb_AS_CBS_0003,183,True
MAR_Amb_AS_CBS_0003,184,True
MAR_Amb_AS_CBS_0003,186,True
MAR_Amb_AS_CBS_0003,187,True
MAR_Amb_AS_CBS_0003,188,True
MAR_Amb_AS_CBS_0003,189,True
MAR_Amb_AS_CBS_0003,190,True
MAR_Amb_AS_CBS_0003,191,True
MAR_Amb_AS_CBS_0003,192,True
MAR_Amb_AS_CBS_0003,193,True
MAR_Amb_AS_CBS_0003,194,True
MAR_Amb_AS_CBS_0003,195,True
MAR_Amb_AS_CBS_0003,196,True
MAR_Amb_AS_CBS_0003,197,True
MAR_Amb_AS_CBS_0003,198,True
MAR_Amb_AS_CBS_0003,199,True
MAR_Amb_AS_CBS_0003,201,True
MAR_Amb_AS_CBS_0003,202,True
MAR_Amb_AS_CBS_0003,203,True
MAR_Amb_AS_CBS_0003,204,True
MAR_Amb_AS_CBS_0003,205,True
MAR_Amb_AS_CBS_0003,206,True
MAR_Amb_AS_CBS_0003,207,True
MAR_Amb_AS_CBS_0003,208,True
MAR_Amb_AS_CBS_0003,209,True
MAR_Amb_AS_CBS_0003,210,True
MAR_Amb_AS_CBS_0003,211,True
MAR_Amb_AS_CBS_0003,213,True
MAR_Amb_AS_CBS_0003,215,True
MAR_Amb_AS_CBS_0003,216,True
MAR_Amb_AS_CBS_0003,217,True
MAR_Amb_AS_CBS_0003,218,True
MAR_Amb_AS_CBS_0003,222,True
MAR_Amb_AS_CBS_0003,223,True
MAR_Amb_AS_CBS_0003,226,True
MAR_Amb_AS_CBS_0003,227,True
MAR_Amb_AS_CBS_0003,228,True
MAR_Amb_AS_CBS_0003,230,True
MAR_Amb_AS_CBS_0003,231,True
MAR_Amb_AS_CBS_0003,233,True
MAR_Amb_AS_CBS_0003,234,True
MAR_Amb_AS_CBS_0003,236,True
MAR_Amb_AS_CBS_0003,237,True
MAR_Amb_AS_CBS_0003,239,True
MAR_Amb_AS_CBS_0003,242,True
MAR_Amb_AS_CBS_0003,243,True
MAR_Amb_AS_CBS_0003,245,True
MAR_Amb_AS_CBS_0003,246,True
MAR_Amb_AS_CBS_0003,248,True
MAR_Amb_AS_CBS_0003,249,True
MAR_Amb_AS_CBS_0003,250,True
MAR_Amb_AS_CBS_0003,251,True
MAR_Amb_AS_CBS_0003,252,True
MAR_Amb_AS_CBS_0003,253,True
MAR_Amb_AS_CBS_0003,255,True
MAR_Amb_AS_CBS_0003,256,True
MAR_Amb_AS_CBS_0003,257,True
MAR_Amb_AS_CBS_0003,258,True
MAR_Amb_AS_CBS_0003,259,True
MAR_Amb_AS_CBS_0003,261,True
MAR_Amb_AS_CBS_0003,262,True
MAR_Amb_AS_CBS_0003,263,True
MAR_Amb_AS_CBS_0003,264,True
MAR_Amb_AS_CBS_0003,265,True
MAR_Amb_AS_CBS_0003,266,True
MAR_Amb_AS_CBS_0003,267,True
MAR_Amb_AS_CBS_0003,269,True
MAR_Amb_AS_CBS_0003,270,True
MAR_Amb_AS_CBS_0003,271,True
MAR_Amb_AS_CBS_0003,272,True
MAR_Amb_AS_CBS_0003,273,True
MAR_Amb_AS_CBS_0003,274,True
MAR_Amb_AS_CBS_0003,275,True
MAR_Amb_AS_CBS_0003,276,True
MAR_Amb_AS_CBS_0003,277,True
MAR_Amb_AS_CBS_0003,278,True
MAR_Amb_AS_CBS_0003,280,True
MAR_Amb_AS_CBS_0003,281,True
MAR_Amb_AS_CBS_0003,282,True
MAR_Amb_AS_CBS_0003,283,True
MAR_Amb_AS_CBS_0003,284,True
MAR_Amb_AS_CBS_0003,285,True
MAR_Amb_AS_CBS_0003,286,True
MAR_Amb_AS_CBS_0003,288,True
MAR_Amb_AS_CBS_0003,289,True
MAR_Amb_AS_CBS_0003,290,True
MAR_Amb_AS_CBS_0003,291,True
MAR_Amb_AS_CBS_0003,292,True
MAR_Amb_AS_CBS_0003,293,True
MAR_Amb_AS_CBS_0003,294,True
MAR_Amb_AS_CBS_0003,295,True
MAR_Amb_AS_CBS_0003,296,True
MAR_Amb_AS_CBS_0003,297,True
MAR_Amb_AS_CBS_0003,298,True
MAR_Amb_AS_CBS_0003,299,True
MAR_Amb_AS_CBS_0003,300,True
MAR_Amb_AS_CBS_0003,301,True
MAR_Amb_AS_CBS_0003,302,True
MAR_Amb_AS_CBS_0003,303,True
MAR_Amb_AS_CBS_0003,304,True
MAR_Amb_AS_CBS_0003,305,True
MAR_Amb_AS_CBS_0003,306,True
MAR_Amb_AS_CBS_0003,307,True
MAR_Amb_AS_CBS_0003,308,True
MAR_Amb_AS_CBS_0003,309,True
MAR_Amb_AS_CBS_0003,310,True
MAR_Amb_AS_CBS_0003,311,True
MAR_Amb_AS_CBS_0003,312,True
MAR_Amb_AS_CBS_0003,313,True
MAR_Amb_AS_CBS_0003,314,True
MAR_Amb_AS_CBS_0003,316,True
MAR_Amb_AS_CBS_0003,317,True
MAR_Amb_AS_CBS_0003,318,True
MAR_Amb_AS_CBS_0003,319,True
MAR_Amb_AS_CBS_0003,320,True
MAR_Amb_AS_CBS_0003,322,True
MAR_Amb_AS_CBS_0003,323,True
MAR_Amb_AS_CBS_0003,324,True
MAR_Amb_AS_CBS_0003,325,True
MAR_Amb_AS_CBS_0003,326,True
MAR_Amb_AS_CBS_0003,327,True
MAR_Amb_AS_CBS_0003,328,True
MAR_Amb_AS_CBS_0003,329,True
MAR_Amb_AS_CBS_0003,330,True
MAR_Amb_AS_CBS_0003,331,True
MAR_Amb_AS_CBS_0003,332,True
MAR_Amb_AS_CBS_0003,334,True
MAR_Amb_AS_CBS_0003,335,True
MAR_Amb_AS_CBS_0003,336,True
MAR_Amb_AS_CBS_0003,337,True
MAR_Amb_AS_CBS_0003,338,True
MAR_Amb_AS_CBS_0003,340,True
MAR_Amb_AS_CBS_0003,341,True
MAR_Amb_AS_CBS_0003,342,True
MAR_Amb_AS_CBS_0003,344,True
MAR_Amb_AS_CBS_0003,345,True
MAR_Amb_AS_CBS_0003,347,True
MAR_Amb_AS_CBS_0003,348,True
MAR_Amb_AS_CBS_0003,349,True
MAR_Amb_AS_CBS_0003,350,True
MAR_Amb_AS_CBS_0003,351,True
MAR_Amb_AS_CBS_0003,352,True
MAR_Amb_AS_CBS_0003,353,True
MAR_Amb_AS_CBS_0003,354,True
MAR_Amb_AS_CBS_0003,356,True
MAR_Amb_AS_CBS_0003,357,True
MAR_Amb_AS_CBS_0003,359,True
MAR_Amb_AS_CBS_0003,360,True
MAR_Amb_AS_CBS_0003,361,True
MAR_Amb_AS_CBS_0003,363,True
MAR_Amb_AS_CBS_0003,365,True
MAR_Amb_AS_CBS_0003,367,True
MAR_Amb_AS_CBS_0003,369,True
MAR_Amb_AS_CBS_0003,370,True
MAR_Amb_AS_CBS_0003,371,True
MAR_Amb_AS_CBS_0003,372,True
MAR_Amb_AS_CBS_0003,373,True
MAR_Amb_AS_CBS_0003,374,True
MAR_Amb_AS_CBS_0003,375,True
MAR_Amb_AS_CBS_0003,376,True
MAR_Amb_AS_CBS_0003,378,True
MAR_Amb_AS_CBS_0003,381,True
MAR_Amb_AS_CBS_0003,382,True
MAR_Amb_AS_CBS_0003,384,True
MAR_Amb_AS_CBS_0003,385,True
MAR_Amb_AS_CBS_0003,387,True
MAR_Amb_AS_CBS_0003,388,True
MAR_Amb_AS_CBS_0003,389,True
MAR_Amb_AS_CBS_0003,390,True
MAR_Amb_AS_CBS_0003,394,True
MAR_Amb_AS_CBS_0003,395,True
MAR_Amb_AS_CBS_0003,396,True
MAR_Amb_AS_CBS_0003,397,True
MAR_Amb_AS_CBS_0003,398,True
MAR_Amb_AS_CBS_0003,400,True
MAR_Amb_AS_CBS_0003,401,True
MAR_Amb_AS_CBS_0003,403,True
MAR_Amb_AS_CBS_0003,404,True
MAR_Amb_AS_CBS_0003,407,True
MAR_Amb_AS_CBS_0003,411,True
MAR_Amb_AS_CBS_0003,413,True
MAR_Amb_AS_CBS_0003,414,True
MAR_Amb_AS_CBS_0003,416,True
MAR_Amb_AS_CBS_0003,417,True
MAR_Amb_AS_CBS_0003,419,True
MAR_Amb_AS_CBS_0003,422,True
MAR_Amb_AS_CBS_0003,423,True
MAR_Amb_AS_CBS_0003,424,True
MAR_Amb_AS_CBS_0003,425,True
MAR_Amb_AS_CBS_0003,426,True
MAR_Amb_AS_CBS_0003,428,True
MAR_Amb_AS_CBS_0003,430,True
MAR_Amb_AS_CBS_0003,431,True
MAR_Amb_AS_CBS_0003,433,True
MAR_Amb_AS_CBS_0003,434,True
MAR_Amb_AS_CBS_0003,435,True
MAR_Amb_AS_CBS_0003,436,True
MAR_Amb_AS_CBS_0003,438,True
MAR_Amb_AS_CBS_0003,439,True
MAR_Amb_AS_CBS_0003,440,True
MAR_Amb_AS_CBS_0003,444,True
MAR_Amb_AS_CBS_0003,445,True
MAR_Amb_AS_CBS_0003,446,True
MAR_Amb_AS_CBS_0003,447,True
MAR_Amb_AS_CBS_0003,448,True
MAR_Amb_AS_CBS_0003,450,True
MAR_Amb_AS_CBS_0003,453,True
MAR_Amb_AS_CBS_0003,454,True
MAR_Amb_AS_CBS_0003,455,True
MAR_Amb_AS_CBS_0003,456,True
MAR_Amb_AS_CBS_0003,459,True
MAR_Amb_AS_CBS_0003,460,True
MAR_Amb_AS_CBS_0003,462,True
MAR_Amb_AS_CBS_0003,463,True
MAR_Amb_AS_CBS_0003,465,True
MAR_Amb_AS_CBS_0003,466,True
MAR_Amb_AS_CBS_0003,467,True
MAR_Amb_AS_CBS_0003,469,True
MAR_Amb_AS_CBS_0003,472,True
MAR_Amb_AS_CBS_0003,473,True
MAR_Amb_AS_CBS_0003,474,True
MAR_Amb_AS_CBS_0003,475,True
MAR_Amb_AS_CBS_0003,476,True
MAR_Amb_AS_CBS_0003,477,True
MAR_Amb_AS_CBS_0003,480,True
MAR_Amb_AS_CBS_0003,481,True
MAR_Amb_AS_CBS_0003,483,True
MAR_Amb_AS_CBS_0003,484,True
MAR_Amb_AS_CBS_0003,485,True
MAR_Amb_AS_CBS_0003,487,True
MAR_Amb_AS_CBS_0003,488,True
MAR_Amb_AS_CBS_0003,489,True
MAR_Amb_AS_CBS_0003,490,True
MAR_Amb_AS_CBS_0003,492,True
MAR_Amb_AS_CBS_0003,494,True
MAR_Amb_AS_CBS_0003,495,True
MAR_Amb_AS_CBS_0003,496,True
MAR_Amb_AS_CBS_0003,497,True
MAR_Amb_AS_CBS_0003,498,True
MAR_Amb_AS_CBS_0003,501,True
MAR_Amb_AS_CBS_0003,502,True
MAR_Amb_AS_CBS_0003,503,True
MAR_Amb_AS_CBS_0003,506,True
MAR_Amb_AS_CBS_0003,507,True
MAR_Amb_AS_CBS_0003,508,True
MAR_Amb_AS_CBS_0003,509,True
MAR_Amb_AS_CBS_0003,510,True
MAR_Amb_AS_CBS_0003,511,True
MAR_Amb_AS_CBS_0003,512,True
MAR_Amb_AS_CBS_0003,513,True
MAR_Amb_AS_CBS_0003,514,True
MAR_Amb_AS_CBS_0003,516,True
MAR_Amb_AS_CBS_0003,520,True
MAR_Amb_AS_CBS_0003,524,True
MAR_Amb_AS_CBS_0003,525,True
MAR_Amb_AS_CBS_0003,527,True
MAR_Amb_AS_CBS_0003,533,True
MAR_Amb_AS_CBS_0003,536,True
MAR_Amb_AS_CBS_0003,539,True
MAR_Amb_AS_CBS_0003,542,True
MAR_Amb_AS_CBS_0003,543,True
MAR_Amb_AS_CBS_0003,544,True
MAR_Amb_AS_CBS_0003,547,True
MAR_Amb_AS_CBS_0003,550,True
MAR_Amb_AS_CBS_0003,552,True
MAR_Amb_AS_CBS_0003,554,True
MAR_Amb_AS_CBS_0003,557,True
MAR_Amb_AS_CBS_0003,558,True
MAR_Amb_AS_CBS_0003,559,True
MAR_Amb_AS_CBS_0003,561,True
MAR_Amb_AS_CBS_0003,562,True
MAR_Amb_AS_CBS_0003,565,True
MAR_Amb_AS_CBS_0003,567,True
MAR_Amb_AS_CBS_0003,568,True
MAR_Amb_AS_CBS_0003,569,True
MAR_Amb_AS_CBS_0003,575,True
MAR_Amb_AS_CBS_0003,576,True
MAR_Amb_AS_CBS_0003,580,True
MAR_Amb_AS_CBS_0003,581,True
MAR_Amb_AS_CBS_0003,582,True
MAR_Amb_AS_CBS_0003,583,True
MAR_Amb_AS_CBS_0003,591,True
MAR_Amb_AS_CBS_0003,592,True
MAR_Amb_AS_CBS_0003,594,True
MAR_Amb_AS_CBS_0003,598,True
MAR_Amb_AS_CBS_0003,599,True
MAR_Amb_AS_CBS_0003,600,True
MAR_Amb_AS_CBS_0003,601,True
MAR_Amb_AS_CBS_0003,606,True
MAR_Amb_AS_CBS_0003,607,True
MAR_Amb_AS_CBS_0003,614,True
MAR_Amb_AS_CBS_0003,615,True
MAR_Amb_AS_CBS_0003,618,True
MAR_Amb_AS_CBS_0003,619,True
MAR_Amb_AS_CBS_0003,620,True
MAR_Amb_AS_CBS_0003,625,True
MAR_Amb_AS_CBS_0003,631,True
MAR_Amb_AS_CBS_0003,632,True
MAR_Amb_AS_CBS_0003,638,True
MAR_Amb_AS_CBS_0003,640,True
MAR_Amb_AS_CBS_0003,642,True
MAR_Amb_AS_CBS_0003,644,True
MAR_Amb_AS_CBS_0003,645,True
MAR_Amb_AS_CBS_0003,647,True
MAR_Amb_AS_CBS_0003,652,True
MAR_Amb_AS_CBS_0003,653,True
MAR_Amb_AS_CBS_0003,656,True
MAR_Amb_AS_CBS_0003,660,True
MAR_Amb_AS_CBS_0003,661,True
MAR_Amb_AS_CBS_0003,664,True
MAR_Amb_AS_CBS_0003,665,True
MAR_Amb_AS_CBS_0003,667,True
MAR_Amb_AS_CBS_0003,671,True
MAR_Amb_AS_CBS_0003,672,True
MAR_Amb_AS_CBS_0003,673,True
MAR_Amb_AS_CBS_0003,674,True
MAR_Amb_AS_CBS_0003,678,True
MAR_Amb_AS_CBS_0003,684,True
MAR_Amb_AS_CBS_0003,691,True
MAR_Amb_AS_CBS_0003,693,True
MAR_Amb_AS_CBS_0003,697,True
MAR_Amb_AS_CBS_0003,698,True
MAR_Amb_AS_CBS_0003,699,True
MAR_Amb_AS_CBS_0003,700,True
MAR_Amb_AS_CBS_0003,702,True
MAR_Amb_AS_CBS_0003,704,True
MAR_Amb_AS_CBS_0003,705,True
MAR_Amb_AS_CBS_0003,706,True
MAR_Amb_AS_CBS_0003,708,True
MAR_Amb_AS_CBS_0003,709,True
MAR_Amb_AS_CBS_0003,713,True
MAR_Amb_AS_CBS_0003,715,True
MAR_Amb_AS_CBS_0003,716,True
MAR_Amb_AS_CBS_0003,720,True
MAR_Amb_AS_CBS_0003,721,True
MAR_Amb_AS_CBS_0003,725,True
MAR_Amb_AS_CBS_0003,727,True
MAR_Amb_AS_CBS_0003,732,True
MAR_Amb_AS_CBS_0003,733,True
MAR_Amb_AS_CBS_0003,734,True
MAR_Amb_AS_CBS_0003,736,True
MAR_Amb_AS_CBS_0003,739,True
MAR_Amb_AS_CBS_0003,740,True
MAR_Amb_AS_CBS_0003,742,True
MAR_Amb_AS_CBS_0003,743,True
MAR_Amb_AS_CBS_0003,745,True
MAR_Amb_AS_CBS_0003,747,True
MAR_Amb_AS_CBS_0003,750,True
MAR_Amb_AS_CBS_0003,752,True
MAR_Amb_AS_CBS_0003,756,True
MAR_Amb_AS_CBS_0003,757,True
MAR_Amb_AS_CBS_0003,758,True
MAR_Amb_AS_CBS_0003,761,True
MAR_Amb_AS_CBS_0003,763,True
MAR_Amb_AS_CBS_0003,766,True
MAR_Amb_AS_CBS_0003,768,True
MAR_Amb_AS_CBS_0003,769,True
MAR_Amb_AS_CBS_0003,770,True
MAR_Amb_AS_CBS_0003,772,True
MAR_Amb_AS_CBS_0003,773,True
MAR_Amb_AS_CBS_0003,776,True
MAR_Amb_AS_CBS_0003,778,True
MAR_Amb_AS_CBS_0003,783,True
MAR_Amb_AS_CBS_0003,785,True
MAR_Amb_AS_CBS_0003,787,True
MAR_Amb_AS_CBS_0003,788,True
MAR_Amb_AS_CBS_0003,790,True
MAR_Amb_AS_CBS_0003,791,True
MAR_Amb_AS_CBS_0003,795,True
MAR_Amb_AS_CBS_0003,796,True
MAR_Amb_AS_CBS_0003,797,True
MAR_Amb_AS_CBS_0003,801,True
MAR_Amb_AS_CBS_0003,802,True
MAR_Amb_AS_CBS_0003,805,True
MAR_Amb_AS_CBS_0003,806,True
MAR_Amb_AS_CBS_0003,807,True
MAR_Amb_AS_CBS_0003,809,True
MAR_Amb_AS_CBS_0003,810,True
MAR_Amb_AS_CBS_0003,811,True
MAR_Amb_AS_CBS_0003,812,True
MAR_Amb_AS_CBS_0003,813,True
MAR_Amb_AS_CBS_0003,814,True
MAR_Amb_AS_CBS_0003,816,True
MAR_Amb_AS_CBS_0003,817,True
MAR_Amb_AS_CBS_0003,819,True
MAR_Amb_AS_CBS_0003,820,True
MAR_Amb_AS_CBS_0003,821,True
MAR_Amb_AS_CBS_0003,827,True
MAR_Amb_AS_CBS_0003,833,True
MAR_Amb_AS_CBS_0003,835,True
MAR_Amb_AS_CBS_0003,837,True
MAR_Amb_AS_CBS_0003,838,True
MAR_Amb_AS_CBS_0003,843,True
MAR_Amb_AS_CBS_0003,844,True
MAR_Amb_AS_CBS_0003,847,True
MAR_Amb_AS_CBS_0003,848,True
MAR_Amb_AS_CBS_0003,850,True
MAR_Amb_AS_CBS_0003,851,True
MAR_Amb_AS_CBS_0003,852,True
MAR_Amb_AS_CBS_0003,857,True
MAR_Amb_AS_CBS_0003,860,True
MAR_Amb_AS_CBS_0003,865,True
MAR_Amb_AS_CBS_0003,867,True
MAR_Amb_AS_CBS_0003,868,True
MAR_Amb_AS_CBS_0003,869,True
MAR_Amb_AS_CBS_0003,873,True
MAR_Amb_AS_CBS_0003,878,True
MAR_Amb_AS_CBS_0003,881,True
MAR_Amb_AS_CBS_0003,885,True
MAR_Amb_AS_CBS_0003,888,True
MAR_Amb_AS_CBS_0003,889,True
MAR_Amb_AS_CBS_0003,892,True
MAR_Amb_AS_CBS_0003,897,True
MAR_Amb_AS_CBS_0003,898,True
MAR_Amb_AS_CBS_0003,899,True
MAR_Amb_AS_CBS_0003,900,True
MAR_Amb_AS_CBS_0003,901,True
MAR_Amb_AS_CBS_0003,904,True
MAR_Amb_AS_CBS_0003,905,True
MAR_Amb_AS_CBS_0003,907,True
MAR_Amb_AS_CBS_0003,910,True
MAR_Amb_AS_CBS_0003,914,True
MAR_Amb_AS_CBS_0003,922,True
MAR_Amb_AS_CBS_0003,923,True
MAR_Amb_AS_CBS_0003,924,True
MAR_Amb_AS_CBS_0003,925,True
MAR_Amb_AS_CBS_0003,935,True
MAR_Amb_AS_CBS_0003,937,True
MAR_Amb_AS_CBS_0003,942,True
MAR_Amb_AS_CBS_0003,949,True
MAR_Amb_AS_CBS_0003,951,True
MAR_Amb_AS_CBS_0003,953,True
MAR_Amb_AS_CBS_0003,955,True
MAR_Amb_AS_CBS_0003,960,True
MAR_Amb_AS_CBS_0003,965,True
MAR_Amb_AS_CBS_0003,969,True
MAR_Amb_AS_CBS_0003,982,True
MAR_Amb_AS_CBS_0003,983,True
MAR_Amb_AS_CBS_0003,986,True
MAR_Amb_AS_CBS_0003,988,True
MAR_Amb_AS_CBS_0003,990,True
MAR_Amb_AS_CBS_0003,995,True
MAR_Amb_AS_CBS_0003,1023,True
MAR_Amb_AS_CBS_0003,1033,True
MAR_Amb_AS_CBS_0003,1036,True
MAR_Amb_AS_CBS_0003,1043,True
MAR_Amb_AS_CBS_0003,1047,True
MAR_Amb_AS_CBS_0003,1050,True
MAR_Amb_AS_CBS_0003,1052,True
MAR_Amb_AS_CBS_0003,1100,True
MAR_Amb_AS_CBS_0003,1108,True
MAR_Amb_AS_CBS_0003,1110,True
MAR_Amb_AS_CBS_0003,1113,True
MAR_Amb_AS_CBS_0003,1202,True
MAR_Amb_AS_CBS_0003,1203,True
MAR_Amb_AS_CBS_0003,1204,True
MAR_Amb_AS_CBS_0003,1205,True
MAR_Amb_AS_CBS_0003,1209,True
MAR_Amb_AS_CBS_0003,1216,True
MAR_Amb_AS_CBS_0003,1217,True
MAR_Amb_AS_CBS_0003,1218,True
MAR_Amb_AS_CBS_0003,1223,True
MAR_Amb_AS_CBS_0003,1238,True
MAR_Amb_AS_CBS_0003,1240,True
MAR_Amb_AS_CBS_0003,1241,True
MAR_Amb_AS_CBS_0003,1242,True
MAR_Amb_AS_CBS_0003,1244,True
MAR_Amb_AS_CBS_0003,1245,True
MAR_Amb_AS_CBS_0003,1246,True
MAR_Amb_AS_CBS_0003,1247,True
MAR_Amb_AS_CBS_0003,1248,True
MAR_Amb_AS_CBS_0003,1249,True
MAR_Amb_AS_CBS_0003,1250,True
MAR_Amb_AS_CBS_0003,1251,True
MAR_Amb_AS_CBS_0003,1252,True
MAR_Amb_AS_CBS_0003,1258,True
MAR_Amb_AS_CBS_0003,1259,True
MAR_Amb_AS_CBS_0003,1260,True
MAR_Amb_AS_CBS_0003,1277,True
MAR_Amb_AS_CBS_0003,1278,True
MAR_Amb_AS_CBS_0003,1289,True
MAR_Amb_AS_CBS_0003,1306,True
MAR_Amb_AS_CBS_0003,1307,True
MAR_Amb_AS_CBS_0003,1077,False
MAR_Amb_AS_CBS_0003,1086,False
MAR_Amb_AS_CBS_0003,1094,False
MAR_Amb_AS_CBS_0003,1096,False
MAR_Amb_AS_CBS_0003,798,erased
MAR_Amb_AS_CBS_0003,804,erased
MAR_Amb_AS_CBS_0003,839,erased
MAR_Amb_AS_CBS_0003,855,erased
MAR_Amb_AS_CBS_0003,859,erased
MAR_Amb_AS_CBS_0003,1126,erased
MAR_Amb_AS_CBS_0003,1141,erased
MAR_Amb_AS_CBS_0003,1150,erased
MAR_Amb_AS_CBS_0003,1153,erased
MAR_Amb_AS_CBS_0003,1154,erased
MAR_Amb_AS_CBS_0003,1162,erased
MAR_Amb_AS_CBS_0003,1164,erased
MAR_Amb_AS_CBS_0003,1167,erased
MAR_Amb_AS_CBS_0003,1176,erased
MAR_Amb_AS_CBS_0003,1303,erased
MAR_Amb_AS_CBS_0003,1304,erased
MAR_Amb_AS_CBS_0003,1305,erased
MAR_Amb_AS_CBS_0003,3,True
MAR_Amb_AS_CBS_0003,4,True
MAR_Amb_AS_CBS_0003,5,True
MAR_Amb_AS_CBS_0003,8,True
MAR_Amb_AS_CBS_0003,9,True
MAR_Amb_AS_CBS_0003,11,True
MAR_Amb_AS_CBS_0003,12,True
MAR_Amb_AS_CBS_0003,13,True
MAR_Amb_AS_CBS_0003,14,True
MAR_Amb_AS_CBS_0003,15,True
MAR_Amb_AS_CBS_0003,16,True
MAR_Amb_AS_CBS_0003,17,True
MAR_Amb_AS_CBS_0003,18,True
MAR_Amb_AS_CBS_0003,19,True
MAR_Amb_AS_CBS_0003,21,True
MAR_Amb_AS_CBS_0003,22,True
MAR_Amb_AS_CBS_0003,23,True
MAR_Amb_AS_CBS_0003,24,True
MAR_Amb_AS_CBS_0003,25,True
MAR_Amb_AS_CBS_0003,26,True
MAR_Amb_AS_CBS_0003,27,True
MAR_Amb_AS_CBS_0003,28,True
MAR_Amb_AS_CBS_0003,29,True
MAR_Amb_AS_CBS_0003,30,True
MAR_Amb_AS_CBS_0003,31,True
MAR_Amb_AS_CBS_0003,32,True
MAR_Amb_AS_CBS_0003,33,True
MAR_Amb_AS_CBS_0003,34,True
MAR_Amb_AS_CBS_0003,35,True
MAR_Amb_AS_CBS_0003,36,True
MAR_Amb_AS_CBS_0003,37,True
MAR_Amb_AS_CBS_0003,39,True
MAR_Amb_AS_CBS_0003,40,True
MAR_Amb_AS_CBS_0003,41,True
MAR_Amb_AS_CBS_0003,42,True
MAR_Amb_AS_CBS_0003,43,True
MAR_Amb_AS_CBS_0003,45,True
MAR_Amb_AS_CBS_0003,47,True
MAR_Amb_AS_CBS_0003,48,True
MAR_Amb_AS_CBS_0003,49,True
MAR_Amb_AS_CBS_0003,50,True
MAR_Amb_AS_CBS_0003,51,True
MAR_Amb_AS_CBS_0003,52,True
MAR_Amb_AS_CBS_0003,53,True
MAR_Amb_AS_CBS_0003,55,True
MAR_Amb_AS_CBS_0003,56,True
MAR_Amb_AS_CBS_0003,57,True
MAR_Amb_AS_CBS_0003,58,True
MAR_Amb_AS_CBS_0003,59,True
MAR_Amb_AS_CBS_0003,60,True
MAR_Amb_AS_CBS_0003,61,True
MAR_Amb_AS_CBS_0003,62,True
MAR_Amb_AS_CBS_0003,63,True
MAR_Amb_AS_CBS_0003,65,True
MAR_Amb_AS_CBS_0003,66,True
MAR_Amb_AS_CBS_0003,67,True
MAR_Amb_AS_CBS_0003,69,True
MAR_Amb_AS_CBS_0003,70,True
MAR_Amb_AS_CBS_0003,72,True
MAR_Amb_AS_CBS_0003,73,True
MAR_Amb_AS_CBS_0003,74,True
MAR_Amb_AS_CBS_0003,75,True
MAR_Amb_AS_CBS_0003,76,True
MAR_Amb_AS_CBS_0003,78,True
MAR_Amb_AS_CBS_0003,79,True
MAR_Amb_AS_CBS_0003,80,True
MAR_Amb_AS_CBS_0003,81,True
MAR_Amb_AS_CBS_0003,83,True
MAR_Amb_AS_CBS_0003,84,True
MAR_Amb_AS_CBS_0003,86,True
MAR_Amb_AS_CBS_0003,87,True
MAR_Amb_AS_CBS_0003,89,True
MAR_Amb_AS_CBS_0003,91,True
MAR_Amb_AS_CBS_0003,93,True
MAR_Amb_AS_CBS_0003,96,True
MAR_Amb_AS_CBS_0003,97,True
MAR_Amb_AS_CBS_0003,98,True
MAR_Amb_AS_CBS_0003,100,True
MAR_Amb_AS_CBS_0003,101,True
MAR_Amb_AS_CBS_0003,102,True
MAR_Amb_AS_CBS_0003,103,True
MAR_Amb_AS_CBS_0003,104,True
MAR_Amb_AS_CBS_0003,105,True
MAR_Amb_AS_CBS_0003,109,True
MAR_Amb_AS_CBS_0003,111,True
MAR_Amb_AS_CBS_0003,112,True
MAR_Amb_AS_CBS_0003,116,True
MAR_Amb_AS_CBS_0003,117,True
MAR_Amb_AS_CBS_0003,118,True
MAR_Amb_AS_CBS_0003,119,True
MAR_Amb_AS_CBS_0003,121,True
MAR_Amb_AS_CBS_0003,122,True
MAR_Amb_AS_CBS_0003,124,True
MAR_Amb_AS_CBS_0003,127,True
MAR_Amb_AS_CBS_0003,128,True
MAR_Amb_AS_CBS_0003,129,True
MAR_Amb_AS_CBS_0003,130,True
MAR_Amb_AS_CBS_0003,131,True
MAR_Amb_AS_CBS_0003,132,True
MAR_Amb_AS_CBS_0003,133,True
MAR_Amb_AS_CBS_0003,135,True
MAR_Amb_AS_CBS_0003,136,True
MAR_Amb_AS_CBS_0003,137,True
MAR_Amb_AS_CBS_0003,138,True
MAR_Amb_AS_CBS_0003,140,True
MAR_Amb_AS_CBS_0003,141,True
MAR_Amb_AS_CBS_0003,142,True
MAR_Amb_AS_CBS_0003,143,True
MAR_Amb_AS_CBS_0003,144,True
MAR_Amb_AS_CBS_0003,145,True
MAR_Amb_AS_CBS_0003,146,True
MAR_Amb_AS_CBS_0003,147,True
MAR_Amb_AS_CBS_0003,148,True
MAR_Amb_AS_CBS_0003,150,True
MAR_Amb_AS_CBS_0003,152,True
MAR_Amb_AS_CBS_0003,153,True
MAR_Amb_AS_CBS_0003,155,True
MAR_Amb_AS_CBS_0003,156,True
MAR_Amb_AS_CBS_0003,157,True
MAR_Amb_AS_CBS_0003,158,True
MAR_Amb_AS_CBS_0003,159,True
MAR_Amb_AS_CBS_0003,161,True
MAR_Amb_AS_CBS_0003,162,True
MAR_Amb_AS_CBS_0003,163,True
MAR_Amb_AS_CBS_0003,164,True
MAR_Amb_AS_CBS_0003,165,True
MAR_Amb_AS_CBS_0003,166,True
MAR_Amb_AS_CBS_0003,168,True
MAR_Amb_AS_CBS_0003,169,True
MAR_Amb_AS_CBS_0003,170,True
MAR_Amb_AS_CBS_0003,172,True
MAR_Amb_AS_CBS_0003,173,True
MAR_Amb_AS_CBS_0003,174,True
MAR_Amb_AS_CBS_0003,175,True
MAR_Amb_AS_CBS_0003,176,True
MAR_Amb_AS_CBS_0003,177,True
MAR_Amb_AS_CBS_0003,178,True
MAR_Amb_AS_CBS_0003,180,True
MAR_Amb_AS_CBS_0003,181,True
MAR_Amb_AS_CBS_0003,182,True
MAR_Amb_AS_CBS_0003,183,True
MAR_Amb_AS_CBS_0003,184,True
MAR_Amb_AS_CBS_0003,186,True
MAR_Amb_AS_CBS_0003,187,True
MAR_Amb_AS_CBS_0003,188,True
MAR_Amb_AS_CBS_0003,189,True
MAR_Amb_AS_CBS_0003,190,True
MAR_Amb_AS_CBS_0003,191,True
MAR_Amb_AS_CBS_0003,192,True
MAR_Amb_AS_CBS_0003,193,True
MAR_Amb_AS_CBS_0003,194,True
MAR_Amb_AS_CBS_0003,195,True
MAR_Amb_AS_CBS_0003,196,True
MAR_Amb_AS_CBS_0003,197,True
MAR_Amb_AS_CBS_0003,198,True
MAR_Amb_AS_CBS_0003,199,True
MAR_Amb_AS_CBS_0003,201,True
MAR_Amb_AS_CBS_0003,202,True
MAR_Amb_AS_CBS_0003,203,True
MAR_Amb_AS_CBS_0003,204,True
MAR_Amb_AS_CBS_0003,205,True
MAR_Amb_AS_CBS_0003,206,True
MAR_Amb_AS_CBS_0003,207,True
MAR_Amb_AS_CBS_0003,208,True
MAR_Amb_AS_CBS_0003,209,True
MAR_Amb_AS_CBS_0003,210,True
MAR_Amb_AS_CBS_0003,211,True
MAR_Amb_AS_CBS_0003,213,True
MAR_Amb_AS_CBS_0003,215,True
MAR_Amb_AS_CBS_0003,216,True
MAR_Amb_AS_CBS_0003,217,True
MAR_Amb_AS_CBS_0003,218,True
MAR_Amb_AS_CBS_0003,222,True
MAR_Amb_AS_CBS_0003,223,True
MAR_Amb_AS_CBS_0003,226,True
MAR_Amb_AS_CBS_0003,227,True
MAR_Amb_AS_CBS_0003,228,True
MAR_Amb_AS_CBS_0003,230,True
MAR_Amb_AS_CBS_0003,231,True
MAR_Amb_AS_CBS_0003,233,True
MAR_Amb_AS_CBS_0003,234,True
MAR_Amb_AS_CBS_0003,236,True
MAR_Amb_AS_CBS_0003,237,True
MAR_Amb_AS_CBS_0003,239,True
MAR_Amb_AS_CBS_0003,242,True
MAR_Amb_AS_CBS_0003,243,True
MAR_Amb_AS_CBS_0003,245,True
MAR_Amb_AS_CBS_0003,246,True
MAR_Amb_AS_CBS_0003,248,True
MAR_Amb_AS_CBS_0003,249,True
MAR_Amb_AS_CBS_0003,250,True
MAR_Amb_AS_CBS_0003,251,True
MAR_Amb_AS_CBS_0003,252,True
MAR_Amb_AS_CBS_0003,253,True
MAR_Amb_AS_CBS_0003,255,True
MAR_Amb_AS_CBS_0003,256,True
MAR_Amb_AS_CBS_0003,257,True
MAR_Amb_AS_CBS_0003,258,True
MAR_Amb_AS_CBS_0003,259,True
MAR_Amb_AS_CBS_0003,261,True
MAR_Amb_AS_CBS_0003,262,True
MAR_Amb_AS_CBS_0003,263,True
MAR_Amb_AS_CBS_0003,264,True
MAR_Amb_AS_CBS_0003,265,True
MAR_Amb_AS_CBS_0003,266,True
MAR_Amb_AS_CBS_0003,267,True
MAR_Amb_AS_CBS_0003,269,True
MAR_Amb_AS_CBS_0003,270,True
MAR_Amb_AS_CBS_0003,271,True
MAR_Amb_AS_CBS_0003,272,True
MAR_Amb_AS_CBS_0003,273,True
MAR_Amb_AS_CBS_0003,274,True
MAR_Amb_AS_CBS_0003,275,True
MAR_Amb_AS_CBS_0003,276,True
MAR_Amb_AS_CBS_0003,277,True
MAR_Amb_AS_CBS_0003,278,True
MAR_Amb_AS_CBS_0003,280,True
MAR_Amb_AS_CBS_0003,281,True
MAR_Amb_AS_CBS_0003,282,True
MAR_Amb_AS_CBS_0003,283,True
MAR_Amb_AS_CBS_0003,284,True
MAR_Amb_AS_CBS_0003,285,True
MAR_Amb_AS_CBS_0003,286,True
MAR_Amb_AS_CBS_0003,288,True
MAR_Amb_AS_CBS_0003,289,True
MAR_Amb_AS_CBS_0003,290,True
MAR_Amb_AS_CBS_0003,291,True
MAR_Amb_AS_CBS_0003,292,True
MAR_Amb_AS_CBS_0003,293,True
MAR_Amb_AS_CBS_0003,294,True
MAR_Amb_AS_CBS_0003,295,True
MAR_Amb_AS_CBS_0003,296,True
MAR_Amb_AS_CBS_0003,297,True
MAR_Amb_AS_CBS_0003,298,True
MAR_Amb_AS_CBS_0003,299,True
MAR_Amb_AS_CBS_0003,300,True
MAR_Amb_AS_CBS_0003,301,True
MAR_Amb_AS_CBS_0003,302,True
MAR_Amb_AS_CBS_0003,303,True
MAR_Amb_AS_CBS_0003,304,True
MAR_Amb_AS_CBS_0003,305,True
MAR_Amb_AS_CBS_0003,306,True
MAR_Amb_AS_CBS_0003,307,True
MAR_Amb_AS_CBS_0003,308,True
MAR_Amb_AS_CBS_0003,309,True
MAR_Amb_AS_CBS_0003,310,True
MAR_Amb_AS_CBS_0003,311,True
MAR_Amb_AS_CBS_0003,312,True
MAR_Amb_AS_CBS_0003,313,True
MAR_Amb_AS_CBS_0003,314,True
MAR_Amb_AS_CBS_0003,316,True
MAR_Amb_AS_CBS_0003,317,True
MAR_Amb_AS_CBS_0003,318,True
MAR_Amb_AS_CBS_0003,319,True
MAR_Amb_AS_CBS_0003,320,True
MAR_Amb_AS_CBS_0003,322,True
MAR_Amb_AS_CBS_0003,323,True
MAR_Amb_AS_CBS_0003,324,True
MAR_Amb_AS_CBS_0003,325,True
MAR_Amb_AS_CBS_0003,326,True
MAR_Amb_AS_CBS_0003,327,True
MAR_Amb_AS_CBS_0003,328,True
MAR_Amb_AS_CBS_0003,329,True
MAR_Amb_AS_CBS_0003,330,True
MAR_Amb_AS_CBS_0003,331,True
MAR_Amb_AS_CBS_0003,332,True
MAR_Amb_AS_CBS_0003,334,True
MAR_Amb_AS_CBS_0003,335,True
MAR_Amb_AS_CBS_0003,336,True
MAR_Amb_AS_CBS_0003,337,True
MAR_Amb_AS_CBS_0003,338,True
MAR_Amb_AS_CBS_0003,340,True
MAR_Amb_AS_CBS_0003,341,True
MAR_Amb_AS_CBS_0003,342,True
MAR_Amb_AS_CBS_0003,344,True
MAR_Amb_AS_CBS_0003,345,True
MAR_Amb_AS_CBS_0003,347,True
MAR_Amb_AS_CBS_0003,348,True
MAR_Amb_AS_CBS_0003,349,True
MAR_Amb_AS_CBS_0003,350,True
MAR_Amb_AS_CBS_0003,351,True
MAR_Amb_AS_CBS_0003,352,True
MAR_Amb_AS_CBS_0003,353,True
MAR_Amb_AS_CBS_0003,354,True
MAR_Amb_AS_CBS_0003,356,True
MAR_Amb_AS_CBS_0003,357,True
MAR_Amb_AS_CBS_0003,360,True
MAR_Amb_AS_CBS_0003,361,True
MAR_Amb_AS_CBS_0003,363,True
MAR_Amb_AS_CBS_0003,365,True
MAR_Amb_AS_CBS_0003,367,True
MAR_Amb_AS_CBS_0003,369,True
MAR_Amb_AS_CBS_0003,370,True
MAR_Amb_AS_CBS_0003,371,True
MAR_Amb_AS_CBS_0003,372,True
MAR_Amb_AS_CBS_0003,373,True
MAR_Amb_AS_CBS_0003,374,True
MAR_Amb_AS_CBS_0003,375,True
MAR_Amb_AS_CBS_0003,376,True
MAR_Amb_AS_CBS_0003,378,True
MAR_Amb_AS_CBS_0003,381,True
MAR_Amb_AS_CBS_0003,382,True
MAR_Amb_AS_CBS_0003,384,True
MAR_Amb_AS_CBS_0003,385,True
MAR_Amb_AS_CBS_0003,387,True
MAR_Amb_AS_CBS_0003,388,True
MAR_Amb_AS_CBS_0003,389,True
MAR_Amb_AS_CBS_0003,390,True
MAR_Amb_AS_CBS_0003,394,True
MAR_Amb_AS_CBS_0003,395,True
MAR_Amb_AS_CBS_0003,396,True
MAR_Amb_AS_CBS_0003,397,True
MAR_Amb_AS_CBS_0003,398,True
MAR_Amb_AS_CBS_0003,400,True
MAR_Amb_AS_CBS_0003,401,True
MAR_Amb_AS_CBS_0003,403,True
MAR_Amb_AS_CBS_0003,404,True
MAR_Amb_AS_CBS_0003,407,True
MAR_Amb_AS_CBS_0003,411,True
MAR_Amb_AS_CBS_0003,413,True
MAR_Amb_AS_CBS_0003,414,True
MAR_Amb_AS_CBS_0003,416,True
MAR_Amb_AS_CBS_0003,417,True
MAR_Amb_AS_CBS_0003,419,True
MAR_Amb_AS_CBS_0003,422,True
MAR_Amb_AS_CBS_0003,423,True
MAR_Amb_AS_CBS_0003,424,True
MAR_Amb_AS_CBS_0003,425,True
MAR_Amb_AS_CBS_0003,426,True
MAR_Amb_AS_CBS_0003,428,True
MAR_Amb_AS_CBS_0003,430,True
MAR_Amb_AS_CBS_0003,431,True
MAR_Amb_AS_CBS_0003,433,True
MAR_Amb_AS_CBS_0003,434,True
MAR_Amb_AS_CBS_0003,435,True
MAR_Amb_AS_CBS_0003,436,True
MAR_Amb_AS_CBS_0003,438,True
MAR_Amb_AS_CBS_0003,439,True
MAR_Amb_AS_CBS_0003,440,True
MAR_Amb_AS_CBS_0003,444,True
MAR_Amb_AS_CBS_0003,445,True
MAR_Amb_AS_CBS_0003,446,True
MAR_Amb_AS_CBS_0003,447,True
MAR_Amb_AS_CBS_0003,448,True
MAR_Amb_AS_CBS_0003,450,True
MAR_Amb_AS_CBS_0003,453,True
MAR_Amb_AS_CBS_0003,454,True
MAR_Amb_AS_CBS_0003,455,True
MAR_Amb_AS_CBS_0003,456,True
MAR_Amb_AS_CBS_0003,459,True
MAR_Amb_AS_CBS_0003,460,True
MAR_Amb_AS_CBS_0003,462,True
MAR_Amb_AS_CBS_0003,463,True
MAR_Amb_AS_CBS_0003,465,True
MAR_Amb_AS_CBS_0003,466,True
MAR_Amb_AS_CBS_0003,467,True
MAR_Amb_AS_CBS_0003,469,True
MAR_Amb_AS_CBS_0003,472,True
MAR_Amb_AS_CBS_0003,473,True
MAR_Amb_AS_CBS_0003,474,True
MAR_Amb_AS_CBS_0003,475,True
MAR_Amb_AS_CBS_0003,476,True
MAR_Amb_AS_CBS_0003,477,True
MAR_Amb_AS_CBS_0003,480,True
MAR_Amb_AS_CBS_0003,481,True
MAR_Amb_AS_CBS_0003,483,True
MAR_Amb_AS_CBS_0003,484,True
MAR_Amb_AS_CBS_0003,485,True
MAR_Amb_AS_CBS_0003,487,True
MAR_Amb_AS_CBS_0003,488,True
MAR_Amb_AS_CBS_0003,489,True
MAR_Amb_AS_CBS_0003,490,True
MAR_Amb_AS_CBS_0003,492,True
MAR_Amb_AS_CBS_0003,494,True
MAR_Amb_AS_CBS_0003,495,True
MAR_Amb_AS_CBS_0003,496,True
MAR_Amb_AS_CBS_0003,497,True
MAR_Amb_AS_CBS_0003,498,True
MAR_Amb_AS_CBS_0003,501,True
MAR_Amb_AS_CBS_0003,502,True
MAR_Amb_AS_CBS_0003,503,True
MAR_Amb_AS_CBS_0003,506,True
MAR_Amb_AS_CBS_0003,507,True
MAR_Amb_AS_CBS_0003,508,True
MAR_Amb_AS_CBS_0003,509,True
MAR_Amb_AS_CBS_0003,510,True
MAR_Amb_AS_CBS_0003,511,True
MAR_Amb_AS_CBS_0003,512,True
MAR_Amb_AS_CBS_0003,513,True
MAR_Amb_AS_CBS_0003,514,True
MAR_Amb_AS_CBS_0003,516,True
MAR_Amb_AS_CBS_0003,520,True
MAR_Amb_AS_CBS_0003,524,True
MAR_Amb_AS_CBS_0003,525,True
MAR_Amb_AS_CBS_0003,527,True
MAR_Amb_AS_CBS_0003,533,True
MAR_Amb_AS_CBS_0003,536,True
MAR_Amb_AS_CBS_0003,539,True
MAR_Amb_AS_CBS_0003,542,True
MAR_Amb_AS_CBS_0003,543,True
MAR_Amb_AS_CBS_0003,544,True
MAR_Amb_AS_CBS_0003,547,True
MAR_Amb_AS_CBS_0003,550,True
MAR_Amb_AS_CBS_0003,552,True
MAR_Amb_AS_CBS_0003,554,True
MAR_Amb_AS_CBS_0003,557,True
MAR_Amb_AS_CBS_0003,558,True
MAR_Amb_AS_CBS_0003,559,True
MAR_Amb_AS_CBS_0003,561,True
MAR_Amb_AS_CBS_0003,562,True
MAR_Amb_AS_CBS_0003,565,True
MAR_Amb_AS_CBS_0003,567,True
MAR_Amb_AS_CBS_0003,568,True
MAR_Amb_AS_CBS_0003,569,True
MAR_Amb_AS_CBS_0003,575,True
MAR_Amb_AS_CBS_0003,576,True
MAR_Amb_AS_CBS_0003,580,True
MAR_Amb_AS_CBS_0003,581,True
MAR_Amb_AS_CBS_0003,582,True
MAR_Amb_AS_CBS_0003,583,True
MAR_Amb_AS_CBS_0003,591,True
MAR_Amb_AS_CBS_0003,592,True
MAR_Amb_AS_CBS_0003,594,True
MAR_Amb_AS_CBS_0003,598,True
MAR_Amb_AS_CBS_0003,599,True
MAR_Amb_AS_CBS_0003,600,True
MAR_Amb_AS_CBS_0003,601,True
MAR_Amb_AS_CBS_0003,606,True
MAR_Amb_AS_CBS_0003,607,True
MAR_Amb_AS_CBS_0003,614,True
MAR_Amb_AS_CBS_0003,615,True
MAR_Amb_AS_CBS_0003,618,True
MAR_Amb_AS_CBS_0003,619,True
MAR_Amb_AS_CBS_0003,620,True
MAR_Amb_AS_CBS_0003,625,True
MAR_Amb_AS_CBS_0003,631,True
MAR_Amb_AS_CBS_0003,632,True
MAR_Amb_AS_CBS_0003,638,True
MAR_Amb_AS_CBS_0003,640,True
MAR_Amb_AS_CBS_0003,642,True
MAR_Amb_AS_CBS_0003,644,True
MAR_Amb_AS_CBS_0003,645,True
MAR_Amb_AS_CBS_0003,647,True
MAR_Amb_AS_CBS_0003,652,True
MAR_Amb_AS_CBS_0003,653,True
MAR_Amb_AS_CBS_0003,656,True
MAR_Amb_AS_CBS_0003,660,True
MAR_Amb_AS_CBS_0003,661,True
MAR_Amb_AS_CBS_0003,664,True
MAR_Amb_AS_CBS_0003,665,True
MAR_Amb_AS_CBS_0003,667,True
MAR_Amb_AS_CBS_0003,671,True
MAR_Amb_AS_CBS_0003,672,True
MAR_Amb_AS_CBS_0003,673,True
MAR_Amb_AS_CBS_0003,674,True
MAR_Amb_AS_CBS_0003,678,True
MAR_Amb_AS_CBS_0003,684,True
MAR_Amb_AS_CBS_0003,691,True
MAR_Amb_AS_CBS_0003,693,True
MAR_Amb_AS_CBS_0003,697,True
MAR_Amb_AS_CBS_0003,698,True
MAR_Amb_AS_CBS_0003,699,True
MAR_Amb_AS_CBS_0003,700,True
MAR_Amb_AS_CBS_0003,702,True
MAR_Amb_AS_CBS_0003,704,True
MAR_Amb_AS_CBS_0003,705,True
MAR_Amb_AS_CBS_0003,706,True
MAR_Amb_AS_CBS_0003,708,True
MAR_Amb_AS_CBS_0003,709,True
MAR_Amb_AS_CBS_0003,713,True
MAR_Amb_AS_CBS_0003,715,True
MAR_Amb_AS_CBS_0003,716,True
MAR_Amb_AS_CBS_0003,720,True
MAR_Amb_AS_CBS_0003,721,True
MAR_Amb_AS_CBS_0003,725,True
MAR_Amb_AS_CBS_0003,727,True
MAR_Amb_AS_CBS_0003,732,True
MAR_Amb_AS_CBS_0003,733,True
MAR_Amb_AS_CBS_0003,734,True
MAR_Amb_AS_CBS_0003,736,True
MAR_Amb_AS_CBS_0003,739,True
MAR_Amb_AS_CBS_0003,740,True
MAR_Amb_AS_CBS_0003,742,True
MAR_Amb_AS_CBS_0003,743,True
MAR_Amb_AS_CBS_0003,745,True
MAR_Amb_AS_CBS_0003,747,True
MAR_Amb_AS_CBS_0003,750,True
MAR_Amb_AS_CBS_0003,752,True
MAR_Amb_AS_CBS_0003,756,True
MAR_Amb_AS_CBS_0003,757,True
MAR_Amb_AS_CBS_0003,758,True
MAR_Amb_AS_CBS_0003,761,True
MAR_Amb_AS_CBS_0003,763,True
MAR_Amb_AS_CBS_0003,766,True
MAR_Amb_AS_CBS_0003,768,True
MAR_Amb_AS_CBS_0003,769,True
MAR_Amb_AS_CBS_0003,770,True
MAR_Amb_AS_CBS_0003,772,True
MAR_Amb_AS_CBS_0003,773,True
MAR_Amb_AS_CBS_0003,776,True
MAR_Amb_AS_CBS_0003,778,True
MAR_Amb_AS_CBS_0003,783,True
MAR_Amb_AS_CBS_0003,785,True
MAR_Amb_AS_CBS_0003,787,True
MAR_Amb_AS_CBS_0003,788,True
MAR_Amb_AS_CBS_0003,790,True
MAR_Amb_AS_CBS_0003,791,True
MAR_Amb_AS_CBS_0003,795,True
MAR_Amb_AS_CBS_0003,796,True
MAR_Amb_AS_CBS_0003,797,True
MAR_Amb_AS_CBS_0003,801,True
MAR_Amb_AS_CBS_0003,802,True
MAR_Amb_AS_CBS_0003,805,True
MAR_Amb_AS_CBS_0003,806,True
MAR_Amb_AS_CBS_0003,807,True
MAR_Amb_AS_CBS_0003,809,True
MAR_Amb_AS_CBS_0003,810,True
MAR_Amb_AS_CBS_0003,811,True
MAR_Amb_AS_CBS_0003,812,True
MAR_Amb_AS_CBS_0003,813,True
MAR_Amb_AS_CBS_0003,814,True
MAR_Amb_AS_CBS_0003,816,True
MAR_Amb_AS_CBS_0003,817,True
MAR_Amb_AS_CBS_0003,819,True
MAR_Amb_AS_CBS_0003,820,True
MAR_Amb_AS_CBS_0003,821,True
MAR_Amb_AS_CBS_0003,827,True
MAR_Amb_AS_CBS_0003,833,True
MAR_Amb_AS_CBS_0003,835,True
MAR_Amb_AS_CBS_0003,837,True
MAR_Amb_AS_CBS_0003,838,True
MAR_Amb_AS_CBS_0003,843,True
MAR_Amb_AS_CBS_0003,844,True
MAR_Amb_AS_CBS_0003,847,True
MAR_Amb_AS_CBS_0003,848,True
MAR_Amb_AS_CBS_0003,850,True
MAR_Amb_AS_CBS_0003,851,True
MAR_Amb_AS_CBS_0003,852,True
MAR_Amb_AS_CBS_0003,857,True
MAR_Amb_AS_CBS_0003,860,True
MAR_Amb_AS_CBS_0003,865,True
MAR_Amb_AS_CBS_0003,867,True
MAR_Amb_AS_CBS_0003,868,True
MAR_Amb_AS_CBS_0003,869,True
MAR_Amb_AS_CBS_0003,873,True
MAR_Amb_AS_CBS_0003,878,True
MAR_Amb_AS_CBS_0003,881,True
MAR_Amb_AS_CBS_0003,885,True
MAR_Amb_AS_CBS_0003,888,True
MAR_Amb_AS_CBS_0003,889,True
MAR_Amb_AS_CBS_0003,892,True
MAR_Amb_AS_CBS_0003,897,True
MAR_Amb_AS_CBS_0003,898,True
MAR_Amb_AS_CBS_0003,899,True
MAR_Amb_AS_CBS_0003,900,True
MAR_Amb_AS_CBS_0003,901,True
MAR_Amb_AS_CBS_0003,904,True
MAR_Amb_AS_CBS_0003,905,True
MAR_Amb_AS_CBS_0003,907,True
MAR_Amb_AS_CBS_0003,910,True
MAR_Amb_AS_CBS_0003,914,True
MAR_Amb_AS_CBS_0003,922,True
MAR_Amb_AS_CBS_0003,923,True
MAR_Amb_AS_CBS_0003,924,True
MAR_Amb_AS_CBS_0003,925,True
MAR_Amb_AS_CBS_0003,935,True
MAR_Amb_AS_CBS_0003,937,True
MAR_Amb_AS_CBS_0003,942,True
MAR_Amb_AS_CBS_0003,949,True
MAR_Amb_AS_CBS_0003,951,True
MAR_Amb_AS_CBS_0003,953,True
MAR_Amb_AS_CBS_0003,955,True
MAR_Amb_AS_CBS_0003,960,True
MAR_Amb_AS_CBS_0003,965,True
MAR_Amb_AS_CBS_0003,969,True
MAR_Amb_AS_CBS_0003,982,True
MAR_Amb_AS_CBS_0003,983,True
MAR_Amb_AS_CBS_0003,986,True
MAR_Amb_AS_CBS_0003,988,True
MAR_Amb_AS_CBS_0003,990,True
MAR_Amb_AS_CBS_0003,995,True
MAR_Amb_AS_CBS_0003,1023,True
MAR_Amb_AS_CBS_0003,1033,True
MAR_Amb_AS_CBS_0003,1036,True
MAR_Amb_AS_CBS_0003,1043,True
MAR_Amb_AS_CBS_0003,1047,True
MAR_Amb_AS_CBS_0003,1050,True
MAR_Amb_AS_CBS_0003,1052,True
MAR_Amb_AS_CBS_0003,1100,True
MAR_Amb_AS_CBS_0003,1108,True
MAR_Amb_AS_CBS_0003,1110,True
MAR_Amb_AS_CBS_0003,1113,True
MAR_Amb_AS_CBS_0003,1202,True
MAR_Amb_AS_CBS_0003,1203,True
MAR_Amb_AS_CBS_0003,1204,True
MAR_Amb_AS_CBS_0003,1205,True
MAR_Amb_AS_CBS_0003,1209,True
MAR_Amb_AS_CBS_0003,1216,True
MAR_Amb_AS_CBS_0003,1217,True
MAR_Amb_AS_CBS_0003,1218,True
MAR_Amb_AS_CBS_0003,1223,True
MAR_Amb_AS_CBS_0003,1238,True
MAR_Amb_AS_CBS_0003,1240,True
MAR_Amb_AS_CBS_0003,1241,True
MAR_Amb_AS_CBS_0003,1242,True
MAR_Amb_AS_CBS_0003,1244,True
MAR_Amb_AS_CBS_0003,1245,True
MAR_Amb_AS_CBS_0003,1246,True
MAR_Amb_AS_CBS_0003,1247,True
MAR_Amb_AS_CBS_0003,1248,True
MAR_Amb_AS_CBS_0003,1249,True
MAR_Amb_AS_CBS_0003,1250,True
MAR_Amb_AS_CBS_0003,1251,True
MAR_Amb_AS_CBS_0003,1252,True
MAR_Amb_AS_CBS_0003,1258,True
MAR_Amb_AS_CBS_0003,1259,True
MAR_Amb_AS_CBS_0003,1260,True
MAR_Amb_AS_CBS_0003,1277,True
MAR_Amb_AS_CBS_0003,1278,True
MAR_Amb_AS_CBS_0003,1289,True
MAR_Amb_AS_CBS_0003,1306,True
MAR_Amb_AS_CBS_0003,1307,True
MAR_Amb_AS_CBS_0003,2148,True
MAR_Amb_AS_CBS_0003,2149,True
MAR_Amb_AS_CBS_0003,2150,True
MAR_Amb_AS_CBS_0003,2151,True
MAR_Amb_AS_CBS_0003,1077,False
MAR_Amb_AS_CBS_0003,1086,False
MAR_Amb_AS_CBS_0003,1094,False
MAR_Amb_AS_CBS_0003,1096,False
MAR_Amb_AS_CBS_0003,2152,False
MAR_Amb_AS_CBS_0003,798,erased
MAR_Amb_AS_CBS_0003,804,erased
MAR_Amb_AS_CBS_0003,839,erased
MAR_Amb_AS_CBS_0003,855,erased
MAR_Amb_AS_CBS_0003,859,erased
MAR_Amb_AS_CBS_0003,1126,erased
MAR_Amb_AS_CBS_0003,1141,erased
MAR_Amb_AS_CBS_0003,1150,erased
MAR_Amb_AS_CBS_0003,1153,erased
MAR_Amb_AS_CBS_0003,1154,erased
MAR_Amb_AS_CBS_0003,1162,erased
MAR_Amb_AS_CBS_0003,1164,erased
MAR_Amb_AS_CBS_0003,1167,erased
MAR_Amb_AS_CBS_0003,1176,erased
MAR_Amb_AS_CBS_0003,1303,erased
MAR_Amb_AS_CBS_0003,1304,erased
MAR_Amb_AS_CBS_0003,1305,erased
MAR_Amb_AS_ETD_0001,1,True
MAR_Amb_AS_ETD_0001,1,True
MAR_Amb_AS_ETD_0001,2,True
MAR_Amb_AS_ETD_0001,3,True
MAR_Amb_AS_ETD_0001,4,True
MAR_Amb_AS_ETD_0001,17,True
MAR_Amb_AS_ETD_0001,25,True
MAR_Amb_AS_ETD_0001,39,True
MAR_Amb_AS_ETD_0001,280,True
MAR_Amb_AS_ETD_0002,151,True
MAR_Amb_AS_ETD_0002,166,True
MAR_Amb_AS_ETD_0002,167,True
MAR_Amb_AS_ETD_0002,168,True
MAR_Amb_AS_ETD_0002,170,True
MAR_Amb_AS_ETD_0002,172,True
MAR_Amb_AS_ETD_0002,182,True
MAR_Amb_AS_ETD_0002,184,True
MAR_Amb_AS_ETD_0002,187,True
MAR_Amb_AS_ETD_0002,188,True
MAR_Amb_AS_ETD_0002,196,True
MAR_Amb_AS_ETD_0002,197,True
MAR_Amb_AS_ETD_0002,198,True
MAR_Amb_AS_ETD_0002,201,True
MAR_Amb_AS_ETD_0002,203,True
MAR_Amb_AS_ETD_0002,204,True
MAR_Amb_AS_ETD_0002,205,True
MAR_Amb_AS_ETD_0002,206,True
MAR_Amb_AS_ETD_0002,210,True
MAR_Amb_AS_ETD_0002,212,True
MAR_Amb_AS_ETD_0002,214,True
MAR_Amb_AS_ETD_0002,217,True
MAR_Amb_AS_ETD_0002,218,True
MAR_Amb_AS_ETD_0002,219,True
MAR_Amb_AS_ETD_0002,223,True
MAR_Amb_AS_ETD_0002,225,True
MAR_Amb_AS_ETD_0002,226,True
MAR_Amb_AS_ETD_0002,229,True
MAR_Amb_AS_ETD_0002,230,True
MAR_Amb_AS_ETD_0002,232,True
MAR_Amb_AS_ETD_0002,234,True
MAR_Amb_AS_ETD_0002,235,True
MAR_Amb_AS_ETD_0002,236,True
MAR_Amb_AS_ETD_0002,239,True
MAR_Amb_AS_ETD_0002,240,True
MAR_Amb_AS_ETD_0002,242,True
MAR_Amb_AS_ETD_0002,243,True
MAR_Amb_AS_ETD_0002,244,True
MAR_Amb_AS_ETD_0002,245,True
MAR_Amb_AS_ETD_0002,246,True
MAR_Amb_AS_ETD_0002,248,True
MAR_Amb_AS_ETD_0002,249,True
MAR_Amb_AS_ETD_0002,251,True
MAR_Amb_AS_ETD_0002,252,True
MAR_Amb_AS_ETD_0002,253,True
MAR_Amb_AS_ETD_0002,254,True
MAR_Amb_AS_ETD_0002,258,True
MAR_Amb_AS_ETD_0002,259,True
MAR_Amb_AS_ETD_0002,260,True
MAR_Amb_AS_ETD_0002,261,True
MAR_Amb_AS_ETD_0002,264,True
MAR_Amb_AS_ETD_0002,266,True
MAR_Amb_AS_ETD_0002,267,True
MAR_Amb_AS_ETD_0002,268,True
MAR_Amb_AS_ETD_0002,269,True
MAR_Amb_AS_ETD_0002,270,True
MAR_Amb_AS_ETD_0002,271,True
MAR_Amb_AS_ETD_0002,273,True
MAR_Amb_AS_ETD_0002,275,True
MAR_Amb_AS_ETD_0002,278,True
MAR_Amb_AS_ETD_0002,279,True
MAR_Amb_AS_ETD_0002,281,True
MAR_Amb_AS_ETD_0002,282,True
MAR_Amb_AS_ETD_0002,283,True
MAR_Amb_AS_ETD_0002,284,True
MAR_Amb_AS_ETD_0002,286,True
MAR_Amb_AS_ETD_0002,287,True
MAR_Amb_AS_ETD_0002,288,True
MAR_Amb_AS_ETD_0002,289,True
MAR_Amb_AS_ETD_0002,290,True
MAR_Amb_AS_ETD_0002,293,True
MAR_Amb_AS_ETD_0002,294,True
MAR_Amb_AS_ETD_0002,295,True
MAR_Amb_AS_ETD_0002,296,True
MAR_Amb_AS_ETD_0002,298,True
MAR_Amb_AS_ETD_0002,300,True
MAR_Amb_AS_ETD_0002,301,True
MAR_Amb_AS_ETD_0002,302,True
MAR_Amb_AS_ETD_0002,303,True
MAR_Amb_AS_ETD_0002,304,True
MAR_Amb_AS_ETD_0002,305,True
MAR_Amb_AS_ETD_0002,306,True
MAR_Amb_AS_ETD_0002,307,True
MAR_Amb_AS_ETD_0002,308,True
MAR_Amb_AS_ETD_0002,309,True
MAR_Amb_AS_ETD_0002,310,True
MAR_Amb_AS_ETD_0002,312,True
MAR_Amb_AS_ETD_0002,317,True
MAR_Amb_AS_ETD_0002,318,True
MAR_Amb_AS_ETD_0002,319,True
MAR_Amb_AS_ETD_0002,320,True
MAR_Amb_AS_ETD_0002,321,True
MAR_Amb_AS_ETD_0002,322,True
MAR_Amb_AS_ETD_0002,325,True
MAR_Amb_AS_ETD_0002,326,True
MAR_Amb_AS_ETD_0002,327,True
MAR_Amb_AS_ETD_0002,329,True
MAR_Amb_AS_ETD_0002,330,True
MAR_Amb_AS_ETD_0002,331,True
MAR_Amb_AS_ETD_0002,332,True
MAR_Amb_AS_ETD_0002,333,True
MAR_Amb_AS_ETD_0002,334,True
MAR_Amb_AS_ETD_0002,335,True
MAR_Amb_AS_ETD_0002,336,True
MAR_Amb_AS_ETD_0002,337,True
MAR_Amb_AS_ETD_0002,338,True
MAR_Amb_AS_ETD_0002,339,True
MAR_Amb_AS_ETD_0002,340,True
MAR_Amb_AS_ETD_0002,341,True
MAR_Amb_AS_ETD_0002,344,True
MAR_Amb_AS_ETD_0002,345,True
MAR_Amb_AS_ETD_0002,346,True
MAR_Amb_AS_ETD_0002,347,True
MAR_Amb_AS_ETD_0002,348,True
MAR_Amb_AS_ETD_0002,349,True
MAR_Amb_AS_ETD_0002,352,True
MAR_Amb_AS_ETD_0002,353,True
MAR_Amb_AS_ETD_0002,354,True
MAR_Amb_AS_ETD_0002,355,True
MAR_Amb_AS_ETD_0002,356,True
MAR_Amb_AS_ETD_0002,357,True
MAR_Amb_AS_ETD_0002,358,True
MAR_Amb_AS_ETD_0002,359,True
MAR_Amb_AS_ETD_0002,360,True
MAR_Amb_AS_ETD_0002,362,True
MAR_Amb_AS_ETD_0002,363,True
MAR_Amb_AS_ETD_0002,365,True
MAR_Amb_AS_ETD_0002,366,True
MAR_Amb_AS_ETD_0002,367,True
MAR_Amb_AS_ETD_0002,368,True
MAR_Amb_AS_ETD_0002,369,True
MAR_Amb_AS_ETD_0002,371,True
MAR_Amb_AS_ETD_0002,372,True
MAR_Amb_AS_ETD_0002,373,True
MAR_Amb_AS_ETD_0002,374,True
MAR_Amb_AS_ETD_0002,376,True
MAR_Amb_AS_ETD_0002,377,True
MAR_Amb_AS_ETD_0002,378,True
MAR_Amb_AS_ETD_0002,379,True
MAR_Amb_AS_ETD_0002,381,True
MAR_Amb_AS_ETD_0002,382,True
MAR_Amb_AS_ETD_0002,383,True
MAR_Amb_AS_ETD_0002,384,True
MAR_Amb_AS_ETD_0002,385,True
MAR_Amb_AS_ETD_0002,386,True
MAR_Amb_AS_ETD_0002,388,True
MAR_Amb_AS_ETD_0002,389,True
MAR_Amb_AS_ETD_0002,390,True
MAR_Amb_AS_ETD_0002,391,True
MAR_Amb_AS_ETD_0002,392,True
MAR_Amb_AS_ETD_0002,393,True
MAR_Amb_AS_ETD_0002,395,True
MAR_Amb_AS_ETD_0002,396,True
MAR_Amb_AS_ETD_0002,397,True
MAR_Amb_AS_ETD_0002,398,True
MAR_Amb_AS_ETD_0002,399,True
MAR_Amb_AS_ETD_0002,400,True
MAR_Amb_AS_ETD_0002,403,True
MAR_Amb_AS_ETD_0002,404,True
MAR_Amb_AS_ETD_0002,405,True
MAR_Amb_AS_ETD_0002,406,True
MAR_Amb_AS_ETD_0002,407,True
MAR_Amb_AS_ETD_0002,408,True
MAR_Amb_AS_ETD_0002,409,True
MAR_Amb_AS_ETD_0002,410,True
MAR_Amb_AS_ETD_0002,411,True
MAR_Amb_AS_ETD_0002,412,True
MAR_Amb_AS_ETD_0002,413,True
MAR_Amb_AS_ETD_0002,414,True
MAR_Amb_AS_ETD_0002,415,True
MAR_Amb_AS_ETD_0002,416,True
MAR_Amb_AS_ETD_0002,417,True
MAR_Amb_AS_ETD_0002,418,True
MAR_Amb_AS_ETD_0002,420,True
MAR_Amb_AS_ETD_0002,421,True
MAR_Amb_AS_ETD_0002,423,True
MAR_Amb_AS_ETD_0002,424,True
MAR_Amb_AS_ETD_0002,426,True
MAR_Amb_AS_ETD_0002,427,True
MAR_Amb_AS_ETD_0002,428,True
MAR_Amb_AS_ETD_0002,429,True
MAR_Amb_AS_ETD_0002,430,True
MAR_Amb_AS_ETD_0002,431,True
MAR_Amb_AS_ETD_0002,432,True
MAR_Amb_AS_ETD_0002,433,True
MAR_Amb_AS_ETD_0002,434,True
MAR_Amb_AS_ETD_0002,435,True
MAR_Amb_AS_ETD_0002,439,True
MAR_Amb_AS_ETD_0002,440,True
MAR_Amb_AS_ETD_0002,441,True
MAR_Amb_AS_ETD_0002,442,True
MAR_Amb_AS_ETD_0002,443,True
MAR_Amb_AS_ETD_0002,444,True
MAR_Amb_AS_ETD_0002,446,True
MAR_Amb_AS_ETD_0002,448,True
MAR_Amb_AS_ETD_0002,450,True
MAR_Amb_AS_ETD_0002,451,True
MAR_Amb_AS_ETD_0002,452,True
MAR_Amb_AS_ETD_0002,453,True
MAR_Amb_AS_ETD_0002,454,True
MAR_Amb_AS_ETD_0002,455,True
MAR_Amb_AS_ETD_0002,457,True
MAR_Amb_AS_ETD_0002,458,True
MAR_Amb_AS_ETD_0002,459,True
MAR_Amb_AS_ETD_0002,460,True
MAR_Amb_AS_ETD_0002,461,True
MAR_Amb_AS_ETD_0002,462,True
MAR_Amb_AS_ETD_0002,463,True
MAR_Amb_AS_ETD_0002,465,True
MAR_Amb_AS_ETD_0002,466,True
MAR_Amb_AS_ETD_0002,467,True
MAR_Amb_AS_ETD_0002,468,True
MAR_Amb_AS_ETD_0002,469,True
MAR_Amb_AS_ETD_0002,470,True
MAR_Amb_AS_ETD_0002,471,True
MAR_Amb_AS_ETD_0002,472,True
MAR_Amb_AS_ETD_0002,473,True
MAR_Amb_AS_ETD_0002,474,True
MAR_Amb_AS_ETD_0002,475,True
MAR_Amb_AS_ETD_0002,476,True
MAR_Amb_AS_ETD_0002,477,True
MAR_Amb_AS_ETD_0002,478,True
MAR_Amb_AS_ETD_0002,479,True
MAR_Amb_AS_ETD_0002,481,True
MAR_Amb_AS_ETD_0002,483,True
MAR_Amb_AS_ETD_0002,484,True
MAR_Amb_AS_ETD_0002,485,True
MAR_Amb_AS_ETD_0002,486,True
MAR_Amb_AS_ETD_0002,487,True
MAR_Amb_AS_ETD_0002,488,True
MAR_Amb_AS_ETD_0002,489,True
MAR_Amb_AS_ETD_0002,490,True
MAR_Amb_AS_ETD_0002,491,True
MAR_Amb_AS_ETD_0002,492,True
MAR_Amb_AS_ETD_0002,494,True
MAR_Amb_AS_ETD_0002,496,True
MAR_Amb_AS_ETD_0002,497,True
MAR_Amb_AS_ETD_0002,498,True
MAR_Amb_AS_ETD_0002,499,True
MAR_Amb_AS_ETD_0002,501,True
MAR_Amb_AS_ETD_0002,502,True
MAR_Amb_AS_ETD_0002,503,True
MAR_Amb_AS_ETD_0002,504,True
MAR_Amb_AS_ETD_0002,505,True
MAR_Amb_AS_ETD_0002,506,True
MAR_Amb_AS_ETD_0002,509,True
MAR_Amb_AS_ETD_0002,510,True
MAR_Amb_AS_ETD_0002,511,True
MAR_Amb_AS_ETD_0002,512,True
MAR_Amb_AS_ETD_0002,514,True
MAR_Amb_AS_ETD_0002,515,True
MAR_Amb_AS_ETD_0002,516,True
MAR_Amb_AS_ETD_0002,517,True
MAR_Amb_AS_ETD_0002,519,True
MAR_Amb_AS_ETD_0002,520,True
MAR_Amb_AS_ETD_0002,521,True
MAR_Amb_AS_ETD_0002,524,True
MAR_Amb_AS_ETD_0002,525,True
MAR_Amb_AS_ETD_0002,526,True
MAR_Amb_AS_ETD_0002,528,True
MAR_Amb_AS_ETD_0002,529,True
MAR_Amb_AS_ETD_0002,530,True
MAR_Amb_AS_ETD_0002,531,True
MAR_Amb_AS_ETD_0002,532,True
MAR_Amb_AS_ETD_0002,533,True
MAR_Amb_AS_ETD_0002,534,True
MAR_Amb_AS_ETD_0002,535,True
MAR_Amb_AS_ETD_0002,536,True
MAR_Amb_AS_ETD_0002,537,True
MAR_Amb_AS_ETD_0002,538,True
MAR_Amb_AS_ETD_0002,540,True
MAR_Amb_AS_ETD_0002,541,True
MAR_Amb_AS_ETD_0002,542,True
MAR_Amb_AS_ETD_0002,544,True
MAR_Amb_AS_ETD_0002,545,True
MAR_Amb_AS_ETD_0002,546,True
MAR_Amb_AS_ETD_0002,547,True
MAR_Amb_AS_ETD_0002,548,True
MAR_Amb_AS_ETD_0002,550,True
MAR_Amb_AS_ETD_0002,552,True
MAR_Amb_AS_ETD_0002,553,True
MAR_Amb_AS_ETD_0002,554,True
MAR_Amb_AS_ETD_0002,559,True
MAR_Amb_AS_ETD_0002,560,True
MAR_Amb_AS_ETD_0002,561,True
MAR_Amb_AS_ETD_0002,562,True
MAR_Amb_AS_ETD_0002,563,True
MAR_Amb_AS_ETD_0002,565,True
MAR_Amb_AS_ETD_0002,568,True
MAR_Amb_AS_ETD_0002,569,True
MAR_Amb_AS_ETD_0002,573,True
MAR_Amb_AS_ETD_0002,577,True
MAR_Amb_AS_ETD_0002,578,True
MAR_Amb_AS_ETD_0002,581,True
MAR_Amb_AS_ETD_0002,586,True
MAR_Amb_AS_ETD_0002,589,True
MAR_Amb_AS_ETD_0002,591,True
MAR_Amb_AS_ETD_0002,593,True
MAR_Amb_AS_ETD_0002,595,True
MAR_Amb_AS_ETD_0002,598,True
MAR_Amb_AS_ETD_0002,602,True
MAR_Amb_AS_ETD_0002,603,True
MAR_Amb_AS_ETD_0002,604,True
MAR_Amb_AS_ETD_0002,605,True
MAR_Amb_AS_ETD_0002,606,True
MAR_Amb_AS_ETD_0002,608,True
MAR_Amb_AS_ETD_0002,610,True
MAR_Amb_AS_ETD_0002,612,True
MAR_Amb_AS_ETD_0002,613,True
MAR_Amb_AS_ETD_0002,614,True
MAR_Amb_AS_ETD_0002,615,True
MAR_Amb_AS_ETD_0002,617,True
MAR_Amb_AS_ETD_0002,618,True
MAR_Amb_AS_ETD_0002,620,True
MAR_Amb_AS_ETD_0002,621,True
MAR_Amb_AS_ETD_0002,622,True
MAR_Amb_AS_ETD_0002,623,True
MAR_Amb_AS_ETD_0002,627,True
MAR_Amb_AS_ETD_0002,628,True
MAR_Amb_AS_ETD_0002,629,True
MAR_Amb_AS_ETD_0002,631,True
MAR_Amb_AS_ETD_0002,633,True
MAR_Amb_AS_ETD_0002,634,True
MAR_Amb_AS_ETD_0002,635,True
MAR_Amb_AS_ETD_0002,636,True
MAR_Amb_AS_ETD_0002,637,True
MAR_Amb_AS_ETD_0002,641,True
MAR_Amb_AS_ETD_0002,642,True
MAR_Amb_AS_ETD_0002,648,True
MAR_Amb_AS_ETD_0002,651,True
MAR_Amb_AS_ETD_0002,654,True
MAR_Amb_AS_ETD_0002,658,True
MAR_Amb_AS_ETD_0002,661,True
MAR_Amb_AS_ETD_0002,664,True
MAR_Amb_AS_ETD_0002,670,True
MAR_Amb_Cast_CBS_0005,194,True
MAR_Amb_Cast_CBS_0005,268,True
MAR_Amb_Cast_CBS_0005,283,True
MAR_Amb_Cast_CBS_0005,299,True
MAR_Amb_Cast_CBS_0005,311,True
MAR_Amb_Cast_CBS_0005,316,True
MAR_Amb_Cast_CBS_0005,537,True
MAR_Amb_Cast_CBS_0005,883,True
MAR_Amb_Cast_CBS_0005,888,True
MAR_Amb_Cast_CBS_0005,889,True
MAR_Amb_Cast_CBS_0005,892,True
MAR_Amb_Cast_CBS_0005,895,True
MAR_Amb_Cast_CBS_0005,896,True
MAR_Amb_Cast_CBS_0005,897,True
MAR_Amb_Cast_CBS_0005,898,True
MAR_Amb_Cast_CBS_0005,900,True
MAR_Amb_Cast_CBS_0005,901,True
MAR_Amb_Cast_CBS_0005,902,True
MAR_Amb_Cast_CBS_0005,906,True
MAR_Amb_Cast_CBS_0005,907,True
MAR_Amb_Cast_CBS_0005,908,True
MAR_Amb_Cast_CBS_0005,909,True
MAR_Amb_Cast_CBS_0005,910,True
MAR_Amb_Cast_CBS_0005,912,True
MAR_Amb_Cast_CBS_0005,913,True
MAR_Amb_Cast_CBS_0005,914,True
MAR_Amb_Cast_CBS_0005,915,True
MAR_Amb_Cast_CBS_0005,918,True
MAR_Amb_Cast_CBS_0005,919,True
MAR_Amb_Cast_CBS_0005,921,True
MAR_Amb_Cast_CBS_0005,923,True
MAR_Amb_Cast_CBS_0005,925,True
MAR_Amb_Cast_CBS_0005,927,True
MAR_Amb_Cast_CBS_0005,930,True
MAR_Amb_Cast_CBS_0005,932,True
MAR_Amb_Cast_CBS_0005,935,True
MAR_Amb_Cast_CBS_0005,939,True
MAR_Amb_Cast_CBS_0005,940,True
MAR_Amb_Cast_CBS_0005,944,True
MAR_Amb_Cast_CBS_0005,947,True
MAR_Amb_Cast_CBS_0005,951,True
MAR_Amb_Cast_CBS_0005,955,True
MAR_Amb_Cast_CBS_0005,956,True
MAR_Amb_Cast_CBS_0005,957,True
MAR_Amb_Cast_CBS_0005,959,True
MAR_Amb_Cast_CBS_0005,961,True
MAR_Amb_Cast_CBS_0005,962,True
MAR_Amb_Cast_CBS_0005,966,True
MAR_Amb_Cast_CBS_0005,968,True
MAR_Amb_Cast_CBS_0005,969,True
MAR_Amb_Cast_CBS_0005,970,True
MAR_Amb_Cast_CBS_0005,971,True
MAR_Amb_Cast_CBS_0005,972,True
MAR_Amb_Cast_CBS_0005,974,True
MAR_Amb_Cast_CBS_0005,979,True
MAR_Amb_Cast_CBS_0005,981,True
MAR_Amb_Cast_CBS_0005,984,True
MAR_Amb_Cast_CBS_0005,985,True
MAR_Amb_Cast_CBS_0005,986,True
MAR_Amb_Cast_CBS_0005,988,True
MAR_Amb_Cast_CBS_0005,991,True
MAR_Amb_Cast_CBS_0005,992,True
MAR_Amb_Cast_CBS_0005,993,True
MAR_Amb_Cast_CBS_0005,994,True
MAR_Amb_Cast_CBS_0005,995,True
MAR_Amb_Cast_CBS_0005,996,True
MAR_Amb_Cast_CBS_0005,999,True
MAR_Amb_Cast_CBS_0005,1003,True
MAR_Amb_Cast_CBS_0005,1004,True
MAR_Amb_Cast_CBS_0005,1007,True
MAR_Amb_Cast_CBS_0005,1008,True
MAR_Amb_Cast_CBS_0005,1010,True
MAR_Amb_Cast_CBS_0005,1011,True
MAR_Amb_Cast_CBS_0005,1012,True
MAR_Amb_Cast_CBS_0005,1013,True
MAR_Amb_Cast_CBS_0005,1014,True
MAR_Amb_Cast_CBS_0005,1015,True
MAR_Amb_Cast_CBS_0005,1017,True
MAR_Amb_Cast_CBS_0005,1018,True
MAR_Amb_Cast_CBS_0005,1019,True
MAR_Amb_Cast_CBS_0005,1020,True
MAR_Amb_Cast_CBS_0005,1021,True
MAR_Amb_Cast_CBS_0005,1022,True
MAR_Amb_Cast_CBS_0005,1023,True
MAR_Amb_Cast_CBS_0005,1025,True
MAR_Amb_Cast_CBS_0005,1027,True
MAR_Amb_Cast_CBS_0005,1028,True
MAR_Amb_Cast_CBS_0005,1029,True
MAR_Amb_Cast_CBS_0005,1030,True
MAR_Amb_Cast_CBS_0005,1031,True
MAR_Amb_Cast_CBS_0005,1032,True
MAR_Amb_Cast_CBS_0005,1033,True
MAR_Amb_Cast_CBS_0005,1034,True
MAR_Amb_Cast_CBS_0005,1035,True
MAR_Amb_Cast_CBS_0005,1036,True
MAR_Amb_Cast_CBS_0005,1037,True
MAR_Amb_Cast_CBS_0005,1039,True
MAR_Amb_Cast_CBS_0005,1040,True
MAR_Amb_Cast_CBS_0005,1041,True
MAR_Amb_Cast_CBS_0005,1042,True
MAR_Amb_Cast_CBS_0005,1044,True
MAR_Amb_Cast_CBS_0005,1045,True
MAR_Amb_Cast_CBS_0005,1048,True
MAR_Amb_Cast_CBS_0005,1050,True
MAR_Amb_Cast_CBS_0005,1051,True
MAR_Amb_Cast_CBS_0005,1052,True
MAR_Amb_Cast_CBS_0005,1053,True
MAR_Amb_Cast_CBS_0005,1054,True
MAR_Amb_Cast_CBS_0005,1055,True
MAR_Amb_Cast_CBS_0005,1057,True
MAR_Amb_Cast_CBS_0005,1058,True
MAR_Amb_Cast_CBS_0005,1061,True
MAR_Amb_Cast_CBS_0005,1063,True
MAR_Amb_Cast_CBS_0005,1064,True
MAR_Amb_Cast_CBS_0005,1066,True
MAR_Amb_Cast_CBS_0005,1067,True
MAR_Amb_Cast_CBS_0005,1068,True
MAR_Amb_Cast_CBS_0005,1070,True
MAR_Amb_Cast_CBS_0005,1071,True
MAR_Amb_Cast_CBS_0005,1072,True
MAR_Amb_Cast_CBS_0005,1077,True
MAR_Amb_Cast_CBS_0005,1078,True
MAR_Amb_Cast_CBS_0005,1079,True
MAR_Amb_Cast_CBS_0005,1080,True
MAR_Amb_Cast_CBS_0005,1082,True
MAR_Amb_Cast_CBS_0005,1083,True
MAR_Amb_Cast_CBS_0005,1084,True
MAR_Amb_Cast_CBS_0005,1086,True
MAR_Amb_Cast_CBS_0005,1087,True
MAR_Amb_Cast_CBS_0005,1089,True
MAR_Amb_Cast_CBS_0005,1090,True
MAR_Amb_Cast_CBS_0005,1094,True
MAR_Amb_Cast_CBS_0005,1095,True
MAR_Amb_Cast_CBS_0005,1096,True
MAR_Amb_Cast_CBS_0005,1097,True
MAR_Amb_Cast_CBS_0005,1098,True
MAR_Amb_Cast_CBS_0005,1101,True
MAR_Amb_Cast_CBS_0005,1102,True
MAR_Amb_Cast_CBS_0005,1105,True
MAR_Amb_Cast_CBS_0005,1106,True
MAR_Amb_Cast_CBS_0005,1107,True
MAR_Amb_Cast_CBS_0005,1111,True
MAR_Amb_Cast_CBS_0005,1112,True
MAR_Amb_Cast_CBS_0005,1113,True
MAR_Amb_Cast_CBS_0005,1114,True
MAR_Amb_Cast_CBS_0005,1115,True
MAR_Amb_Cast_CBS_0005,1118,True
MAR_Amb_Cast_CBS_0005,1119,True
MAR_Amb_Cast_CBS_0005,1120,True
MAR_Amb_Cast_CBS_0005,1122,True
MAR_Amb_Cast_CBS_0005,1125,True
MAR_Amb_Cast_CBS_0005,1126,True
MAR_Amb_Cast_CBS_0005,1127,True
MAR_Amb_Cast_CBS_0005,1133,True
MAR_Amb_Cast_CBS_0005,1135,True
MAR_Amb_Cast_CBS_0005,1136,True
MAR_Amb_Cast_CBS_0005,1137,True
MAR_Amb_Cast_CBS_0005,1138,True
MAR_Amb_Cast_CBS_0005,1139,True
MAR_Amb_Cast_CBS_0005,1141,True
MAR_Amb_Cast_CBS_0005,1143,True
MAR_Amb_Cast_CBS_0005,1144,True
MAR_Amb_Cast_CBS_0005,1145,True
MAR_Amb_Cast_CBS_0005,1147,True
MAR_Amb_Cast_CBS_0005,1148,True
MAR_Amb_Cast_CBS_0005,1149,True
MAR_Amb_Cast_CBS_0005,1150,True
MAR_Amb_Cast_CBS_0005,1151,True
MAR_Amb_Cast_CBS_0005,1154,True
MAR_Amb_Cast_CBS_0005,1156,True
MAR_Amb_Cast_CBS_0005,1157,True
MAR_Amb_Cast_CBS_0005,1158,True
MAR_Amb_Cast_CBS_0005,1159,True
MAR_Amb_Cast_CBS_0005,1160,True
MAR_Amb_Cast_CBS_0005,1161,True
MAR_Amb_Cast_CBS_0005,1165,True
MAR_Amb_Cast_CBS_0005,1166,True
MAR_Amb_Cast_CBS_0005,1167,True
MAR_Amb_Cast_CBS_0005,1168,True
MAR_Amb_Cast_CBS_0005,1169,True
MAR_Amb_Cast_CBS_0005,1170,True
MAR_Amb_Cast_CBS_0005,1175,True
MAR_Amb_Cast_CBS_0005,1176,True
MAR_Amb_Cast_CBS_0005,1177,True
MAR_Amb_Cast_CBS_0005,1178,True
MAR_Amb_Cast_CBS_0005,1180,True
MAR_Amb_Cast_CBS_0005,1183,True
MAR_Amb_Cast_CBS_0005,1184,True
MAR_Amb_Cast_CBS_0005,1186,True
MAR_Amb_Cast_CBS_0005,1187,True
MAR_Amb_Cast_CBS_0005,1188,True
MAR_Amb_Cast_CBS_0005,1189,True
MAR_Amb_Cast_CBS_0005,1190,True
MAR_Amb_Cast_CBS_0005,1191,True
MAR_Amb_Cast_CBS_0005,1192,True
MAR_Amb_Cast_CBS_0005,1193,True
MAR_Amb_Cast_CBS_0005,1194,True
MAR_Amb_Cast_CBS_0005,1195,True
MAR_Amb_Cast_CBS_0005,1196,True
MAR_Amb_Cast_CBS_0005,1197,True
MAR_Amb_Cast_CBS_0005,1198,True
MAR_Amb_Cast_CBS_0005,1199,True
MAR_Amb_Cast_CBS_0005,1203,True
MAR_Amb_Cast_CBS_0005,1204,True
MAR_Amb_Cast_CBS_0005,1205,True
MAR_Amb_Cast_CBS_0005,1207,True
MAR_Amb_Cast_CBS_0005,1208,True
MAR_Amb_Cast_CBS_0005,1211,True
MAR_Amb_Cast_CBS_0005,1212,True
MAR_Amb_Cast_CBS_0005,1214,True
MAR_Amb_Cast_CBS_0005,1215,True
MAR_Amb_Cast_CBS_0005,1216,True
MAR_Amb_Cast_CBS_0005,1217,True
MAR_Amb_Cast_CBS_0005,1218,True
MAR_Amb_Cast_CBS_0005,1219,True
MAR_Amb_Cast_CBS_0005,1220,True
MAR_Amb_Cast_CBS_0005,1223,True
MAR_Amb_Cast_CBS_0005,1224,True
MAR_Amb_Cast_CBS_0005,1225,True
MAR_Amb_Cast_CBS_0005,1226,True
MAR_Amb_Cast_CBS_0005,1227,True
MAR_Amb_Cast_CBS_0005,1228,True
MAR_Amb_Cast_CBS_0005,1229,True
MAR_Amb_Cast_CBS_0005,1230,True
MAR_Amb_Cast_CBS_0005,1233,True
MAR_Amb_Cast_CBS_0005,1234,True
MAR_Amb_Cast_CBS_0005,1235,True
MAR_Amb_Cast_CBS_0005,1236,True
MAR_Amb_Cast_CBS_0005,1237,True
MAR_Amb_Cast_CBS_0005,1238,True
MAR_Amb_Cast_CBS_0005,1239,True
MAR_Amb_Cast_CBS_0005,1241,True
MAR_Amb_Cast_CBS_0005,1242,True
MAR_Amb_Cast_CBS_0005,1244,True
MAR_Amb_Cast_CBS_0005,1246,True
MAR_Amb_Cast_CBS_0005,1247,True
MAR_Amb_Cast_CBS_0005,1248,True
MAR_Amb_Cast_CBS_0005,1249,True
MAR_Amb_Cast_CBS_0005,1250,True
MAR_Amb_Cast_CBS_0005,1255,True
MAR_Amb_Cast_CBS_0005,1256,True
MAR_Amb_Cast_CBS_0005,1257,True
MAR_Amb_Cast_CBS_0005,1259,True
MAR_Amb_Cast_CBS_0005,1260,True
MAR_Amb_Cast_CBS_0005,1261,True
MAR_Amb_Cast_CBS_0005,1262,True
MAR_Amb_Cast_CBS_0005,1263,True
MAR_Amb_Cast_CBS_0005,1264,True
MAR_Amb_Cast_CBS_0005,1265,True
MAR_Amb_Cast_CBS_0005,1266,True
MAR_Amb_Cast_CBS_0005,1267,True
MAR_Amb_Cast_CBS_0005,1268,True
MAR_Amb_Cast_CBS_0005,1269,True
MAR_Amb_Cast_CBS_0005,1270,True
MAR_Amb_Cast_CBS_0005,1271,True
MAR_Amb_Cast_CBS_0005,1272,True
MAR_Amb_Cast_CBS_0005,1273,True
MAR_Amb_Cast_CBS_0005,1274,True
MAR_Amb_Cast_CBS_0005,1275,True
MAR_Amb_Cast_CBS_0005,1276,True
MAR_Amb_Cast_CBS_0005,1277,True
MAR_Amb_Cast_CBS_0005,1278,True
MAR_Amb_Cast_CBS_0005,1279,True
MAR_Amb_Cast_CBS_0005,1280,True
MAR_Amb_Cast_CBS_0005,1281,True
MAR_Amb_Cast_CBS_0005,1282,True
MAR_Amb_Cast_CBS_0005,1283,True
MAR_Amb_Cast_CBS_0005,1284,True
MAR_Amb_Cast_CBS_0005,1285,True
MAR_Amb_Cast_CBS_0005,1286,True
MAR_Amb_Cast_CBS_0005,1287,True
MAR_Amb_Cast_CBS_0005,1288,True
MAR_Amb_Cast_CBS_0005,1289,True
MAR_Amb_Cast_CBS_0005,1291,True
MAR_Amb_Cast_CBS_0005,1292,True
MAR_Amb_Cast_CBS_0005,1293,True
MAR_Amb_Cast_CBS_0005,1294,True
MAR_Amb_Cast_CBS_0005,1295,True
MAR_Amb_Cast_CBS_0005,1296,True
MAR_Amb_Cast_CBS_0005,1297,True
MAR_Amb_Cast_CBS_0005,1298,True
MAR_Amb_Cast_CBS_0005,1299,True
MAR_Amb_Cast_CBS_0005,1300,True
MAR_Amb_Cast_CBS_0005,1301,True
MAR_Amb_Cast_CBS_0005,1302,True
MAR_Amb_Cast_CBS_0005,1303,True
MAR_Amb_Cast_CBS_0005,1304,True
MAR_Amb_Cast_CBS_0005,1305,True
MAR_Amb_Cast_CBS_0005,1306,True
MAR_Amb_Cast_CBS_0005,1308,True
MAR_Amb_Cast_CBS_0005,1309,True
MAR_Amb_Cast_CBS_0005,1310,True
MAR_Amb_Cast_CBS_0005,1311,True
MAR_Amb_Cast_CBS_0005,1312,True
MAR_Amb_Cast_CBS_0005,1313,True
MAR_Amb_Cast_CBS_0005,1314,True
MAR_Amb_Cast_CBS_0005,1315,True
MAR_Amb_Cast_CBS_0005,1316,True
MAR_Amb_Cast_CBS_0005,1317,True
MAR_Amb_Cast_CBS_0005,1318,True
MAR_Amb_Cast_CBS_0005,1319,True
MAR_Amb_Cast_CBS_0005,1320,True
MAR_Amb_Cast_CBS_0005,1321,True
MAR_Amb_Cast_CBS_0005,1322,True
MAR_Amb_Cast_CBS_0005,1323,True
MAR_Amb_Cast_CBS_0005,1324,True
MAR_Amb_Cast_CBS_0005,1326,True
MAR_Amb_Cast_CBS_0005,1327,True
MAR_Amb_Cast_CBS_0005,1328,True
MAR_Amb_Cast_CBS_0005,1329,True
MAR_Amb_Cast_CBS_0005,1330,True
MAR_Amb_Cast_CBS_0005,1331,True
MAR_Amb_Cast_CBS_0005,1332,True
MAR_Amb_Cast_CBS_0005,1334,True
MAR_Amb_Cast_CBS_0005,1335,True
MAR_Amb_Cast_CBS_0005,1336,True
MAR_Amb_Cast_CBS_0005,1337,True
MAR_Amb_Cast_CBS_0005,1339,True
MAR_Amb_Cast_CBS_0005,1340,True
MAR_Amb_Cast_CBS_0005,1341,True
MAR_Amb_Cast_CBS_0005,1342,True
MAR_Amb_Cast_CBS_0005,1343,True
MAR_Amb_Cast_CBS_0005,1345,True
MAR_Amb_Cast_CBS_0005,1346,True
MAR_Amb_Cast_CBS_0005,1347,True
MAR_Amb_Cast_CBS_0005,1348,True
MAR_Amb_Cast_CBS_0005,1349,True
MAR_Amb_Cast_CBS_0005,1350,True
MAR_Amb_Cast_CBS_0005,1351,True
MAR_Amb_Cast_CBS_0005,1352,True
MAR_Amb_Cast_CBS_0005,1354,True
MAR_Amb_Cast_CBS_0005,1367,True
MAR_Amb_Cast_CBS_0005,1369,True
MAR_Amb_Cast_CBS_0005,1371,True
MAR_Amb_Cast_CBS_0005,1372,True
MAR_Amb_Cast_CBS_0005,1373,True
MAR_Amb_Cast_CBS_0005,1378,True
MAR_Amb_Cast_CBS_0005,1379,True
MAR_Amb_Cast_CBS_0005,1380,True
MAR_Amb_Cast_CBS_0005,1381,True
MAR_Amb_Cast_CBS_0005,1386,True
MAR_Amb_Cast_CBS_0005,1389,True
MAR_Amb_Cast_CBS_0005,1391,True
MAR_Amb_Cast_CBS_0005,1392,True
MAR_Amb_Cast_CBS_0005,1393,True
MAR_Amb_Cast_CBS_0005,1397,True
MAR_Amb_Cast_CBS_0005,1398,True
MAR_Amb_Cast_CBS_0005,1399,True
MAR_Amb_Cast_CBS_0005,1583,True
MAR_Amb_Cast_CBS_0005,1585,True
MAR_Amb_Cast_CBS_0005,1588,True
MAR_Amb_Cast_CBS_0005,1598,True
MAR_Amb_Cast_CBS_0005,1600,True
MAR_Amb_Cast_CBS_0005,1601,True
MAR_Amb_Cast_CBS_0005,1604,True
MAR_Amb_Cast_CBS_0005,1605,True
MAR_Amb_Cast_CBS_0005,1606,True
MAR_Amb_Cast_CBS_0005,1607,True
MAR_Amb_Cast_CBS_0005,1608,True
MAR_Amb_Cast_CBS_0005,1609,True
MAR_Amb_Cast_CBS_0005,1610,True
MAR_Amb_Cast_CBS_0005,1612,True
MAR_Amb_Cast_CBS_0005,1613,True
MAR_Amb_Cast_CBS_0005,1615,True
MAR_Amb_Cast_CBS_0005,1617,True
MAR_Amb_Cast_CBS_0005,1618,True
MAR_Amb_Cast_CBS_0005,1619,True
MAR_Amb_Cast_CBS_0005,1620,True
MAR_Amb_Cast_CBS_0005,1621,True
MAR_Amb_Cast_CBS_0005,1622,True
MAR_Amb_Cast_CBS_0005,1623,True
MAR_Amb_Cast_CBS_0005,1624,True
MAR_Amb_Cast_CBS_0005,1625,True
MAR_Amb_Cast_CBS_0005,1626,True
MAR_Amb_Cast_CBS_0005,1627,True
MAR_Amb_Cast_CBS_0005,1628,True
MAR_Amb_Cast_CBS_0005,1629,True
MAR_Amb_Cast_CBS_0005,1630,True
MAR_Amb_Cast_CBS_0005,1631,True
MAR_Amb_Cast_CBS_0005,1632,True
MAR_Amb_Cast_CBS_0005,1633,True
MAR_Amb_Cast_CBS_0005,1636,True
MAR_Amb_Cast_CBS_0005,1641,True
MAR_Amb_Cast_CBS_0005,1645,True
MAR_Amb_Cast_CBS_0005,1646,True
MAR_Amb_Cast_CBS_0005,1649,True
MAR_Amb_Cast_CBS_0005,1652,True
MAR_Amb_Cast_CBS_0005,1653,True
MAR_Amb_Cast_CBS_0005,1655,True
MAR_Amb_Cast_CBS_0005,1657,True
MAR_Amb_Cast_CBS_0005,1658,True
MAR_Amb_Cast_CBS_0005,1659,True
MAR_Amb_Cast_CBS_0005,1660,True
MAR_Amb_Cast_CBS_0005,1661,True
MAR_Amb_Cast_CBS_0005,1662,True
MAR_Amb_Cast_CBS_0005,1663,True
MAR_Amb_Cast_CBS_0005,1664,True
MAR_Amb_Cast_CBS_0005,1665,True
MAR_Amb_Cast_CBS_0005,1666,True
MAR_Amb_Cast_CBS_0005,1667,True
MAR_Amb_Cast_CBS_0005,1669,True
MAR_Amb_Cast_CBS_0005,1670,True
MAR_Amb_Cast_CBS_0005,1671,True
MAR_Amb_Cast_CBS_0005,1672,True
MAR_Amb_Cast_CBS_0005,1673,True
MAR_Amb_Cast_CBS_0005,1675,True
MAR_Amb_Cast_CBS_0005,1676,True
MAR_Amb_Cast_CBS_0005,1677,True
MAR_Amb_Cast_CBS_0005,1678,True
MAR_Amb_Cast_CBS_0005,1679,True
MAR_Amb_Cast_CBS_0005,1680,True
MAR_Amb_Cast_CBS_0005,1682,True
MAR_Amb_Cast_CBS_0005,1683,True
MAR_Amb_Cast_CBS_0005,1684,True
MAR_Amb_Cast_CBS_0005,1687,True
MAR_Amb_Cast_CBS_0005,1689,True
MAR_Amb_Cast_CBS_0005,1691,True
MAR_Amb_Cast_CBS_0005,1692,True
MAR_Amb_Cast_CBS_0005,1693,True
MAR_Amb_Cast_CBS_0005,1694,True
MAR_Amb_Cast_CBS_0005,1695,True
MAR_Amb_Cast_CBS_0005,1696,True
MAR_Amb_Cast_CBS_0005,1697,True
MAR_Amb_Cast_CBS_0005,1699,True
MAR_Amb_Cast_CBS_0005,1700,True
MAR_Amb_Cast_CBS_0005,1701,True
MAR_Amb_Cast_CBS_0005,1702,True
MAR_Amb_Cast_CBS_0005,1703,True
MAR_Amb_Cast_CBS_0005,1704,True
MAR_Amb_Cast_CBS_0005,1705,True
MAR_Amb_Cast_CBS_0005,1706,True
MAR_Amb_Cast_CBS_0005,1707,True
MAR_Amb_Cast_CBS_0005,1708,True
MAR_Amb_Cast_CBS_0005,1709,True
MAR_Amb_Cast_CBS_0005,1710,True
MAR_Amb_Cast_CBS_0005,1711,True
MAR_Amb_Cast_CBS_0005,1714,True
MAR_Amb_Cast_CBS_0005,1715,True
MAR_Amb_Cast_CBS_0005,1716,True
MAR_Amb_Cast_CBS_0005,1717,True
MAR_Amb_Cast_CBS_0005,1718,True
MAR_Amb_Cast_CBS_0005,1719,True
MAR_Amb_Cast_CBS_0005,1720,True
MAR_Amb_Cast_CBS_0005,1723,True
MAR_Amb_Cast_CBS_0005,1725,True
MAR_Amb_Cast_CBS_0005,1729,True
MAR_Amb_Cast_CBS_0005,1731,True
MAR_Amb_Cast_CBS_0005,1733,True
MAR_Amb_Cast_CBS_0005,1734,True
MAR_Amb_Cast_CBS_0005,1735,True
MAR_Amb_Cast_CBS_0005,1737,True
MAR_Amb_Cast_CBS_0005,1739,True
MAR_Amb_Cast_CBS_0005,1740,True
MAR_Amb_Cast_CBS_0005,1741,True
MAR_Amb_Cast_CBS_0005,1742,True
MAR_Amb_Cast_CBS_0005,1746,True
MAR_Amb_Cast_CBS_0005,1750,True
MAR_Amb_Cast_CBS_0005,1752,True
MAR_Amb_Cast_CBS_0005,1753,True
MAR_Amb_Cast_CBS_0005,1755,True
MAR_Amb_Cast_CBS_0005,1757,True
MAR_Amb_Cast_CBS_0005,1758,True
MAR_Amb_Cast_CBS_0005,1759,True
MAR_Amb_Cast_CBS_0005,1760,True
MAR_Amb_Cast_CBS_0005,1762,True
MAR_Amb_Cast_CBS_0005,1764,True
MAR_Amb_Cast_CBS_0005,1765,True
MAR_Amb_Cast_CBS_0005,1766,True
MAR_Amb_Cast_CBS_0005,1767,True
MAR_Amb_Cast_CBS_0005,1768,True
MAR_Amb_Cast_CBS_0005,1773,True
MAR_Amb_Cast_CBS_0005,1774,True
MAR_Amb_Cast_CBS_0005,1777,True
MAR_Amb_Cast_CBS_0005,1778,True
MAR_Amb_Cast_CBS_0005,1781,True
MAR_Amb_Cast_CBS_0005,1783,True
MAR_Amb_Cast_CBS_0005,1784,True
MAR_Amb_Cast_CBS_0005,1787,True
MAR_Amb_Cast_CBS_0005,1788,True
MAR_Amb_Cast_CBS_0005,1791,True
MAR_Amb_Cast_CBS_0005,1792,True
MAR_Amb_Cast_CBS_0005,1793,True
MAR_Amb_Cast_CBS_0005,1794,True
MAR_Amb_Cast_CBS_0005,1795,True
MAR_Amb_Cast_CBS_0005,1798,True
MAR_Amb_Cast_CBS_0005,1799,True
MAR_Amb_Cast_CBS_0005,1800,True
MAR_Amb_Cast_CBS_0005,1801,True
MAR_Amb_Cast_CBS_0005,1802,True
MAR_Amb_Cast_CBS_0005,1803,True
MAR_Amb_Cast_CBS_0005,1804,True
MAR_Amb_Cast_CBS_0005,1805,True
MAR_Amb_Cast_CBS_0005,1806,True
MAR_Amb_Cast_CBS_0005,1808,True
MAR_Amb_Cast_CBS_0005,1809,True
MAR_Amb_Cast_CBS_0005,1810,True
MAR_Amb_Cast_CBS_0005,1811,True
MAR_Amb_Cast_CBS_0005,1812,True
MAR_Amb_Cast_CBS_0005,1813,True
MAR_Amb_Cast_CBS_0005,1814,True
MAR_Amb_Cast_CBS_0005,1815,True
MAR_Amb_Cast_CBS_0005,1816,True
MAR_Amb_Cast_CBS_0005,1817,True
MAR_Amb_Cast_CBS_0005,1818,True
MAR_Amb_Cast_CBS_0005,1819,True
MAR_Amb_Cast_CBS_0005,1821,True
MAR_Amb_Cast_CBS_0005,1823,True
MAR_Amb_Cast_CBS_0005,1834,True
MAR_Amb_Cast_CBS_0005,1835,True
MAR_Amb_Cast_CBS_0005,1836,True
MAR_Amb_Cast_CBS_0005,1837,True
MAR_Amb_Cast_CBS_0005,1838,True
MAR_Amb_Cast_CBS_0005,1839,True
MAR_Amb_Cast_CBS_0005,1840,True
MAR_Amb_Cast_CBS_0005,1841,True
MAR_Amb_Cast_CBS_0005,1842,True
MAR_Amb_Cast_CBS_0005,1843,True
MAR_Amb_Cast_CBS_0005,1844,True
MAR_Amb_Cast_CBS_0005,1846,True
MAR_Amb_Cast_CBS_0005,1847,True
MAR_Amb_Cast_CBS_0005,1848,True
MAR_Amb_Cast_CBS_0005,1849,True
MAR_Amb_Cast_CBS_0005,1850,True
MAR_Amb_Cast_CBS_0005,1852,True
MAR_Amb_Cast_CBS_0005,1855,True
MAR_Amb_Cast_CBS_0005,1867,True
MAR_Amb_Cast_CBS_0005,1868,True
MAR_Amb_Cast_CBS_0005,1870,True
MAR_Amb_Cast_CBS_0005,1871,True
MAR_Amb_Cast_CBS_0005,1872,True
MAR_Amb_Cast_CBS_0005,1873,True
MAR_Amb_Cast_CBS_0005,1874,True
MAR_Amb_Cast_CBS_0005,1875,True
MAR_Amb_Cast_CBS_0005,1878,True
MAR_Amb_Cast_CBS_0005,1881,True
MAR_Amb_Cast_CBS_0005,1882,True
MAR_Amb_Cast_CBS_0005,1883,True
MAR_Amb_Cast_CBS_0005,1884,True
MAR_Amb_Cast_CBS_0005,1885,True
MAR_Amb_Cast_CBS_0005,1920,True
MAR_Amb_Cast_CBS_0005,1927,True
MAR_Amb_Cast_CBS_0005,1928,True
MAR_Amb_Cast_CBS_0005,1935,True
MAR_Amb_Cast_CBS_0005,1936,True
MAR_Amb_Cast_CBS_0005,1939,True
MAR_Amb_Cast_CBS_0005,1940,True
MAR_Amb_Cast_CBS_0005,1941,True
MAR_Amb_Cast_CBS_0005,1942,True
MAR_Amb_Cast_CBS_0005,1943,True
MAR_Amb_Cast_CBS_0005,1944,True
MAR_Amb_Cast_CBS_0005,1945,True
MAR_Amb_Cast_CBS_0005,1946,True
MAR_Amb_Cast_CBS_0005,1949,True
MAR_Amb_Cast_CBS_0005,1950,True
MAR_Amb_Cast_CBS_0005,1951,True
MAR_Amb_Cast_CBS_0005,1953,True
MAR_Amb_Cast_CBS_0005,1954,True
MAR_Amb_Cast_ETD_0004,34,True
MAR_Amb_Cast_ETD_0004,53,True
MAR_Amb_Cast_ETD_0004,63,True
MAR_Amb_Cast_ETD_0004,64,True
MAR_Amb_Cast_ETD_0004,65,True
MAR_Amb_Cast_ETD_0004,67,True
MAR_Amb_Cast_ETD_0004,72,True
MAR_Amb_Cast_ETD_0004,74,True
MAR_Amb_Cast_ETD_0004,79,True
MAR_Amb_Cast_ETD_0004,81,True
MAR_Amb_Cast_ETD_0004,235,True
MAR_Amb_Cast_ETD_0004,241,True
MAR_Amb_Cast_ETD_0004,244,True
MAR_Amb_Cast_ETD_0004,245,True
MAR_Amb_Cast_ETD_0004,248,True
MAR_Amb_Cast_ETD_0004,251,True
MAR_Amb_Cast_ETD_0004,252,True
MAR_Amb_Cast_ETD_0004,253,True
MAR_Amb_Cast_ETD_0004,254,True
MAR_Amb_Cast_ETD_0004,256,True
MAR_Amb_Cast_ETD_0004,257,True
MAR_Amb_Cast_ETD_0004,258,True
MAR_Amb_Cast_ETD_0004,259,True
MAR_Amb_Cast_ETD_0004,260,True
MAR_Amb_Cast_ETD_0004,263,True
MAR_Amb_Cast_ETD_0004,264,True
MAR_Amb_Cast_ETD_0004,265,True
MAR_Amb_Cast_ETD_0004,266,True
MAR_Amb_Cast_ETD_0004,267,True
MAR_Amb_Cast_ETD_0004,268,True
MAR_Amb_Cast_ETD_0004,271,True
MAR_Amb_Cast_ETD_0004,272,True
MAR_Amb_Cast_ETD_0004,273,True
MAR_Amb_Cast_ETD_0004,278,True
MAR_Amb_Cast_ETD_0004,279,True
MAR_Amb_Cast_ETD_0004,282,True
MAR_Amb_Cast_ETD_0004,284,True
MAR_Amb_Cast_ETD_0004,285,True
MAR_Amb_Cast_ETD_0004,287,True
MAR_Amb_Cast_ETD_0004,289,True
MAR_Amb_Cast_ETD_0004,299,True
MAR_Amb_Cast_ETD_0004,300,True
MAR_Amb_Cast_ETD_0004,303,True
MAR_Amb_Cast_ETD_0004,304,True
MAR_Amb_Cast_ETD_0004,308,True
MAR_Amb_Cast_ETD_0004,309,True
MAR_Amb_Cast_ETD_0004,319,True
MAR_Amb_Cast_ETD_0004,321,True
MAR_Amb_Cast_ETD_0004,324,True
MAR_Amb_Cast_ETD_0004,325,True
MAR_Amb_Cast_ETD_0004,326,True
MAR_Amb_Cast_ETD_0004,328,True
MAR_Amb_Cast_ETD_0004,330,True
MAR_Amb_Cast_ETD_0004,332,True
MAR_Amb_Cast_ETD_0004,335,True
MAR_Amb_Cast_ETD_0004,337,True
MAR_Amb_Cast_ETD_0004,338,True
MAR_Amb_Cast_ETD_0004,339,True
MAR_Amb_Cast_ETD_0004,340,True
MAR_Amb_Cast_ETD_0004,341,True
MAR_Amb_Cast_ETD_0004,343,True
MAR_Amb_Cast_ETD_0004,347,True
MAR_Amb_Cast_ETD_0004,349,True
MAR_Amb_Cast_ETD_0004,350,True
MAR_Amb_Cast_ETD_0004,352,True
MAR_Amb_Cast_ETD_0004,354,True
MAR_Amb_Cast_ETD_0004,356,True
MAR_Amb_Cast_ETD_0004,359,True
MAR_Amb_Cast_ETD_0004,360,True
MAR_Amb_Cast_ETD_0004,362,True
MAR_Amb_Cast_ETD_0004,363,True
MAR_Amb_Cast_ETD_0004,364,True
MAR_Amb_Cast_ETD_0004,365,True
MAR_Amb_Cast_ETD_0004,366,True
MAR_Amb_Cast_ETD_0004,374,True
MAR_Amb_Cast_ETD_0004,376,True
MAR_Amb_Cast_ETD_0004,378,True
MAR_Amb_Cast_ETD_0004,382,True
MAR_Amb_Cast_ETD_0004,384,True
MAR_Amb_Cast_ETD_0004,387,True
MAR_Amb_Cast_ETD_0004,388,True
MAR_Amb_Cast_ETD_0004,389,True
MAR_Amb_Cast_ETD_0004,390,True
MAR_Amb_Cast_ETD_0004,391,True
MAR_Amb_Cast_ETD_0004,393,True
MAR_Amb_Cast_ETD_0004,394,True
MAR_Amb_Cast_ETD_0004,395,True
MAR_Amb_Cast_ETD_0004,397,True
MAR_Amb_Cast_ETD_0004,398,True
MAR_Amb_Cast_ETD_0004,400,True
MAR_Amb_Cast_ETD_0004,403,True
MAR_Amb_Cast_ETD_0004,405,True
MAR_Amb_Cast_ETD_0004,407,True
MAR_Amb_Cast_ETD_0004,408,True
MAR_Amb_Cast_ETD_0004,409,True
MAR_Amb_Cast_ETD_0004,411,True
MAR_Amb_Cast_ETD_0004,412,True
MAR_Amb_Cast_ETD_0004,413,True
MAR_Amb_Cast_ETD_0004,415,True
MAR_Amb_Cast_ETD_0004,416,True
MAR_Amb_Cast_ETD_0004,417,True
MAR_Amb_Cast_ETD_0004,418,True
MAR_Amb_Cast_ETD_0004,419,True
MAR_Amb_Cast_ETD_0004,421,True
MAR_Amb_Cast_ETD_0004,422,True
MAR_Amb_Cast_ETD_0004,423,True
MAR_Amb_Cast_ETD_0004,426,True
MAR_Amb_Cast_ETD_0004,429,True
MAR_Amb_Cast_ETD_0004,430,True
MAR_Amb_Cast_ETD_0004,431,True
MAR_Amb_Cast_ETD_0004,432,True
MAR_Amb_Cast_ETD_0004,433,True
MAR_Amb_Cast_ETD_0004,434,True
MAR_Amb_Cast_ETD_0004,435,True
MAR_Amb_Cast_ETD_0004,438,True
MAR_Amb_Cast_ETD_0004,440,True
MAR_Amb_Cast_ETD_0004,441,True
MAR_Amb_Cast_ETD_0004,442,True
MAR_Amb_Cast_ETD_0004,443,True
MAR_Amb_Cast_ETD_0004,444,True
MAR_Amb_Cast_ETD_0004,445,True
MAR_Amb_Cast_ETD_0004,448,True
MAR_Amb_Cast_ETD_0004,449,True
MAR_Amb_Cast_ETD_0004,450,True
MAR_Amb_Cast_ETD_0004,452,True
MAR_Amb_Cast_ETD_0004,456,True
MAR_Amb_Cast_ETD_0004,458,True
MAR_Amb_Cast_ETD_0004,459,True
MAR_Amb_Cast_ETD_0004,460,True
MAR_Amb_Cast_ETD_0004,463,True
MAR_Amb_Cast_ETD_0004,464,True
MAR_Amb_Cast_ETD_0004,465,True
MAR_Amb_Cast_ETD_0004,466,True
MAR_Amb_Cast_ETD_0004,469,True
MAR_Amb_Cast_ETD_0004,470,True
MAR_Amb_Cast_ETD_0004,471,True
MAR_Amb_Cast_ETD_0004,473,True
MAR_Amb_Cast_ETD_0004,474,True
MAR_Amb_Cast_ETD_0004,475,True
MAR_Amb_Cast_ETD_0004,476,True
MAR_Amb_Cast_ETD_0004,477,True
MAR_Amb_Cast_ETD_0004,478,True
MAR_Amb_Cast_ETD_0004,479,True
MAR_Amb_Cast_ETD_0004,480,True
MAR_Amb_Cast_ETD_0004,481,True
MAR_Amb_Cast_ETD_0004,482,True
MAR_Amb_Cast_ETD_0004,483,True
MAR_Amb_Cast_ETD_0004,484,True
MAR_Amb_Cast_ETD_0004,485,True
MAR_Amb_Cast_ETD_0004,486,True
MAR_Amb_Cast_ETD_0004,489,True
MAR_Amb_Cast_ETD_0004,490,True
MAR_Amb_Cast_ETD_0004,491,True
MAR_Amb_Cast_ETD_0004,492,True
MAR_Amb_Cast_ETD_0004,493,True
MAR_Amb_Cast_ETD_0004,495,True
MAR_Amb_Cast_ETD_0004,496,True
MAR_Amb_Cast_ETD_0004,497,True
MAR_Amb_Cast_ETD_0004,498,True
MAR_Amb_Cast_ETD_0004,500,True
MAR_Amb_Cast_ETD_0004,501,True
MAR_Amb_Cast_ETD_0004,502,True
MAR_Amb_Cast_ETD_0004,503,True
MAR_Amb_Cast_ETD_0004,504,True
MAR_Amb_Cast_ETD_0004,507,True
MAR_Amb_Cast_ETD_0004,510,True
MAR_Amb_Cast_ETD_0004,512,True
MAR_Amb_Cast_ETD_0004,514,True
MAR_Amb_Cast_ETD_0004,515,True
MAR_Amb_Cast_ETD_0004,516,True
MAR_Amb_Cast_ETD_0004,517,True
MAR_Amb_Cast_ETD_0004,518,True
MAR_Amb_Cast_ETD_0004,519,True
MAR_Amb_Cast_ETD_0004,521,True
MAR_Amb_Cast_ETD_0004,523,True
MAR_Amb_Cast_ETD_0004,524,True
MAR_Amb_Cast_ETD_0004,525,True
MAR_Amb_Cast_ETD_0004,527,True
MAR_Amb_Cast_ETD_0004,528,True
MAR_Amb_Cast_ETD_0004,530,True
MAR_Amb_Cast_ETD_0004,532,True
MAR_Amb_Cast_ETD_0004,533,True
MAR_Amb_Cast_ETD_0004,536,True
MAR_Amb_Cast_ETD_0004,537,True
MAR_Amb_Cast_ETD_0004,538,True
MAR_Amb_Cast_ETD_0004,541,True
MAR_Amb_Cast_ETD_0004,542,True
MAR_Amb_Cast_ETD_0004,543,True
MAR_Amb_Cast_ETD_0004,544,True
MAR_Amb_Cast_ETD_0004,545,True
MAR_Amb_Cast_ETD_0004,547,True
MAR_Amb_Cast_ETD_0004,548,True
MAR_Amb_Cast_ETD_0004,549,True
MAR_Amb_Cast_ETD_0004,551,True
MAR_Amb_Cast_ETD_0004,552,True
MAR_Amb_Cast_ETD_0004,553,True
MAR_Amb_Cast_ETD_0004,554,True
MAR_Amb_Cast_ETD_0004,555,True
MAR_Amb_Cast_ETD_0004,556,True
MAR_Amb_Cast_ETD_0004,557,True
MAR_Amb_Cast_ETD_0004,558,True
MAR_Amb_Cast_ETD_0004,561,True
MAR_Amb_Cast_ETD_0004,563,True
MAR_Amb_Cast_ETD_0004,564,True
MAR_Amb_Cast_ETD_0004,567,True
MAR_Amb_Cast_ETD_0004,573,True
MAR_Amb_Cast_ETD_0004,577,True
MAR_Amb_Cast_ETD_0004,580,True
MAR_Amb_Cast_ETD_0004,582,True
MAR_Amb_Cast_ETD_0004,583,True
MAR_Amb_Cast_ETD_0004,585,True
MAR_Amb_Cast_ETD_0004,588,True
MAR_Amb_Cast_ETD_0004,589,True
MAR_Amb_Cast_ETD_0004,590,True
MAR_Amb_Cast_ETD_0004,591,True
MAR_Amb_Cast_ETD_0004,592,True
MAR_Amb_Cast_ETD_0004,593,True
MAR_Amb_Cast_ETD_0004,598,True
MAR_Amb_Cast_ETD_0004,603,True
MAR_Amb_Cast_ETD_0004,604,True
MAR_Amb_Cast_ETD_0004,607,True
MAR_Amb_Cast_ETD_0004,608,True
MAR_Amb_Cast_ETD_0004,611,True
MAR_Amb_Cast_ETD_0004,613,True
MAR_Amb_Cast_ETD_0004,616,True
MAR_Amb_Cast_ETD_0004,617,True
MAR_Amb_Cast_ETD_0004,619,True
MAR_Amb_Cast_ETD_0004,620,True
MAR_Amb_Cast_ETD_0004,621,True
MAR_Amb_Cast_ETD_0004,622,True
MAR_Amb_Cast_ETD_0004,624,True
MAR_Amb_Cast_ETD_0004,628,True
MAR_Amb_Cast_ETD_0004,630,True
MAR_Amb_Cast_ETD_0004,632,True
MAR_Amb_Cast_ETD_0004,634,True
MAR_Amb_Cast_ETD_0004,635,True
MAR_Amb_Cast_ETD_0004,636,True
MAR_Amb_Cast_ETD_0004,637,True
MAR_Amb_Cast_ETD_0004,639,True
MAR_Amb_Cast_ETD_0004,640,True
MAR_Amb_Cast_ETD_0004,641,True
MAR_Amb_Cast_ETD_0004,642,True
MAR_Amb_Cast_ETD_0004,643,True
MAR_Amb_Cast_ETD_0004,644,True
MAR_Amb_Cast_ETD_0004,645,True
MAR_Amb_Cast_ETD_0004,646,True
MAR_Amb_Cast_ETD_0004,647,True
MAR_Amb_Cast_ETD_0004,648,True
MAR_Amb_Cast_ETD_0004,650,True
MAR_Amb_Cast_ETD_0004,652,True
MAR_Amb_Cast_ETD_0004,653,True
MAR_Amb_Cast_ETD_0004,654,True
MAR_Amb_Cast_ETD_0004,655,True
MAR_Amb_Cast_ETD_0004,656,True
MAR_Amb_Cast_ETD_0004,657,True
MAR_Amb_Cast_ETD_0004,658,True
MAR_Amb_Cast_ETD_0004,659,True
MAR_Amb_Cast_ETD_0004,660,True
MAR_Amb_Cast_ETD_0004,661,True
MAR_Amb_Cast_ETD_0004,662,True
MAR_Amb_Cast_ETD_0004,663,True
MAR_Amb_Cast_ETD_0004,664,True
MAR_Amb_Cast_ETD_0004,665,True
MAR_Amb_Cast_ETD_0004,667,True
MAR_Amb_Cast_ETD_0004,668,True
MAR_Amb_Cast_ETD_0004,669,True
MAR_Amb_Cast_ETD_0004,670,True
MAR_Amb_Cast_ETD_0004,671,True
MAR_Amb_Cast_ETD_0004,672,True
MAR_Amb_Cast_ETD_0004,673,True
MAR_Amb_Cast_ETD_0004,674,True
MAR_Amb_Cast_ETD_0004,675,True
MAR_Amb_Cast_ETD_0004,676,True
MAR_Amb_Cast_ETD_0004,677,True
MAR_Amb_Cast_ETD_0004,679,True
MAR_Amb_Cast_ETD_0004,680,True
MAR_Amb_Cast_ETD_0004,681,True
MAR_Amb_Cast_ETD_0004,682,True
MAR_Amb_Cast_ETD_0004,683,True
MAR_Amb_Cast_ETD_0004,684,True
MAR_Amb_Cast_ETD_0004,685,True
MAR_Amb_Cast_ETD_0004,686,True
MAR_Amb_Cast_ETD_0004,687,True
MAR_Amb_Cast_ETD_0004,688,True
MAR_Amb_Cast_ETD_0004,689,True
MAR_Amb_Cast_ETD_0004,690,True
MAR_Amb_Cast_ETD_0004,691,True
MAR_Amb_Cast_ETD_0004,692,True
MAR_Amb_Cast_ETD_0004,693,True
MAR_Amb_Cast_ETD_0004,694,True
MAR_Amb_Cast_ETD_0004,695,True
MAR_Amb_Cast_ETD_0004,696,True
MAR_Amb_Cast_ETD_0004,697,True
MAR_Amb_Cast_ETD_0004,698,True
MAR_Amb_Cast_ETD_0004,699,True
MAR_Amb_Cast_ETD_0004,701,True
MAR_Amb_Cast_ETD_0004,702,True
MAR_Amb_Cast_ETD_0004,703,True
MAR_Amb_Cast_ETD_0004,704,True
MAR_Amb_Cast_ETD_0004,707,True
MAR_Amb_Cast_ETD_0004,708,True
MAR_Amb_Cast_ETD_0004,709,True
MAR_Amb_Cast_ETD_0004,723,True
MAR_Amb_Cast_ETD_0004,726,True
MAR_Amb_Cast_ETD_0004,727,True
MAR_Amb_Cast_ETD_0004,728,True
MAR_Amb_Cast_ETD_0004,729,True
MAR_Amb_Cast_ETD_0004,730,True
MAR_Amb_Cast_ETD_0004,731,True
MAR_Amb_Cast_ETD_0004,732,True
MAR_Amb_Cast_ETD_0004,733,True
MAR_Amb_Cast_ETD_0004,734,True
MAR_Amb_Cast_ETD_0004,735,True
MAR_Amb_Cast_ETD_0004,736,True
MAR_Amb_Cast_ETD_0004,738,True
MAR_Amb_Cast_ETD_0004,739,True
MAR_Amb_Cast_ETD_0004,759,True
MAR_Amb_Cast_ETD_0004,761,True
MAR_Amb_Cast_ETD_0004,764,True
MAR_Amb_Cast_ETD_0004,765,True
MAR_Amb_Cast_ETD_0004,766,True
MAR_Amb_Cast_ETD_0004,767,True
MAR_Amb_Cast_ETD_0004,768,True
MAR_Amb_Cast_ETD_0004,770,True
MAR_Amb_Cast_ETD_0004,771,True
MAR_Amb_Cast_ETD_0004,772,True
MAR_Amb_Cast_ETD_0004,773,True
MAR_Amb_Cast_ETD_0004,774,True
MAR_Amb_Cast_ETD_0004,775,True
MAR_Amb_Cast_ETD_0004,776,True
MAR_Amb_Cast_ETD_0004,777,True
MAR_Amb_Cast_ETD_0004,778,True
MAR_Amb_Cast_ETD_0004,779,True
MAR_Amb_Cast_ETD_0004,780,True
MAR_Amb_Cast_ETD_0004,781,True
MAR_Amb_Cast_ETD_0004,782,True
MAR_Amb_Cast_ETD_0004,783,True
MAR_Amb_Cast_ETD_0004,784,True
MAR_Amb_Cast_ETD_0004,786,True
MAR_Amb_Cast_ETD_0004,795,True
MAR_Amb_Cast_ETD_0004,803,True
MAR_Amb_Cast_ETD_0004,804,True
MAR_Amb_Cast_ETD_0004,806,True
MAR_Amb_Cast_ETD_0004,807,True
MAR_Amb_Cast_ETD_0004,808,True
MAR_Amb_HIP_CBS_0003,1379,True
MAR_Amb_HIP_CBS_0003,1412,True
MAR_Amb_HIP_CBS_0003,1437,True
MAR_Amb_HIP_CBS_0003,1443,True
MAR_Amb_HIP_CBS_0003,1456,True
MAR_Amb_HIP_CBS_0003,1478,True
MAR_Amb_HIP_CBS_0003,1483,True
MAR_Amb_HIP_CBS_0003,1493,True
MAR_Amb_HIP_CBS_0003,1496,True
MAR_Amb_HIP_CBS_0003,1500,True
MAR_Amb_HIP_CBS_0003,1503,True
MAR_Amb_HIP_CBS_0003,1509,True
MAR_Amb_HIP_CBS_0003,1519,True
MAR_Amb_HIP_CBS_0003,1520,True
MAR_Amb_HIP_CBS_0003,1522,True
MAR_Amb_HIP_CBS_0003,1524,True
MAR_Amb_HIP_CBS_0003,1532,True
MAR_Amb_HIP_CBS_0003,1535,True
MAR_Amb_HIP_CBS_0003,1538,True
MAR_Amb_HIP_CBS_0003,1546,True
MAR_Amb_HIP_CBS_0003,1551,True
MAR_Amb_HIP_CBS_0003,1552,True
MAR_Amb_HIP_CBS_0003,1553,True
MAR_Amb_HIP_CBS_0003,1557,True
MAR_Amb_HIP_CBS_0003,1558,True
MAR_Amb_HIP_CBS_0003,1559,True
MAR_Amb_HIP_CBS_0003,1560,True
MAR_Amb_HIP_CBS_0003,1561,True
MAR_Amb_HIP_CBS_0003,1562,True
MAR_Amb_HIP_CBS_0003,1564,True
MAR_Amb_HIP_CBS_0003,1565,True
MAR_Amb_HIP_CBS_0003,1567,True
MAR_Amb_HIP_CBS_0003,1568,True
MAR_Amb_HIP_CBS_0003,1570,True
MAR_Amb_HIP_CBS_0003,1576,True
MAR_Amb_HIP_CBS_0003,1577,True
MAR_Amb_HIP_CBS_0003,1578,True
MAR_Amb_HIP_CBS_0003,1579,True
MAR_Amb_HIP_CBS_0003,1580,True
MAR_Amb_HIP_CBS_0003,1586,True
MAR_Amb_HIP_CBS_0003,1591,True
MAR_Amb_HIP_CBS_0003,1593,True
MAR_Amb_HIP_CBS_0003,1596,True
MAR_Amb_HIP_CBS_0003,1601,True
MAR_Amb_HIP_CBS_0003,1602,True
MAR_Amb_HIP_CBS_0003,1604,True
MAR_Amb_HIP_CBS_0003,1605,True
MAR_Amb_HIP_CBS_0003,1607,True
MAR_Amb_HIP_CBS_0003,1610,True
MAR_Amb_HIP_CBS_0003,1618,True
MAR_Amb_HIP_CBS_0003,1625,True
MAR_Amb_HIP_CBS_0003,1628,True
MAR_Amb_HIP_CBS_0003,1630,True
MAR_Amb_HIP_CBS_0003,1632,True
MAR_Amb_HIP_CBS_0003,1634,True
MAR_Amb_HIP_CBS_0003,1635,True
MAR_Amb_HIP_CBS_0003,1639,True
MAR_Amb_HIP_CBS_0003,1640,True
MAR_Amb_HIP_CBS_0003,1644,True
MAR_Amb_HIP_CBS_0003,1649,True
MAR_Amb_HIP_CBS_0003,1656,True
MAR_Amb_HIP_CBS_0003,1673,True
MAR_Amb_HIP_CBS_0003,1677,True
MAR_Amb_HIP_CBS_0003,1696,True
MAR_Amb_HIP_CBS_0003,1701,True
MAR_Amb_HIP_CBS_0003,1710,True
MAR_Amb_HIP_CBS_0003,1713,True
MAR_Amb_HIP_CBS_0003,1716,True
MAR_Amb_HIP_CBS_0003,1718,True
MAR_Amb_HIP_CBS_0003,1724,True
MAR_Amb_HIP_CBS_0003,1729,True
MAR_Amb_HIP_CBS_0003,1738,True
MAR_Amb_HIP_CBS_0003,1740,True
MAR_Amb_HIP_CBS_0003,1744,True
MAR_Amb_HIP_CBS_0003,1751,True
MAR_Amb_HIP_CBS_0003,1755,True
MAR_Amb_HIP_CBS_0003,1763,True
MAR_Amb_HIP_CBS_0003,1766,True
MAR_Amb_HIP_CBS_0003,1776,True
MAR_Amb_HIP_CBS_0003,1797,True
MAR_Amb_HIP_CBS_0003,1799,True
MAR_Amb_HIP_CBS_0003,1800,True
MAR_Amb_HIP_CBS_0003,1802,True
MAR_Amb_HIP_CBS_0003,1810,True
MAR_Amb_HIP_CBS_0003,1816,True
MAR_Amb_HIP_CBS_0003,1820,True
MAR_Amb_HIP_CBS_0003,1821,True
MAR_Amb_HIP_CBS_0003,1823,True
MAR_Amb_HIP_CBS_0003,1831,True
MAR_Amb_HIP_CBS_0003,1838,True
MAR_Amb_HIP_CBS_0003,1841,True
MAR_Amb_HIP_CBS_0003,1845,True
MAR_Amb_HIP_CBS_0003,1855,True
MAR_Amb_HIP_CBS_0003,1857,True
MAR_Amb_HIP_CBS_0003,1861,True
MAR_Amb_HIP_CBS_0003,1866,True
MAR_Amb_HIP_CBS_0003,1867,True
MAR_Amb_HIP_CBS_0003,1881,True
MAR_Amb_HIP_CBS_0003,1882,True
MAR_Amb_HIP_CBS_0003,1891,True
MAR_Amb_HIP_CBS_0003,1895,True
MAR_Amb_HIP_CBS_0003,1900,True
MAR_Amb_HIP_CBS_0003,1907,True
MAR_Amb_HIP_CBS_0003,1908,True
MAR_Amb_HIP_CBS_0003,1911,True
MAR_Amb_HIP_CBS_0003,1914,True
MAR_Amb_HIP_CBS_0003,1917,True
MAR_Amb_HIP_CBS_0003,1918,True
MAR_Amb_HIP_CBS_0003,1920,True
MAR_Amb_HIP_CBS_0003,1924,True
MAR_Amb_HIP_CBS_0003,1927,True
MAR_Amb_HIP_CBS_0003,1935,True
MAR_Amb_HIP_CBS_0003,1937,True
MAR_Amb_HIP_CBS_0003,1940,True
MAR_Amb_HIP_CBS_0003,1945,True
MAR_Amb_HIP_CBS_0003,1949,True
MAR_Amb_HIP_CBS_0003,1951,True
MAR_Amb_HIP_CBS_0003,1956,True
MAR_Amb_HIP_CBS_0003,1959,True
MAR_Amb_HIP_CBS_0003,1964,True
MAR_Amb_HIP_CBS_0003,1969,True
MAR_Amb_HIP_CBS_0003,1975,True
MAR_Amb_HIP_CBS_0003,1979,True
MAR_Amb_HIP_CBS_0003,1990,True
MAR_Amb_HIP_CBS_0003,1992,True
MAR_Amb_HIP_CBS_0003,2005,True
MAR_Amb_HIP_CBS_0003,2010,True
MAR_Amb_HIP_CBS_0003,2011,True
MAR_Amb_HIP_CBS_0003,2012,True
MAR_Amb_HIP_CBS_0003,2044,True
MAR_Amb_HIP_CBS_0003,2050,True
MAR_Amb_HIP_CBS_0003,2051,True
MAR_Amb_HIP_CBS_0003,2060,True
MAR_Amb_HIP_CBS_0003,2079,True
MAR_Amb_HIP_CBS_0003,2083,True
MAR_Amb_HIP_CBS_0003,2089,True
MAR_Amb_HIP_CBS_0003,2091,True
MAR_Amb_HIP_CBS_0003,2093,True
MAR_Amb_HIP_CBS_0003,2104,True
MAR_Amb_HIP_CBS_0003,2105,True
MAR_Amb_HIP_CBS_0003,2115,True
MAR_Amb_HIP_CBS_0003,2116,True
MAR_Amb_HIP_CBS_0003,2119,True
MAR_Amb_HIP_CBS_0003,2120,True
MAR_Amb_HIP_CBS_0003,2125,True
MAR_Amb_HIP_CBS_0003,2131,True
MAR_Amb_HIP_CBS_0003,2135,True
MAR_Amb_HIP_CBS_0003,2144,True
MAR_Amb_HIP_CBS_0003,2173,True
MAR_Amb_HIP_CBS_0003,2174,True
MAR_Amb_HIP_CBS_0003,2175,True
MAR_Amb_HIP_CBS_0003,2179,True
MAR_Amb_HIP_CBS_0003,2180,True
MAR_Amb_HIP_CBS_0003,2185,True
MAR_Amb_HIP_CBS_0003,2198,True
MAR_Amb_HIP_CBS_0003,2215,True
MAR_Amb_HIP_CBS_0003,2220,True
MAR_Amb_HIP_CBS_0003,2221,True
MAR_Amb_HIP_CBS_0003,2225,True
MAR_Amb_HIP_CBS_0003,2234,True
MAR_Amb_HIP_CBS_0003,2243,True
MAR_Amb_HIP_CBS_0003,2277,True
MAR_Amb_HIP_CBS_0003,2314,True
MAR_Amb_HIP_CBS_0003,2324,True
MAR_Amb_HIP_CBS_0003,2329,True
MAR_Amb_HIP_CBS_0003,2332,True
MAR_Amb_HIP_CBS_0003,2333,True
MAR_Amb_HIP_CBS_0003,2351,True
MAR_Amb_HIP_CBS_0003,2397,True
MAR_Amb_HIP_CBS_0003,2404,True
MAR_Amb_HIP_CBS_0003,2406,True
MAR_Amb_HIP_CBS_0003,2408,True
MAR_Amb_HIP_CBS_0003,2411,True
MAR_Amb_HIP_CBS_0003,2421,True
MAR_Amb_HIP_CBS_0003,2432,True
MAR_Amb_HIP_CBS_0003,2435,True
MAR_Amb_HIP_CBS_0003,2443,True
MAR_Amb_HIP_CBS_0003,2464,True
MAR_Amb_HIP_CBS_0003,2473,True
MAR_Amb_HIP_CBS_0003,2477,True
MAR_Amb_HIP_CBS_0003,2595,True
MAR_Amb_HIP_CBS_0003,2597,True
MAR_Amb_HIP_CBS_0003,2604,True
MAR_Amb_HIP_CBS_0003,2606,True
MAR_Amb_HIP_CBS_0003,2608,True
MAR_Amb_HIP_CBS_0003,2609,True
MAR_Amb_HIP_CBS_0003,2614,True
MAR_Amb_HIP_CBS_0003,2615,True
MAR_Amb_HIP_CBS_0003,2618,True
MAR_Amb_HIP_CBS_0003,2619,True
MAR_Amb_HIP_CBS_0003,2620,True
MAR_Amb_HIP_CBS_0003,2623,True
MAR_Amb_HIP_CBS_0003,2624,True
MAR_Amb_HIP_CBS_0003,2625,True
MAR_Amb_HIP_CBS_0003,2626,True
MAR_Amb_HIP_CBS_0003,2627,True
MAR_Amb_HIP_CBS_0003,2628,True
MAR_Amb_HIP_CBS_0003,2629,True
MAR_Amb_HIP_CBS_0003,2630,True
MAR_Amb_HIP_CBS_0003,2631,True
MAR_Amb_HIP_CBS_0003,2632,True
MAR_Amb_HIP_CBS_0003,2633,True
MAR_Amb_HIP_CBS_0003,2634,True
MAR_Amb_HIP_CBS_0003,2635,True
MAR_Amb_HIP_CBS_0003,2636,True
MAR_Amb_HIP_CBS_0003,2637,True
MAR_Amb_HIP_CBS_0003,2638,True
MAR_Amb_HIP_CBS_0003,2639,True
MAR_Amb_HIP_CBS_0003,2640,True
MAR_Amb_HIP_CBS_0003,2641,True
MAR_Amb_HIP_CBS_0003,2642,True
MAR_Amb_HIP_CBS_0003,2643,True
MAR_Amb_HIP_CBS_0003,2644,True
MAR_Amb_HIP_CBS_0003,2646,True
MAR_Amb_HIP_CBS_0003,2648,True
MAR_Amb_HIP_CBS_0003,2649,True
MAR_Amb_HIP_CBS_0003,2650,True
MAR_Amb_HIP_CBS_0003,2654,True
MAR_Amb_HIP_CBS_0003,2657,True
MAR_Amb_HIP_CBS_0003,2659,True
MAR_Amb_HIP_CBS_0003,2662,True
MAR_Amb_HIP_CBS_0003,2739,True
MAR_Amb_HIP_CBS_0003,2741,True
MAR_Amb_HIP_CBS_0003,947,True
MAR_Amb_HIP_CBS_0003,1140,True
MAR_Amb_HIP_CBS_0003,1239,True
MAR_Amb_HIP_CBS_0003,2077,True
MAR_Amb_HIP_CBS_0003,2186,True
MAR_Amb_HIP_CBS_0003,1953,True
MAR_Amb_HIP_CBS_0003,632,True
MAR_Amb_HIP_CBS_0003,612,True
MAR_Amb_HIP_CBS_0003,782,True
MAR_Amb_HIP_CBS_0003,822,True
MAR_Amb_HIP_CBS_0003,737,True
MAR_Amb_HIP_CBS_0003,118,True
MAR_Amb_HIP_CBS_0003,1513,True
MAR_Amb_HIP_CBS_0003,2171,True
MAR_Amb_HIP_CBS_0003,2189,True
MAR_Amb_HIP_CBS_0003,2247,True
MAR_Amb_HIP_CBS_0003,2336,True
MAR_Amb_HIP_CBS_0003,1822,True
MAR_Amb_HIP_CBS_0003,2033,True
MAR_Amb_HIP_CBS_0003,1301,True
MAR_Amb_HIP_CBS_0003,495,True
MAR_Amb_HIP_CBS_0003,545,True
MAR_Amb_HIP_CBS_0003,286,True
MAR_Amb_HIP_CBS_0003,653,True
MAR_Amb_HIP_CBS_0003,991,True
MAR_Amb_HIP_CBS_0003,1304,True
MAR_Amb_HIP_CBS_0003,1044,True
MAR_Amb_HIP_CBS_0003,1825,True
MAR_Amb_HIP_CBS_0003,1909,True
MAR_Amb_HIP_CBS_0003,1248,True
MAR_Amb_HIP_CBS_0003,1196,True
MAR_Amb_HIP_CBS_0003,57,True
MAR_Amb_HIP_CBS_0003,96,True
MAR_Amb_HIP_CBS_0003,220,True
MAR_Amb_HIP_CBS_0003,224,True
MAR_Amb_HIP_CBS_0003,40,True
MAR_Amb_HIP_CBS_0003,224,True
MAR_Amb_HIP_CBS_0003,267,True
MAR_Amb_HIP_CBS_0003,378,True
MAR_Amb_HIP_CBS_0003,431,True
MAR_Amb_HIP_CBS_0003,566,True
MAR_Amb_HIP_CBS_0003,767,True
MAR_Amb_HIP_CBS_0003,981,True
MAR_Amb_HIP_CBS_0006,636,True
MAR_Amb_HIP_CBS_0006,4,True
MAR_Amb_HIP_CBS_0006,22,True
MAR_Amb_HIP_CBS_0006,57,True
MAR_Amb_HIP_CBS_0006,61,True
MAR_Amb_HIP_CBS_0006,68,True
MAR_Amb_HIP_CBS_0006,69,True
MAR_Amb_HIP_CBS_0006,76,True
MAR_Amb_HIP_CBS_0006,83,True
MAR_Amb_HIP_CBS_0006,94,True
MAR_Amb_HIP_CBS_0006,101,True
MAR_Amb_HIP_CBS_0006,115,True
MAR_Amb_HIP_CBS_0006,135,True
MAR_Amb_HIP_CBS_0006,174,True
MAR_Amb_HIP_CBS_0006,187,True
MAR_Amb_HIP_CBS_0006,201,True
MAR_Amb_HIP_CBS_0006,207,True
MAR_Amb_HIP_CBS_0006,213,True
MAR_Amb_HIP_CBS_0006,230,True
MAR_Amb_HIP_CBS_0006,636,True
MAR_Amb_HIP_CBS_0006,637,True
MAR_Amb_HIP_CBS_0006,659,True
MAR_Amb_HIP_CBS_0006,674,True
MAR_Amb_HIP_CBS_0006,682,True
MAR_Amb_HIP_CBS_0006,684,True
MAR_Amb_HIP_CBS_0006,694,True
MAR_Amb_HIP_CBS_0006,695,True
MAR_Amb_HIP_CBS_0006,704,True
MAR_Amb_HIP_CBS_0006,708,True
MAR_Amb_HIP_CBS_0006,709,True
MAR_Amb_HIP_CBS_0006,712,True
MAR_Amb_HIP_CBS_0006,718,True
MAR_Amb_HIP_CBS_0006,719,True
MAR_Amb_HIP_CBS_0006,723,True
MAR_Amb_HIP_CBS_0006,728,True
MAR_Amb_HIP_CBS_0006,732,True
MAR_Amb_HIP_CBS_0006,738,True
MAR_Amb_HIP_CBS_0006,740,True
MAR_Amb_HIP_CBS_0006,743,True
MAR_Amb_HIP_CBS_0006,744,True
MAR_Amb_HIP_CBS_0006,750,True
MAR_Amb_HIP_CBS_0006,758,True
MAR_Amb_HIP_CBS_0006,760,True
MAR_Amb_HIP_CBS_0006,761,True
MAR_Amb_HIP_CBS_0006,763,True
MAR_Amb_HIP_CBS_0006,766,True
MAR_Amb_HIP_CBS_0006,777,True
MAR_Amb_HIP_CBS_0006,779,True
MAR_Amb_HIP_CBS_0006,783,True
MAR_Amb_HIP_CBS_0006,786,True
MAR_Amb_HIP_CBS_0006,787,True
MAR_Amb_HIP_CBS_0006,790,True
MAR_Amb_HIP_CBS_0006,798,True
MAR_Amb_HIP_CBS_0006,893,True
MAR_Amb_HIP_CBS_0006,894,True
MAR_Amb_HIP_CBS_0006,895,True
MAR_Amb_HIP_CBS_0006,896,True
MAR_Amb_HIP_CBS_0006,897,True
MAR_Amb_HIP_CBS_0006,898,True
MAR_Amb_HIP_CBS_0006,529,erased
MAR_Amb_HIP_CBS_0006,459,erased
MAR_Amb_HIP_CBS_0006,453,erased
MAR_Amb_HIP_CBS_0006,752,erased
MAR_Amb_HIP_CBS_0006,81,erased
MAR_Amb_HIP_CBS_0006,864,erased
MAR_Amb_HIP_CBS_0006,193,erased
MAR_Amb_HIP_CBS_0006,164,erased
MAR_Amb_HIP_CBS_0006,200,erased
MAR_Amb_HIP_CBS_0006,321,erased
MAR_Amb_HIP_CBS_0006,531,erased
MAR_Amb_HIP_CBS_0006,174,True
MAR_Amb_HIP_CBS_0006,207,True
MAR_Amb_HIP_CBS_0006,4,True
MAR_Amb_HIP_CBS_0006,4,True
MAR_Amb_HIP_CBS_0006,57,True
MAR_Amb_HIP_CBS_0006,57,True
MAR_Amb_HIP_CBS_0006,803,True
MAR_Amb_HIP_CBS_0006,780,True
MAR_Amb_HIP_CBS_0006,302,True
MAR_Amb_HIP_CBS_0006,450,True
MAR_Amb_HIP_CBS_0006,485,True
MAR_Amb_HIP_CBS_0006,477,True
MAR_Amb_HIP_CBS_0006,464,True
MAR_Amb_HIP_CBS_0006,512,True
MAR_Amb_HIP_CBS_0006,541,True
MAR_Amb_HIP_CBS_0006,464,True
MAR_Amb_HIP_CBS_0006,563,True
MAR_Amb_HIP_CBS_0006,628,True
MAR_Amb_HIP_CBS_0006,480,True
MAR_Amb_HIP_CBS_0006,74,True
MAR_Amb_HIP_CBS_0006,98,True
MAR_Amb_HIP_CBS_0006,537,True
MAR_Amb_HIP_CBS_0006,541,True
MAR_Amb_HIP_CBS_0006,1,False
MAR_Amb_HIP_CBS_0006,2,False
MAR_Amb_HIP_CBS_0006,32,False
MAR_Amb_HIP_CBS_0006,45,False
MAR_Amb_HIP_ETD_0010,113,True
MAR_Amb_HIP_ETD_0010,10,True
MAR_Amb_HIP_ETD_0010,8,True
MAR_Amb_HIP_ETD_0010,10,True
MAR_Amb_HIP_ETD_0010,17,True
MAR_Amb_HIP_ETD_0010,18,True
MAR_Amb_HIP_ETD_0010,21,True
MAR_Amb_HIP_ETD_0010,45,True
MAR_Amb_HIP_ETD_0010,54,True
MAR_Amb_HIP_ETD_0010,61,True
MAR_Amb_HIP_ETD_0010,63,True
MAR_Amb_HIP_ETD_0010,64,True
MAR_Amb_HIP_ETD_0010,68,True
MAR_Amb_HIP_ETD_0010,87,True
MAR_Amb_HIP_ETD_0010,91,True
MAR_Amb_HIP_ETD_0010,92,True
MAR_Amb_HIP_ETD_0010,93,True
MAR_Amb_HIP_ETD_0010,98,True
MAR_Amb_HIP_ETD_0010,99,True
MAR_Amb_HIP_ETD_0010,100,True
MAR_Amb_HIP_ETD_0010,101,True
MAR_Amb_HIP_ETD_0010,106,True
MAR_Amb_HIP_ETD_0010,113,True
MAR_Amb_HIP_ETD_0010,115,True
MAR_Amb_HIP_ETD_0010,116,True
MAR_Amb_HIP_ETD_0010,117,True
MAR_Amb_HIP_ETD_0010,119,True
MAR_Amb_HIP_ETD_0010,121,True
MAR_Amb_HIP_ETD_0010,124,True
MAR_Amb_HIP_ETD_0010,125,True
MAR_Amb_HIP_ETD_0010,126,True
MAR_Amb_HIP_ETD_0010,127,True
MAR_Amb_HIP_ETD_0010,128,True
MAR_Amb_HIP_ETD_0010,129,True
MAR_Amb_HIP_ETD_0010,130,True
MAR_Amb_HIP_ETD_0010,132,True
MAR_Amb_HIP_ETD_0010,134,True
MAR_Amb_HIP_ETD_0010,135,True
MAR_Amb_HIP_ETD_0010,136,True
MAR_Amb_HIP_ETD_0010,137,True
MAR_Amb_HIP_ETD_0010,138,True
MAR_Amb_HIP_ETD_0010,139,True
MAR_Amb_HIP_ETD_0010,140,True
MAR_Amb_HIP_ETD_0010,142,True
MAR_Amb_HIP_ETD_0010,146,True
MAR_Amb_HIP_ETD_0010,147,True
MAR_Amb_HIP_ETD_0010,148,True
MAR_Amb_HIP_ETD_0010,149,True
MAR_Amb_HIP_ETD_0010,150,True
MAR_Amb_HIP_ETD_0010,151,True
MAR_Amb_HIP_ETD_0010,152,True
MAR_Amb_HIP_ETD_0010,153,True
MAR_Amb_HIP_ETD_0010,154,True
MAR_Amb_HIP_ETD_0010,155,True
MAR_Amb_HIP_ETD_0010,156,True
MAR_Amb_HIP_ETD_0010,157,True
MAR_Amb_HIP_ETD_0010,158,True
MAR_Amb_HIP_ETD_0010,161,True
MAR_Amb_HIP_ETD_0010,163,True
MAR_Amb_HIP_ETD_0010,167,True
MAR_Amb_HIP_ETD_0010,171,True
MAR_Amb_HIP_ETD_0010,197,True
MAR_Amb_HIP_ETD_0010,202,True
MAR_Amb_AS_ETD_0003,2,True
MAR_Amb_AS_ETD_0003,41,True
MAR_Amb_AS_ETD_0003,94,True
MAR_Amb_AS_ETD_0003,97,True
MAR_Amb_AS_ETD_0003,101,True
MAR_Amb_AS_ETD_0003,102,True
MAR_Amb_AS_ETD_0003,114,True
MAR_Amb_AS_ETD_0003,119,True
MAR_Amb_AS_ETD_0003,129,True
MAR_Amb_AS_ETD_0003,142,True
MAR_Amb_AS_ETD_0003,193,True
MAR_Amb_AS_ETD_0003,194,True
MAR_Amb_AS_ETD_0003,195,True
MAR_Amb_AS_ETD_0003,197,True
MAR_Amb_AS_ETD_0003,202,True
MAR_Amb_AS_ETD_0003,203,True
MAR_Amb_AS_ETD_0003,271,True
MAR_Amb_AS_ETD_0003,272,True
MAR_Amb_AS_ETD_0003,273,True
MAR_Amb_AS_ETD_0003,274,True
MAR_Amb_AS_ETD_0003,280,True
MAR_Amb_AS_ETD_0003,282,True
MAR_Amb_AS_ETD_0003,285,True
MAR_Amb_AS_ETD_0003,291,True
MAR_Amb_AS_ETD_0003,294,True
MAR_Amb_AS_ETD_0003,310,True
MAR_Amb_AS_ETD_0003,311,True
MAR_Amb_AS_ETD_0003,312,True
MAR_Amb_Cast_ETD_0003,315,True
MAR_Amb_Cast_ETD_0003,41,True
MAR_Amb_Cast_ETD_0003,43,True
MAR_Amb_Cast_ETD_0003,72,True
MAR_Amb_Cast_ETD_0003,105,True
MAR_Amb_Cast_ETD_0003,237,True
MAR_Amb_Cast_ETD_0003,321,False
MAR_Amb_Cast_ETD_0003,321,False
MAR_Amb_Cast_ETD_0003,295,False
MAR_Amb_Cast_ETD_0003,310,False
MAR_Amb_Cast_ETD_0003,348,False
MAR_Amb_Cast_ETD_0003,351,False
MAR_Amb_Cast_ETD_0003,315,True
MAR_Amb_Cast_ETD_0003,337,True
MAR_Amb_Cast_ETD_0003,337,True
MAR_Amb_Cast_ETD_0003,337,True
MAR_Amb_HIP_ETD_0010,45,True
MAR_Amb_HIP_ETD_0010,45,True
MAR_Amb_HIP_ETD_0010,54,True
MAR_Amb_HIP_ETD_0010,61,True
MAR_Amb_HIP_ETD_0010,62,True
MAR_Amb_HIP_ETD_0010,63,True
MAR_Amb_HIP_ETD_0010,64,True
MAR_Amb_HIP_ETD_0010,68,True
MAR_Amb_HIP_ETD_0010,87,True
MAR_Amb_HIP_ETD_0010,93,True
MAR_Amb_HIP_ETD_0010,98,True
MAR_Amb_HIP_ETD_0010,99,True
MAR_Amb_HIP_ETD_0010,100,True
MAR_Amb_HIP_ETD_0010,204,True
MAR_Amb_HIP_ETD_0010,205,True
MAR_Amb_HIP_ETD_0010,206,True
MAR_Amb_HIP_ETD_0010,222,True
MAR_Amb_HIP_ETD_0010,237,True
MAR_Amb_HIP_ETD_0010,243,True
MAR_Amb_HIP_ETD_0010,244,True
MAR_Amb_HIP_ETD_0010,87,True
MAR_Amb_HIP_ETD_0010,91,True
MAR_Amb_HIP_ETD_0010,199,True
MAR_Amb_HIP_ETD_0010,200,True
MAR_Amb_HIP_ETD_0010,101,True
MAR_Amb_HIP_ETD_0010,245,True
MAR_Amb_HIP_ETD_0010,87,True
MAR_Amb_HIP_ETD_0010,92,True
MAR_Amb_HIP_ETD_0010,201,True
MAR_Amb_HIP_ETD_0010,202,True
MAR_Amb_HIP_ETD_0010,203,True
MAR_Amb_HIP_ETD_0010,87,True
MAR_Amb_HIP_ETD_0010,126,True
MAR_Amb_HIP_ETD_0010,139,True
MAR_Amb_HIP_ETD_0010,140,True
MAR_Amb_HIP_ETD_0010,203,True
MAR_Amb_HIP_ETD_0010,126,True
MAR_Amb_HIP_ETD_0010,142,True
MAR_Amb_HIP_ETD_0010,146,True
MAR_Amb_HIP_ETD_0010,147,True
MAR_Amb_HIP_ETD_0010,149,True
MAR_Amb_HIP_ETD_0010,151,True
MAR_Amb_HIP_ETD_0010,153,True
MAR_Amb_HIP_ETD_0010,157,True
MAR_Amb_HIP_ETD_0010,161,True
MAR_Amb_HIP_ETD_0010,170,True
MAR_Amb_HIP_ETD_0010,221,True
MAR_Amb_HIP_ETD_0010,126,True
MAR_Amb_HIP_ETD_0010,163,True
MAR_Amb_HIP_ETD_0010,220,True
MAR_Amb_HIP_ETD_0010,126,True
MAR_Amb_HIP_ETD_0010,148,True
MAR_Amb_HIP_ETD_0010,158,True
MAR_Amb_HIP_ETD_0010,166,True
MAR_Amb_HIP_ETD_0010,218,True
MAR_Amb_HIP_ETD_0010,126,True
MAR_Amb_HIP_ETD_0010,219,True
MAR_Amb_HIP_ETD_0010,126,True
MAR_Amb_HIP_ETD_0010,126,True
MAR_Amb_HIP_ETD_0010,126,True
MAR_Amb_HIP_ETD_0010,87,True
MAR_Amb_HIP_ETD_0008,18,True
MAR_Amb_HIP_ETD_0008,25,True
MAR_Amb_HIP_ETD_0008,31,True
MAR_Amb_HIP_ETD_0008,11,True
MAR_Amb_HIP_ETD_0008,18,True
MAR_Amb_HIP_ETD_0008,19,True
MAR_Amb_HIP_ETD_0008,20,True
MAR_Amb_HIP_ETD_0008,22,True
MAR_Amb_HIP_ETD_0008,33,True
MAR_Amb_HIP_ETD_0008,117,True
MAR_Amb_HIP_ETD_0008,11,True
MAR_Amb_HIP_ETD_0008,13,True
MAR_Amb_HIP_ETD_0008,14,True
MAR_Amb_HIP_ETD_0008,18,True
MAR_Amb_HIP_ETD_0008,19,True
MAR_Amb_HIP_ETD_0008,2003,True
MAR_Amb_HIP_ETD_0008,2004,True
MAR_Amb_HIP_ETD_0008,11,True
MAR_Amb_HIP_ETD_0008,13,True
MAR_Amb_HIP_ETD_0008,18,True
MAR_Amb_HIP_ETD_0008,19,True
MAR_Amb_HIP_ETD_0008,2003,True
MAR_Amb_HIP_ETD_0008,2004,True
MAR_Amb_HIP_ETD_0008,11,True
MAR_Amb_HIP_ETD_0008,13,True
MAR_Amb_HIP_ETD_0008,18,True
MAR_Amb_HIP_ETD_0008,19,True
MAR_Amb_HIP_ETD_0008,66,True
MAR_Amb_HIP_ETD_0008,173,True
MAR_Amb_HIP_ETD_0008,2003,True
MAR_Amb_HIP_ETD_0008,2004,True
MAR_Amb_HIP_ETD_0008,11,True
MAR_Amb_HIP_ETD_0008,13,True
MAR_Amb_HIP_ETD_0008,18,True
MAR_Amb_HIP_ETD_0008,19,True
MAR_Amb_HIP_ETD_0008,66,True
MAR_Amb_HIP_ETD_0008,2003,True
MAR_Amb_HIP_ETD_0008,2004,True
MAR_Amb_HIP_ETD_0008,2005,True
MAR_Amb_HIP_ETD_0008,11,True
MAR_Amb_HIP_ETD_0008,13,True
MAR_Amb_HIP_ETD_0008,18,True
MAR_Amb_HIP_ETD_0008,19,True
MAR_Amb_HIP_ETD_0008,66,True
MAR_Amb_HIP_ETD_0008,2003,True
MAR_Amb_HIP_ETD_0008,2004,True
MAR_Amb_HIP_ETD_0008,2005,True
MAR_Amb_HIP_ETD_0008,2006,True
MAR_Amb_HIP_ETD_0008,2007,True
MAR_Amb_HIP_ETD_0008,2010,True
MAR_Amb_HIP_ETD_0008,2010,True
MAR_Amb_HIP_ETD_0008,2011,True
MAR_Amb_HIP_ETD_0008,94,True
MAR_Amb_HIP_ETD_0008,98,True
MAR_Amb_HIP_ETD_0008,163,True
MAR_Amb_HIP_ETD_0008,94,True
MAR_Amb_HIP_ETD_0008,98,True
260622_316_H_b2_back_CBS_01,241,True
260622_316_H_b2_back_CBS_01,856,True
260622_316_H_b2_back_CBS_01,860,True
