LogArea,Elongation,Solidity,Eccentricity,Extent,Circularity,MeanDarkness,MeanVesselness,IsCrack,SourceImage,Label,Area
6.375857220423761,6.078082669035316,0.4817765840901289,0.9863728187974109,0.35616238562914465,0.02923402402801227,139.02785999842595,0.002452881917857572,True,260622_316_H_b2_back_CBS_01,241,2376059
3.269746373130767,14.18955895213257,0.5603733815115929,0.9975135916042451,0.11316509577379143,0.1347195933029497,253.8113917248791,0.010584652990696546,True,260622_316_H_b2_back_CBS_01,295,1861
4.374546727938959,4.204293737052019,0.653886496632439,0.9713013894789929,0.4192594952391066,0.2176545322078635,209.37608172569546,0.008017786032898532,True,260622_316_H_b2_back_CBS_01,342,23689
3.1248301494138593,2.27870865030534,0.4560383167978105,0.8985627560444829,0.2825948696205215,0.19658576756899454,249.53338334583646,0.012635511819131254,True,260622_316_H_b2_back_CBS_01,351,1333
1.8195439355418688,2.867072586261052,0.8461538461538461,0.9372017157072997,0.6875,0.6781855895913275,226.37878787878788,0.05472370766488414,True,260622_316_H_b2_back_CBS_01,373,66
3.952598734529773,3.3937851298014428,0.551007866273353,0.9556033142866828,0.3292329159475636,0.23858939915955643,216.79868391701984,0.007689178727480285,True,260622_316_H_b2_back_CBS_01,374,8966
4.04941186087108,4.287787541417595,0.5910121841869297,0.9724238753798085,0.3875553403431101,0.1621360813379241,208.37420794288263,0.011200881959209387,True,260622_316_H_b2_back_CBS_01,408,11205
4.370198403559107,3.716986543002087,0.5361420994879298,0.9631303612272414,0.3325487415809996,0.1731677133301062,208.7383277192683,0.009598671686301264,True,260622_316_H_b2_back_CBS_01,503,23453
4.304037901904583,3.137669971118397,0.6476603955619875,0.947853003692227,0.29945577826681735,0.19712756102907894,218.9675753513084,0.026331116388161106,True,260622_316_H_b2_back_CBS_01,536,20139
5.761533939587291,7.350913641709417,0.5377837916869606,0.9907036869975044,0.2746678639987976,0.09883032115299693,148.88751913499436,0.0024551941314868665,True,260622_316_H_b2_front_CBS_04,81,577476
3.3165993020938607,5.208548772744617,0.4336820083682008,0.9813964792696345,0.24313863476425052,0.11571300376309307,178.2547033285094,0.0204383152199616,True,260622_316_H_b2_front_CBS_04,101,2073
4.287196878466229,6.683814740480856,0.2817235261611843,0.9887443068998094,0.1622461370964365,0.044866352742360845,184.53048056573581,0.008223897621816497,True,260622_316_H_b2_front_CBS_04,102,19373
3.8262044234992527,3.693470026114694,0.500037305080952,0.9626502299226959,0.3202867383512545,0.16143642449852283,193.772157564906,0.005436480769568347,True,260622_316_H_b2_front_CBS_04,107,6702
1.6232492903979006,2.2915163881209946,0.9333333333333333,0.8997565233397885,0.5454545454545454,0.8464523100575921,163.5,0.04341736694677871,True,260622_316_H_b2_front_CBS_04,110,42
2.9360107957152097,2.7565366852111306,0.6865552903739062,0.9318771285224282,0.39032112166440525,0.3654402175963168,172.84588644264196,0.004830391020834753,True,260622_316_H_b2_front_CBS_04,112,863
2.6444385894678386,4.958330294307778,0.6805555555555556,0.979451303829114,0.3423913043478261,0.3071347268397371,184.70521541950114,0.04973544973544973,True,260622_316_H_b2_front_CBS_04,115,441
2.1072099696478683,1.566238676771856,0.9552238805970149,0.7696448080357177,0.6530612244897959,0.9100405213769848,168.703125,0.009252450980392157,True,260622_316_H_b2_front_CBS_04,119,128
2.525044807036845,2.9185341476593596,0.907859078590786,0.9394675971466147,0.4272959183673469,0.5805521121988925,176.02388059701494,0.0234708808896693,True,260622_316_H_b2_front_CBS_04,120,335
2.576341350205793,8.591231069656999,0.6293823038397329,0.9932026796581337,0.2561141304347826,0.21999733255462992,169.55968169761275,0.045144848390284494,True,260622_316_H_b2_front_CBS_04,124,377
2.4871383754771865,8.327119874662541,0.7189695550351288,0.9927630645054488,0.19935064935064936,0.2780944130739023,165.08469055374593,0.02110238232100658,True,260622_316_H_b2_front_CBS_04,128,307
3.0666985504229953,3.51085646880289,0.7122785583384239,0.9585778135187649,0.4425047438330171,0.31957595976676756,180.64065180102915,0.009840917499075102,True,260622_316_H_b2_front_CBS_04,131,1166
1.7558748556724915,4.604846170355235,0.8260869565217391,0.9761354617941411,0.37254901960784315,0.5172382163617344,161.10526315789474,0.048503611971104234,True,260622_316_H_b2_front_CBS_04,132,57
1.7481880270062005,3.9518979636990785,0.8615384615384616,0.9674550403305485,0.6588235294117647,0.6123665158646617,171.16071428571428,0.14271708683473391,True,260622_316_H_b2_front_CBS_04,133,56
1.6334684555795864,3.035031458284529,0.8958333333333334,0.9441605039603654,0.48863636363636365,0.7428451687073075,162.1860465116279,0.04240766073871409,True,260622_316_H_b2_front_CBS_04,134,43
3.3879234669734366,2.82346834652872,0.5622554660529344,0.9351794193922168,0.30568068068068066,0.18417450948834074,173.38600081866556,0.004998675688040259,True,260622_316_H_b2_front_CBS_04,135,2443
2.5705429398818973,3.557487556285359,0.7018867924528301,0.9596792855639164,0.42272727272727273,0.3847595981780706,163.58602150537635,0.01846932321315623,True,260622_316_H_b2_front_CBS_04,136,372
2.146128035678238,1.8354061633393837,0.9090909090909091,0.8385409792280829,0.6698564593301436,0.7700172635037817,163.0857142857143,0.005854341736694678,True,260622_316_H_b2_front_CBS_04,137,140
2.73559889969818,2.389818565925413,0.6808510638297872,0.9082436093082098,0.4263322884012539,0.40675540252970704,169.25183823529412,0.004202710495963091,True,260622_316_H_b2_front_CBS_04,138,544
2.089905111439398,3.40006586587535,0.8978102189781022,0.9557709773805669,0.47307692307692306,0.5972972500228855,163.01626016260164,0.008927148095010362,True,260622_316_H_b2_front_CBS_04,139,123
3.060320028688285,3.853776947703441,0.5841382816471784,0.9657469506535091,0.44022988505747124,0.22336170167527905,165.69538729329852,0.0019112954145975186,True,260622_316_H_b2_front_CBS_04,140,1149
2.2278867046136734,3.418262845040568,0.8802083333333334,0.95625137262394,0.6706349206349206,0.582427194822424,174.90532544378698,0.04248752755540086,True,260622_316_H_b2_front_CBS_04,141,169
3.0056094453602804,3.565326875479912,0.9388322520852641,0.9598601059799161,0.6771390374331551,0.5154263444436211,197.9466929911155,0.021090529005284245,True,260622_316_H_b2_front_CBS_04,142,1013
1.9395192526186185,1.6424326625916963,0.8877551020408163,0.7932830921967458,0.5178571428571429,0.7792735552911166,159.75862068965517,0.0050484561640748256,True,260622_316_H_b2_front_CBS_04,143,87
2.3909351071033793,2.425621232231648,0.8065573770491803,0.9110637412130387,0.4959677419354839,0.5374538975980065,172.0121951219512,0.010616929698708753,True,260622_316_H_b2_front_CBS_04,145,246
1.7323937598229686,2.2562592619942365,0.8571428571428571,0.89641708297913,0.4462809917355372,0.9328753281440606,161.83333333333334,0.015541031227305737,True,260622_316_H_b2_front_CBS_04,146,54
4.138586870653583,5.543764496966768,0.5448677332488516,0.9835964772247057,0.30646382751247325,0.1554638652374619,186.53594011192675,0.0034304818664147104,True,260622_316_H_b2_front_CBS_04,147,13759
1.99563519459755,1.8329767353668172,0.9428571428571428,0.8380713363305943,0.7333333333333333,0.9101918367418471,168.7070707070707,0.009942562883739355,True,260622_316_H_b2_front_CBS_04,148,99
1.7323937598229686,1.4827178135503791,0.9642857142857143,0.7383322485528486,0.7012987012987013,1.0,156.94444444444446,0.0011619462599854757,True,260622_316_H_b2_front_CBS_04,149,54
1.7781512503836436,1.9219481565295446,0.9230769230769231,0.8539802650487774,0.6818181818181818,0.913592838685127,165.23333333333332,0.01915032679738562,True,260622_316_H_b2_front_CBS_04,150,60
4.989818989014617,7.008011213562854,0.2255364638409287,0.9897668762296491,0.10740296866410115,0.01994051669221382,202.40550556391594,0.01592951831183422,True,260622_316_H_b2_front_CBS_04,151,97683
2.437750562820388,2.6388960995642363,0.8035190615835777,0.9254186494414091,0.4228395061728395,0.5401478111586302,167.9817518248175,0.00814369543437813,True,260622_316_H_b2_front_CBS_04,152,274
3.176958980586908,1.4929318807204772,0.7832204273058885,0.7425208740497544,0.5398706896551724,0.4456601289886659,168.0558882235529,0.0015681056188277041,True,260622_316_H_b2_front_CBS_04,153,1503
2.1398790864012365,2.9177843599554785,0.7885714285714286,0.9394354799981787,0.575,0.5361935838720845,162.57246376811594,0.008581983518044898,True,260622_316_H_b2_front_CBS_04,154,138
3.228913405994688,2.511141446637587,0.56129887342611,0.9172876474579538,0.31025641025641026,0.25848000441114327,173.1387249114522,0.006340718105423988,True,260622_316_H_b2_front_CBS_04,155,1694
1.7403626894942439,1.7750150690297926,0.9322033898305084,0.8262009726957517,0.7142857142857143,0.9674803678480023,169.61818181818182,0.03529411764705882,True,260622_316_H_b2_front_CBS_04,156,55
2.383815365980431,2.3646317467409,0.7138643067846607,0.9061769028477247,0.3723076923076923,0.43514466713887934,175.19421487603304,0.027969534921406577,True,260622_316_H_b2_front_CBS_04,158,242
1.845098040014257,1.3641804203950931,0.9090909090909091,0.6801845964718813,0.6363636363636364,0.9170852543182516,178.14285714285714,0.046218487394957986,True,260622_316_H_b2_front_CBS_04,159,70
2.161368002234975,1.5006182052203858,0.8055555555555556,0.7456015511240405,0.6092436974789915,0.6947266866278563,167.15172413793104,0.010520622041920216,True,260622_316_H_b2_front_CBS_04,160,145
1.845098040014257,1.3353283551996853,0.9333333333333333,0.6627062163777231,0.7070707070707071,0.9681883773454033,164.4,0.02291316526610644,True,260622_316_H_b2_front_CBS_04,161,70
2.9489017609702137,2.9619511935992358,0.4664218258132214,0.9412841858385967,0.2537100456621005,0.2410638002121312,169.32508436445445,0.01563333995015329,True,260622_316_H_b2_front_CBS_04,162,889
3.3914644118391033,1.8627904000387558,0.5556056846379427,0.8436910403330735,0.32822494669509594,0.1894138519598139,190.61510353227771,0.013428546408413141,True,260622_316_H_b2_front_CBS_04,164,2463
2.9800033715837464,1.8020443643253166,0.6217447916666666,0.8319001846751309,0.39659468438538203,0.3218615770183151,180.57486910994766,0.012245149368647984,True,260622_316_H_b2_front_CBS_04,167,955
2.7323937598229686,1.7805717433110697,0.7161803713527851,0.8273970885025765,0.47619047619047616,0.3725945389570108,164.52407407407406,0.005642701525054466,True,260622_316_H_b2_front_CBS_04,168,540
1.8692317197309762,3.4683491393607344,0.8809523809523809,0.9575336289242713,0.7254901960784313,0.6200021456813837,164.98648648648648,0.027662957074721783,True,260622_316_H_b2_front_CBS_04,169,74
2.8068580295188172,2.6678899344048395,0.6974972796517954,0.9270943467623967,0.4685672514619883,0.3059196216133635,161.07020280811233,0.003848153926157046,True,260622_316_H_b2_front_CBS_04,170,641
1.806179973983887,3.811541993386051,0.9142857142857143,0.9649697929993729,0.7529411764705882,0.624041052680005,156.5625,0.0033088235294117647,True,260622_316_H_b2_front_CBS_04,173,64
2.733999286538387,3.012735077823714,0.7465564738292011,0.943306024075666,0.3487773487773488,0.3772423725409396,166.8929889298893,0.008870559293828231,True,260622_316_H_b2_front_CBS_04,175,542
2.45484486000851,1.7009920774446026,0.8166189111747851,0.8089392706599876,0.59375,0.5411063185169022,164.05964912280703,0.0036188510491916063,True,260622_316_H_b2_front_CBS_04,176,285
2.1492191126553797,1.4614820047318584,0.7157360406091371,0.7292597523016345,0.5183823529411765,0.531576042215929,157.24822695035462,0.0026700041718815187,True,260622_316_H_b2_front_CBS_04,177,141
4.133762384787346,6.651058125464664,0.5699267015706806,0.9886325258560961,0.2253635430123555,0.11452313462136618,192.74976115234804,0.007806535563442692,True,260622_316_H_b2_front_CBS_04,179,13607
3.3575537197430814,7.147904198915983,0.6317249029395452,0.9901654755213497,0.2791666666666667,0.15955173814277526,171.00087796312556,0.004784038286078259,True,260622_316_H_b2_front_CBS_04,181,2278
2.7067177823367587,2.228526394439529,0.8483333333333334,0.8936688786853921,0.5438034188034188,0.6011083075454111,182.78585461689588,0.012327131245425478,True,260622_316_H_b2_front_CBS_04,184,509
2.6263403673750423,3.375448369653419,0.5617529880478087,0.9551082799352373,0.275390625,0.2844103235272149,164.64066193853427,0.017605340008343764,True,260622_316_H_b2_front_CBS_04,185,423
4.187971701647396,9.247364939834384,0.5044172501799621,0.9941357932016294,0.33058843712472125,0.09788132282977761,188.90827711468603,0.0069573755812652,True,260622_316_H_b2_front_CBS_04,187,15416
2.110589710299249,1.3226217889114653,0.9699248120300752,0.654486092500832,0.7633136094674556,0.9939492513651654,175.63565891472868,0.016081471348229216,True,260622_316_H_b2_front_CBS_04,189,129
1.6127838567197355,1.4278559944969391,0.8913043478260869,0.7137988815457404,0.640625,0.997411239597103,172.8048780487805,0.10798660927785748,True,260622_316_H_b2_front_CBS_04,191,41
2.432969290874406,1.3346308342825843,0.8973509933774835,0.662263671417061,0.5865800865800865,0.7079773381526464,161.73062730627305,0.0013747196295492367,True,260622_316_H_b2_front_CBS_04,192,271
1.8129133566428555,2.3406191140638475,0.9027777777777778,0.9041394876080144,0.6190476190476191,0.7513988066494822,181.8153846153846,0.1420211161387632,True,260622_316_H_b2_front_CBS_04,193,65
2.093421685162235,2.341997801412069,0.8857142857142857,0.90425829022149,0.5610859728506787,0.7167188617271982,190.04032258064515,0.0967741935483871,True,260622_316_H_b2_front_CBS_04,194,124
1.6334684555795864,1.4003423468110936,0.9555555555555556,0.700032392669482,0.6825396825396826,1.0,159.25581395348837,0.004559963520291838,True,260622_316_H_b2_front_CBS_04,195,43
2.6766936096248664,1.8354053834873927,0.7587859424920128,0.8385408288129083,0.41998231653404067,0.49346263869509477,169.65263157894736,0.008371517027863777,True,260622_316_H_b2_front_CBS_04,196,475
1.8976270912904414,1.597435878472215,0.9753086419753086,0.7798204738424003,0.7596153846153846,0.9969272086081018,179.51898734177215,0.0425415735914619,True,260622_316_H_b2_front_CBS_04,197,79
1.7481880270062005,1.7420318151285332,0.8888888888888888,0.818825625359833,0.6666666666666666,0.8526866494394519,156.26785714285714,0.0030112044817927172,True,260622_316_H_b2_front_CBS_04,198,56
2.6866362692622934,2.886112252941558,0.7465437788018433,0.9380548220415462,0.4700193423597679,0.4242369247613714,196.2962962962963,0.04629226176067135,True,260622_316_H_b2_front_CBS_04,199,486
2.3242824552976926,2.732839101097177,0.890295358649789,0.9306463792326022,0.6011396011396012,0.6221214824658506,174.49289099526067,0.03862094600873525,True,260622_316_H_b2_front_CBS_04,200,211
2.2833012287035497,2.37342689291942,0.909952606635071,0.9069066071980687,0.5818181818181818,0.7247400734779306,163.46354166666666,0.002900326797385621,True,260622_316_H_b2_front_CBS_04,201,192
1.806179973983887,1.3876878583607917,0.9846153846153847,0.6933269583877153,0.7272727272727273,1.0,159.71875,0.00625,True,260622_316_H_b2_front_CBS_04,202,64
4.236260071000829,7.11848325164068,0.3965612484463472,0.9900836067139221,0.15852962826647038,0.06856733943846702,191.37268558825235,0.008624537515975686,True,260622_316_H_b2_front_CBS_04,204,17229
2.2095150145426308,2.425889200035437,0.9152542372881356,0.9110843469439314,0.5510204081632653,0.6847043283748683,174.01234567901236,0.025950133139675622,True,260622_316_H_b2_front_CBS_04,205,162
1.8750612633917,2.301233936140553,0.9146341463414634,0.9006479630381689,0.7142857142857143,0.8085181266789708,156.96,0.00130718954248366,True,260622_316_H_b2_front_CBS_04,206,75
2.0755469613925306,1.9377820783396753,0.937007874015748,0.8565561112366259,0.6363636363636364,0.8229601207435929,180.84873949579833,0.056615587411435166,True,260622_316_H_b2_front_CBS_04,207,119
1.6812412373755872,3.636342287994739,0.8727272727272727,0.9614437643635022,0.42857142857142855,0.6533396483785486,157.77083333333334,0.011437908496732025,True,260622_316_H_b2_front_CBS_04,208,48
2.718501688867274,1.3084603263626868,0.7936267071320182,0.644911773409252,0.5112414467253177,0.5516068172004484,186.4244741873805,0.020110223821842313,True,260622_316_H_b2_front_CBS_04,209,523
3.539201599294128,3.5930690895661566,0.6799607072691553,0.9604902597253667,0.31589996349032495,0.21800145349609382,177.29355677549842,0.0064030003795797425,True,260622_316_H_b2_front_CBS_04,211,3461
2.012837224705172,1.4369464109123187,0.9537037037037037,0.7181191459962556,0.7357142857142858,0.9176569371673168,168.6990291262136,0.008223872073101084,True,260622_316_H_b2_front_CBS_04,212,103
2.146128035678238,1.7611502157263956,0.9523809523809523,0.8231591390556978,0.6666666666666666,0.9070080061656385,170.64285714285714,0.014929971988795518,True,260622_316_H_b2_front_CBS_04,213,140
2.2810333672477277,2.608161339838541,0.532033426183844,0.9235774698500405,0.26750700280112044,0.34145561931662244,173.58115183246073,0.07099887075248948,True,260622_316_H_b2_front_CBS_04,214,191
2.0569048513364727,3.5420338503859328,0.76,0.9593192089731986,0.48717948717948717,0.4187270417002551,162.68421052631578,0.015273477812177503,True,260622_316_H_b2_front_CBS_04,215,114
2.1367205671564067,1.2516573203144825,0.9513888888888888,0.601409782761117,0.6989795918367347,0.9474414835451448,161.8905109489051,0.0015171031916416202,True,260622_316_H_b2_front_CBS_04,216,137
3.428620672671939,1.9359401246296353,0.4884398325141089,0.8562601037423746,0.2988083305490589,0.13071389041986034,173.87327618337682,0.010395153215963985,True,260622_316_H_b2_front_CBS_04,218,2683
2.041392685158225,1.3205216158631257,1.0,0.6530943945071831,0.7638888888888888,1.0,164.75454545454545,0.007272727272727273,True,260622_316_H_b2_front_CBS_04,220,110
1.7993405494535817,2.1071453909863496,0.9545454545454546,0.8802146922695273,0.5833333333333334,0.8915533337190679,160.95238095238096,0.006784936196700903,True,260622_316_H_b2_front_CBS_04,222,63
1.7403626894942439,1.4350354954700317,0.9016393442622951,0.717219933716127,0.6875,0.9674803678480026,171.27272727272728,0.04698752228163993,True,260622_316_H_b2_front_CBS_04,224,55
3.4875625602563782,3.516498960969781,0.7390572390572391,0.9587134972081186,0.629842180774749,0.31514854349713906,178.60950211519688,0.0029950932537023923,True,260622_316_H_b2_front_CBS_04,225,3073
3.6802448370426077,3.8875878894419422,0.45674773485932285,0.9663504991680096,0.3455266955266955,0.14749825779386352,190.44309876801003,0.020792748086914867,True,260622_316_H_b2_front_CBS_04,227,4789
3.317436496535099,1.3325084729931425,0.5583333333333333,0.6609110210244097,0.3645138645138645,0.2624377534047294,184.0,0.005445259471145223,True,260622_316_H_b2_front_CBS_04,228,2077
2.9355072658247128,2.5157484996453614,0.6901521216973578,0.9176039009933091,0.4965437788018433,0.3436600715962884,187.54524361948955,0.02697784450206997,True,260622_316_H_b2_front_CBS_04,229,862
3.772761647144032,7.786128168103916,0.4605580166316935,0.9917181181763814,0.1284658241019749,0.10397637642811275,184.18174147823152,0.012623665733590094,True,260622_316_H_b2_front_CBS_04,231,5926
2.089905111439398,2.171726935044629,0.8978102189781022,0.8876788738586265,0.5394736842105263,0.6863340885771929,187.41463414634146,0.0953929539295393,True,260622_316_H_b2_front_CBS_04,232,123
4.093876755390045,3.9016953739893516,0.6057485848135858,0.9665975917633564,0.2132378203806775,0.15195571568078733,195.8226053331185,0.015482819245477938,True,260622_316_H_b2_front_CBS_04,233,12413
3.0546130545568877,2.197171631442506,0.4276018099547511,0.8904247046917839,0.2540322580645161,0.2169183866132891,179.97971781305114,0.02425908635058962,True,260622_316_H_b2_front_CBS_04,234,1134
3.3226327116922234,2.8437123954290517,0.5797021511307225,0.9361304216570905,0.374888532191903,0.24156650996723536,176.89676498572788,0.005356243353668774,True,260622_316_H_b2_front_CBS_04,235,2102
1.8920946026904804,2.3599777957029504,0.9176470588235294,0.9057872343750241,0.6554621848739496,0.7488990713965318,161.6153846153846,0.023831070889894418,True,260622_316_H_b2_front_CBS_04,236,78
2.5352941200427703,2.081410133982944,0.8639798488664987,0.8770256719860454,0.6114081996434938,0.6131899341654526,181.64431486880466,0.02445549648430801,True,260622_316_H_b2_front_CBS_04,237,343
1.8195439355418688,1.4180789787136072,0.8461538461538461,0.7090289815823325,0.6111111111111112,0.7629587882902436,154.86363636363637,0.0034462269756387405,True,260622_316_H_b2_front_CBS_04,238,66
2.100370545117563,2.2220412807768923,0.9197080291970803,0.8930100891891095,0.7,0.8037339957518763,161.29365079365078,0.010301898537192655,True,260622_316_H_b2_front_CBS_04,239,126
1.7558748556724915,2.241610117133158,0.9827586206896551,0.8949791809770843,0.6263736263736264,0.8534358003833581,166.68421052631578,0.0326109391124871,True,260622_316_H_b2_front_CBS_04,241,57
1.7634279935629373,1.8477122990979016,0.9206349206349206,0.8408875992905999,0.5858585858585859,0.9046215002024535,158.0,0.004462474645030426,True,260622_316_H_b2_front_CBS_04,243,58
1.8976270912904414,2.095557869142608,0.7452830188679245,0.8787947758094751,0.4388888888888889,0.5257031440957918,166.36708860759492,0.07465872424919334,True,260622_316_H_b2_front_CBS_04,245,79
2.387389826338729,1.835973689053697,0.8299319727891157,0.8386503836735769,0.5350877192982456,0.6224813602671373,165.46311475409837,0.00890388942462231,True,260622_316_H_b2_front_CBS_04,246,244
2.5888317255942073,1.330113522535066,0.7652859960552268,0.6593734997212399,0.4635603345280765,0.5139853025134516,169.0541237113402,0.0077420658985243584,True,260622_316_H_b2_front_CBS_04,249,388
2.531478917042255,2.259463814004341,0.5954465849387041,0.8967276036439816,0.32288698955365625,0.32885956152462553,169.19117647058823,0.03275663206459054,True,260622_316_H_b2_front_CBS_04,250,340
2.7937903846908188,3.129650246811803,0.755771567436209,0.94757800716617,0.4442857142857143,0.4161193721699364,185.491961414791,0.03009268015888027,True,260622_316_H_b2_front_CBS_04,251,622
2.2355284469075487,3.3754465764000887,0.86,0.955108231115551,0.7078189300411523,0.5367784346884095,161.52325581395348,0.007478340173278614,True,260622_316_H_b2_front_CBS_04,252,172
1.6434526764861874,2.811679691092805,0.8627450980392157,0.9346156804296394,0.5238095238095238,0.7281471965520475,158.3409090909091,0.01568627450980392,True,260622_316_H_b2_front_CBS_04,254,44
3.284205067701794,1.9373385465166242,0.8215200683176772,0.8564849208524489,0.5068493150684932,0.546116922867824,192.67619542619542,0.01029106029106029,True,260622_316_H_b2_front_CBS_04,257,1924
2.2695129442179165,3.6532585212068307,0.8899521531100478,0.9618070775441726,0.3765182186234818,0.5042455898433437,171.2311827956989,0.030803289057558508,True,260622_316_H_b2_front_CBS_04,259,186
1.6127838567197355,1.4503573296896723,1.0,0.7242997147379352,0.7592592592592593,1.0,178.02439024390245,0.06857962697274032,True,260622_316_H_b2_front_CBS_04,261,41
4.2090590341287974,8.436945766199342,0.519551817131116,0.9929509127968132,0.3204237204237204,0.1279484864667663,229.50466538960637,0.017005257271913276,True,260622_316_H_b2_front_CBS_04,262,16183
2.6857417386022635,3.8540472258930643,0.8754512635379061,0.965751839891152,0.49489795918367346,0.4682823059288289,181.3938144329897,0.028130179907014354,True,260622_316_H_b2_front_CBS_04,263,485
1.9030899869919435,2.0314569015154946,0.898876404494382,0.8704495982796701,0.6837606837606838,0.833570342836444,163.1,0.011960784313725489,True,260622_316_H_b2_front_CBS_04,264,80
1.6901960800285136,1.610067043530395,0.9423076923076923,0.7837375469683701,0.7,1.0,158.79591836734693,0.009923969587835134,True,260622_316_H_b2_front_CBS_04,265,49
2.780317312140151,2.3657910535106907,0.788235294117647,0.9062735863507274,0.6090909090909091,0.4864298028960381,166.28192371475953,0.0025558482099307385,True,260622_316_H_b2_front_CBS_04,268,603
2.6074550232146687,1.337172828649055,0.6887755102040817,0.6638717003949978,0.4815695600475624,0.45018056039932786,161.13086419753085,0.00458000484144275,True,260622_316_H_b2_front_CBS_04,271,405
4.584048388485243,9.047127107779543,0.340306475356047,0.9938725295421126,0.2562912403494243,0.036710745380575005,189.99317263843648,0.012866526154435716,True,260622_316_H_b2_front_CBS_04,272,38375
1.6334684555795864,2.2186099689385173,0.9148936170212766,0.8926589820072991,0.6142857142857143,0.8836963743159721,157.46511627906978,0.004651162790697675,True,260622_316_H_b2_front_CBS_04,274,43
1.8325089127062364,3.953275760856298,0.7727272727272727,0.9674781027610309,0.3541666666666667,0.4972184683383195,159.7941176470588,0.026182237600922722,True,260622_316_H_b2_front_CBS_04,276,68
1.6020599913279623,1.2873006086935783,1.0,0.6297235299224024,0.8333333333333334,1.0,161.025,0.007352941176470588,True,260622_316_H_b2_front_CBS_04,278,40
1.9493900066449128,3.202468558148,0.7672413793103449,0.9499969708725403,0.55625,0.5323710415462344,163.52808988764045,0.029125358008371887,True,260622_316_H_b2_front_CBS_04,279,89
2.089905111439398,2.228931405465243,0.9609375,0.8937098149808641,0.6833333333333333,0.7561090184983149,192.58536585365854,0.07495616132631915,True,260622_316_H_b2_front_CBS_04,280,123
1.9493900066449128,1.3609973375269495,0.9081632653061225,0.6783322612971727,0.6180555555555556,0.9327380137253712,166.76404494382024,0.011456267900418595,True,260622_316_H_b2_front_CBS_04,286,89
2.143014800254095,2.5601294284723703,0.9328859060402684,0.9205582747883064,0.702020202020202,0.6880594986797485,165.23741007194243,0.00973338975878121,True,260622_316_H_b2_front_CBS_04,288,139
1.9822712330395684,1.6188424665225187,0.96,0.7863939307197725,0.7619047619047619,0.9542161702029719,185.4375,0.06658496732026144,True,260622_316_H_b2_front_CBS_04,289,96
3.280805928393667,1.6503328104926738,0.5954460386774797,0.7955115788241597,0.3474699672369858,0.3240911669077713,220.14195914091147,0.03080146673651126,True,260622_316_H_b2_front_CBS_04,293,1909
5.048973663291591,7.0968327766348605,0.7388239487284416,0.990022704741116,0.44249470288732173,0.14492850914345906,181.62125123953652,0.014231884987125987,True,260708_316_H_b2_front_CBS_001,3,111937
5.317135292420525,8.276298194335347,0.5020427020267377,0.9926735839654404,0.3199997533197762,0.05780736779580408,172.16151785542215,0.013840857123747184,True,260708_316_H_b2_front_CBS_002,132,207556
2.1702617153949575,4.816293325786239,0.7789473684210526,0.9782077413264891,0.5967741935483871,0.3988689424949589,176.54054054054055,0.08237943826179121,True,260708_316_H_b2_front_CBS_002,134,148
1.8195439355418688,2.6550925381216355,0.8571428571428571,0.9263618610060135,0.6285714285714286,0.6781855895913275,165.54545454545453,0.02679738562091503,True,260708_316_H_b2_front_CBS_002,141,66
1.6232492903979006,2.710940111207375,0.8936170212765957,0.9294787244584192,0.3888888888888889,0.663062327208863,176.14285714285714,0.15630252100840336,True,260708_316_H_b2_front_CBS_002,146,42
2.6414741105040997,4.0409831687139866,0.595108695652174,0.9688969534802818,0.39107142857142857,0.2531987612875895,177.21917808219177,0.04882263407646164,True,260708_316_H_b2_front_CBS_002,147,438
3.6261349786353887,9.234700103902599,0.5378450578806767,0.9941196497537615,0.1996977139618364,0.08484585598498158,177.24668874172184,0.0444172370935129,True,260708_316_H_b2_front_CBS_002,151,4228
2.0718820073061255,2.723261894424646,0.7108433734939759,0.9301393675747837,0.427536231884058,0.4797045627877534,172.635593220339,0.053772017281488865,True,260708_316_H_b2_front_CBS_002,152,118
3.1844074854123203,12.682019394078262,0.5400918403391027,0.9968863497630013,0.14024949550541185,0.10986082331833288,181.9300196206671,0.053257928416624994,True,260708_316_H_b2_front_CBS_002,153,1529
2.6424645202421213,4.770967339777874,0.7608318890814558,0.9777869804291879,0.5701298701298702,0.3060378045642013,167.41230068337129,0.07138326856938676,True,260708_316_H_b2_front_CBS_002,154,439
2.2013971243204513,4.223002483144947,0.6883116883116883,0.9715588215266958,0.4140625,0.35509393944521483,167.38993710691824,0.06309039339006042,True,260708_316_H_b2_front_CBS_002,156,159
3.3059958827708047,1.9625556440556093,0.6194121249234538,0.8604471520368353,0.44855875831485587,0.24716819468278814,178.57093425605535,0.04296472914425285,True,260708_316_H_b2_front_CBS_002,159,2023
2.6464037262230695,3.98783664676699,0.5716129032258065,0.9680486322491345,0.34129429892141755,0.2353986759329844,176.46726862302484,0.06903908290178375,True,260708_316_H_b2_front_CBS_002,162,443
2.0569048513364727,1.930535784938398,0.9421487603305785,0.8553861179214582,0.59375,0.8335721380965944,182.01754385964912,0.08878568971448228,True,260708_316_H_b2_front_CBS_002,166,114
2.7299742856995555,3.7386672815765,0.7131474103585658,0.9635648026109316,0.30084033613445377,0.29693145479787825,164.67411545623835,0.022631175375178003,True,260708_316_H_b2_front_CBS_002,168,537
1.845098040014257,5.721699167189357,0.7777777777777778,0.9846087083598127,0.45454545454545453,0.43899612446736147,173.72857142857143,0.10901960784313726,True,260708_316_H_b2_front_CBS_002,169,70
3.177824971864682,6.176748524785108,0.599283724631914,0.9868075836036803,0.3891472868217054,0.1756410155901925,222.19521912350598,0.08992787021847251,True,260708_316_H_b2_front_CBS_002,170,1506
3.5354207180561734,5.0867460564159455,0.5650527009222661,0.9804859179312228,0.3135051169590643,0.1724062087237414,172.7318566015739,0.03748521268023386,True,260708_316_H_b2_front_CBS_002,171,3431
2.7323937598229686,2.42369797093323,0.45646661031276414,0.9109156352179626,0.23736263736263735,0.177710780845674,176.78148148148148,0.05357298474945534,True,260708_316_H_b2_front_CBS_002,177,540
2.399673721481038,1.7440367844741937,0.8508474576271187,0.8192878746261778,0.5810185185185185,0.5861653304040585,214.65737051792829,0.12694320756190922,True,260708_316_H_b2_front_CBS_002,183,251
3.778078861937455,6.782444501621286,0.4770955940830285,0.9890710812018085,0.37244676227727075,0.10068431907093123,215.14152358726454,0.034187397245946216,True,260708_316_H_b2_front_CBS_003,91,5999
3.9335885101966532,6.091793831347131,0.37975131642993054,0.986434514110222,0.21630204657727595,0.0699640015143085,210.30435795851784,0.03507569422548792,True,260708_316_H_b2_front_CBS_003,96,8582
3.6554265877459184,3.900029507336702,0.4010462848022699,0.9665685569404773,0.16138585599086563,0.08141864908596953,196.0291841697988,0.03661633567864466,True,260708_316_H_b2_front_CBS_003,100,4523
3.796227314029439,3.7006804841826755,0.5228184553660983,0.962798443114003,0.2760858050847458,0.19492928768825982,211.13349320543566,0.02948543126283287,True,260708_316_H_b2_front_CBS_003,108,6255
1.8692317197309762,2.5231532093333557,0.7254901960784313,0.9181083504136542,0.5441176470588235,0.5261171764210696,198.9189189189189,0.1392156862745098,True,260708_316_H_b2_front_CBS_003,116,74
2.113943352306837,3.7133220966270573,0.7926829268292683,0.963056160243423,0.4513888888888889,0.48089523625566843,187.34615384615384,0.02431372549019608,False,260708_316_H_b2_front_CBS_003,125,130
2.0863598306747484,8.63574523919211,0.6524064171122995,0.9932728112468471,0.1742857142857143,0.34492223625011126,190.41803278688525,0.09697846351655416,True,260708_316_H_b2_front_CBS_003,129,122
2.225309281725863,2.2109085497678143,0.7962085308056872,0.8918644680230371,0.4444444444444444,0.582854860711949,196.82142857142858,0.06991129785247432,True,260708_316_H_b2_front_CBS_003,139,168
1.7323937598229686,3.314456539525408,0.6506024096385542,0.9534001931965439,0.48214285714285715,0.4597078178968662,177.87037037037038,0.046623093681917215,True,260708_316_H_b2_front_CBS_003,141,54
2.315970345456918,7.56473674317761,0.646875,0.9912240887092139,0.42244897959183675,0.20988807564421205,184.20289855072463,0.07824192478923937,True,260708_316_H_b2_front_CBS_003,142,207
1.724275869600789,5.082365009679096,0.7361111111111112,0.9804519252649759,0.5888888888888889,0.5040748229767212,176.75471698113208,0.028116907140214576,True,260708_316_H_b2_front_CBS_003,144,53
1.8512583487190752,2.09559784234838,0.8452380952380952,0.8787997185622638,0.5634920634920635,0.6359588784559689,179.61971830985917,0.06843413421706711,True,260708_316_H_b2_front_CBS_003,145,71
3.4583356259919475,4.048355594341627,0.5654398740405432,0.9690119431108133,0.37723214285714285,0.22219821797966696,183.8541594152454,0.01880796871480928,True,260708_316_H_b2_front_CBS_003,149,2873
1.7634279935629373,3.236248471999934,0.9206349206349206,0.9510621160256739,0.6444444444444445,0.6804574809452871,182.56896551724137,0.024002704530087897,True,260708_316_H_b2_front_CBS_003,150,58
2.725094521081469,5.000420105099566,0.6366906474820144,0.9797993268187849,0.38311688311688313,0.2599014031789058,189.78154425612053,0.021409844540452718,True,260708_316_H_b2_front_CBS_003,151,531
1.7708520116421442,2.885763229648886,0.8309859154929577,0.9380393421146881,0.4125874125874126,0.612249727285299,190.5593220338983,0.06314390162844799,True,260708_316_H_b2_front_CBS_003,152,59
3.7992716083498728,6.991122661782776,0.49291806870647153,0.9897171187743407,0.3447728516694034,0.11396742136292141,199.09398317193205,0.01871009715205339,True,260708_316_H_b2_front_CBS_003,153,6299
3.9465996250151325,4.456875106363379,0.2691687212735519,0.9745034645233066,0.132987442664862,0.037138138494068634,198.93271514192017,0.03487992053091733,True,260708_316_H_b2_front_CBS_003,154,8843
2.9628426812012423,2.28964375070399,0.5474060822898033,0.899583328796077,0.33260869565217394,0.21521301646867982,193.4814814814815,0.019155025844760563,True,260708_316_H_b2_front_CBS_003,155,918
1.7781512503836436,4.19613092981359,0.75,0.9711879673039553,0.5555555555555556,0.5071883913887912,196.0,0.14908496732026144,True,260708_316_H_b2_front_CBS_003,156,60
3.9933039379194746,9.753575763744392,0.30517246722657826,0.9947302732368128,0.1845597331034224,0.04023111823690199,197.5759114451102,0.02240196576243984,True,260708_316_H_b2_front_CBS_003,157,9847
3.56702636615906,4.53961046723775,0.4558369363804818,0.9754359559089799,0.3086316493810639,0.1313643966443071,188.70650406504066,0.023985333970986768,True,260708_316_H_b2_front_CBS_003,161,3690
2.0293837776852097,2.110926056691309,0.656441717791411,0.8806724288763029,0.3715277777777778,0.42758410339502667,182.85981308411215,0.13729155213487265,True,260708_316_H_b2_front_CBS_003,163,107
3.2467447097238415,7.357709796945703,0.3777825342465753,0.9907209330544106,0.18539915966386555,0.107070080743162,201.32407932011333,0.04670777092706771,True,260708_316_H_b2_front_CBS_003,176,1765
3.566319621524811,9.082101114393934,0.560133799604683,0.9939197749550925,0.3320713899405084,0.10158610324135744,194.3344191096634,0.024377807583402526,True,260708_316_H_b2_front_CBS_003,178,3684
1.7481880270062005,2.502062359624644,0.5,0.9166589637020686,0.25,0.422765042862126,190.51785714285714,0.126890756302521,True,260708_316_H_b2_front_CBS_003,179,56
1.6232492903979006,2.354457166469469,0.8571428571428571,0.9053217809657886,0.4666666666666667,0.7581450804762417,182.07142857142858,0.06647992530345471,True,260708_316_H_b2_front_CBS_003,180,42
1.662757831681574,3.5222992341100112,0.8679245283018868,0.9588522760332382,0.39316239316239315,0.5933227620975122,173.8913043478261,0.014919011082693947,True,260708_316_H_b2_front_CBS_003,182,46
3.9643067823039364,3.6267310191614466,0.2778582202111614,0.9612350106480863,0.15783341044226254,0.05111100467023817,196.0924981000977,0.028190079636240557,True,260708_316_H_b2_front_CBS_003,184,9211
1.7481880270062005,2.0718163994600673,0.7887323943661971,0.8758032647276945,0.5833333333333334,0.695939108075144,186.89285714285714,0.06316526610644257,True,260708_316_H_b2_front_CBS_003,185,56
1.724275869600789,1.7369109472442148,0.8153846153846154,0.8176365274389111,0.5888888888888889,0.7414740194086965,174.1509433962264,0.013022567517573068,True,260708_316_H_b2_front_CBS_003,198,53
1.9242792860618816,11.732075560859743,0.7567567567567568,0.996360755173,0.1935483870967742,0.2554345857504776,209.86904761904762,0.3630252100840336,True,260708_316_H_b2_front_CBS_003,204,84
3.7692295817365937,9.0522380959032,0.4928313909616836,0.9938794681555931,0.291712158808933,0.06645314219454422,202.66570261993874,0.02525135266764072,True,260708_316_H_b2_front_CBS_004,67,5878
3.142389466118836,5.329274435464124,0.5642276422764227,0.9822373328230037,0.1961560203504805,0.15499229583414437,189.93227665706053,0.027445329716901168,True,260708_316_H_b2_front_CBS_004,81,1388
2.146128035678238,5.243381734866835,0.6511627906976745,0.9816451364417343,0.42424242424242425,0.31674637038400594,174.96428571428572,0.01638655462184874,True,260708_316_H_b2_front_CBS_004,86,140
3.141763230275788,4.379474576632358,0.6553191489361702,0.9735819463898243,0.45294117647058824,0.27776189177053956,187.8015873015873,0.03412556941968707,True,260708_316_H_b2_front_CBS_004,97,1386
4.087177811761157,5.306216697909929,0.4104294684530405,0.9820812136686531,0.252990851513019,0.07090253869395079,208.91925059314408,0.024613513899382874,True,260708_316_H_b2_front_CBS_004,98,12223
2.1172712956557644,4.18690589818511,0.5796460176991151,0.9710589700899639,0.2823275862068966,0.334201058176209,199.93129770992365,0.1511749738063164,True,260708_316_H_b2_front_CBS_004,101,131
1.7160033436347992,3.4409210641276124,0.7536231884057971,0.9568385948651673,0.3333333333333333,0.5030421153646777,184.71153846153845,0.07730015082956258,True,260708_316_H_b2_front_CBS_004,106,52
1.6020599913279623,2.4086919237007574,0.9090909090909091,0.9097469991501893,0.6060606060606061,0.8220431388985786,178.7,0.04098039215686274,True,260708_316_H_b2_front_CBS_004,107,40
2.0718820073061255,1.4886453209459367,0.7763157894736842,0.7407764009118833,0.5619047619047619,0.6820389168049145,183.41525423728814,0.028281821203057493,True,260708_316_H_b2_front_CBS_004,112,118
4.027471927021278,3.4276157761120984,0.30968023255813953,0.9564952234974561,0.17785234899328858,0.06847653977434166,191.2944710410213,0.019748832603537988,True,260708_316_H_b2_front_CBS_004,119,10653
2.6364878963533656,6.954040872438179,0.5997229916897507,0.9896065839446022,0.38660714285714287,0.19856218968572314,182.90762124711316,0.05066340624009419,True,260708_316_H_b2_front_CBS_004,122,433
3.484584529282843,5.693147340155507,0.49926386389661376,0.9844527208490095,0.2530679933665008,0.09727880311678139,201.15956749672347,0.04004959782077969,True,260708_316_H_b2_front_CBS_004,133,3052
3.5630061870617937,5.628327897448042,0.5381218722402119,0.9840896428614655,0.21059907834101382,0.14430176358514848,196.11870897155362,0.02239241429613421,True,260708_316_H_b2_front_CBS_004,134,3656
1.6020599913279623,1.5291736634611701,0.9090909090909091,0.7565395321131114,0.7407407407407407,1.0,186.55,0.030882352941176472,True,260708_316_H_b2_front_CBS_004,135,40
2.1986570869544226,3.1607798080565965,0.7488151658767772,0.9486333328347746,0.395,0.44402104571009793,190.84810126582278,0.03584015884834947,True,260708_316_H_b2_front_CBS_007,1,158
2.3443922736851106,5.921676644483347,0.65,0.9856381457553227,0.34316770186335405,0.25755357888369745,193.1945701357466,0.05378404755567385,True,260708_316_H_b2_front_CBS_007,2,221
1.7323937598229686,8.32703678550081,0.8709677419354839,0.9927629195545714,0.782608695652174,0.3729288429843187,218.14814814814815,0.08750907770515613,True,260708_316_H_b2_front_CBS_007,3,54
5.729227984664868,10.734689477606604,0.7854783834393673,0.9956515316040925,0.5426769517330742,0.12868734757226158,149.69338230630618,0.0030210777784824847,True,260708_316_H_b2_front_CBS_007,4,536078
3.5774917998372255,6.149477227148471,0.4205139615085104,0.9866895234916138,0.22415940224159403,0.09364834387782811,196.24232804232804,0.02726423902894491,True,260708_316_H_b2_front_CBS_007,5,3780
2.214843848047698,1.2196894073763334,0.803921568627451,0.5725341699368311,0.5077399380804953,0.6318127024181672,177.39634146341464,0.03046389287422286,True,260708_316_H_b2_front_CBS_007,6,164
2.103803720955957,2.530683769209451,0.8466666666666667,0.9186165582707215,0.4703703703703704,0.6461409834340677,185.44094488188978,0.03106376408831249,True,260708_316_H_b2_front_CBS_007,7,127
3.1222158782728267,9.196205788774012,0.5493366500829188,0.9940701705755302,0.21918941273779982,0.12466339322781801,190.38037735849056,0.020617092119866814,True,260708_316_H_b2_front_CBS_007,8,1325
1.724275869600789,2.4677819085631576,0.8833333333333333,0.9142182306541596,0.4818181818181818,0.750036931541438,176.50943396226415,0.04187939326674066,True,260708_316_H_b2_front_CBS_007,10,53
4.117171827514267,5.942349818662461,0.4095756324858492,0.9857386221005219,0.21291780465600207,0.07931455732305562,191.6049476979461,0.02230865622571851,True,260708_316_H_b2_front_CBS_007,11,13097
2.164352855784437,2.833234120747585,0.6547085201793722,0.9356408508249726,0.3244444444444444,0.37246835491394276,178.6164383561644,0.033387053451517594,True,260708_316_H_b2_front_CBS_007,12,146
1.806179973983887,3.2987379239709975,0.9014084507042254,0.9529440470873817,0.4155844155844156,0.6397557224343574,188.125,0.06832107843137254,True,260708_316_H_b2_front_CBS_007,13,64
1.8808135922807914,2.1281545596468794,0.9156626506024096,0.8827246149487342,0.5846153846153846,0.8077761932437351,184.77631578947367,0.04659442724458204,True,260708_316_H_b2_front_CBS_007,14,76
1.6127838567197355,2.0555551219914285,0.8913043478260869,0.8736880442286286,0.6833333333333333,0.9020202229615727,185.21951219512195,0.06676231468197034,True,260708_316_H_b2_front_CBS_007,15,41
2.0293837776852097,3.6420333222092918,0.7039473684210527,0.9615665723749259,0.44583333333333336,0.43341793601318934,190.37383177570092,0.14059006780282204,True,260708_316_H_b2_front_CBS_007,16,107
2.164352855784437,4.587066102085923,0.7411167512690355,0.9759478151925836,0.6083333333333333,0.3776730937466072,206.92465753424656,0.2549825409615901,True,260708_316_H_b2_front_CBS_007,17,146
1.7558748556724915,2.294659262449005,0.890625,0.9000461712875938,0.59375,0.8199420174187146,180.89473684210526,0.036738906088751286,True,260708_316_H_b2_front_CBS_007,18,57
2.505149978319906,3.7157363748405277,0.7529411764705882,0.9631050720183003,0.600375234521576,0.41304557158661315,191.55625,0.029901960784313727,True,260708_316_H_b2_front_CBS_007,20,320
2.0170333392987803,1.1753405625555886,0.9043478260869565,0.5254617432835008,0.5714285714285714,0.8394996607993728,177.78846153846155,0.012405731523378581,True,260708_316_H_b2_front_CBS_007,22,104
1.6720978579357175,2.6996595717415954,0.8245614035087719,0.9288655398462256,0.6527777777777778,0.7156477236366829,183.91489361702128,0.06858573216520651,True,260708_316_H_b2_front_CBS_007,24,47
1.7323937598229686,2.6972715175438204,0.8181818181818182,0.9287346905301304,0.4462809917355372,0.6374384212569262,178.0185185185185,0.0644153957879448,True,260708_316_H_b2_front_CBS_007,25,54
4.29821972335309,8.223743597634972,0.41674006962795185,0.992579293335881,0.33118333333333333,0.05875103653351188,202.06345931256604,0.02908682571211767,True,260708_316_H_b2_front_CBS_007,26,19871
1.7160033436347992,2.0040530316676146,0.8813559322033898,0.8666084387677525,0.6753246753246753,0.8394996607993727,200.57692307692307,0.14585218702865763,True,260708_316_H_b2_front_CBS_007,27,52
2.8573324964312685,5.621285212849303,0.6469002695417789,0.9840494276812378,0.4142692750287687,0.2621418020251814,226.2861111111111,0.09933006535947712,True,260708_316_H_b2_front_CBS_007,28,720
1.6334684555795864,2.204755391045291,0.8113207547169812,0.8912231712458717,0.5584415584415584,0.7115983966304101,176.09302325581396,0.04322845417236662,True,260708_316_H_b2_front_CBS_007,30,43
2.326335860928751,1.5846300981618444,0.6816720257234726,0.7757323146085106,0.4076923076923077,0.44636938243734847,173.98584905660377,0.05412504624491306,True,260708_316_H_b2_front_CBS_007,31,212
2.5899496013257077,1.187480300641832,0.9261904761904762,0.5392913844869591,0.7718253968253969,0.802614120148729,189.9408740359897,0.03212863551590302,True,260708_316_H_b2_front_CBS_007,32,389
4.734951766086887,10.94166974845694,0.21588569611700648,0.9958148353464612,0.1482910182910183,0.014815787645909635,202.73812109943114,0.03213752888257422,True,260708_316_H_b2_front_CBS_007,33,54319
1.9395192526186185,4.600412788878802,0.6641221374045801,0.976088879858433,0.453125,0.4036707912565213,178.4022988505747,0.08645481180978137,True,260708_316_H_b2_front_CBS_007,34,87
1.7634279935629373,3.525256662858288,0.9354838709677419,0.9589227650051312,0.725,0.656737620451398,213.3793103448276,0.38465179175118325,True,260708_316_H_b2_front_CBS_007,35,58
2.0211892990699383,1.9256373021362645,0.7446808510638298,0.8545867914717685,0.4861111111111111,0.5394658099021922,189.89523809523808,0.08283846872082166,True,260708_316_H_b2_front_CBS_007,36,105
1.9138138523837167,2.9951256112246574,0.803921568627451,0.9426170702654239,0.41414141414141414,0.5456665546310749,186.32926829268294,0.0830703012912482,True,260708_316_H_b2_front_CBS_007,37,82
1.7708520116421442,1.2771480607443804,0.7763157894736842,0.6220285357131958,0.48760330578512395,0.5979306337254053,188.23728813559322,0.1716849451645065,True,260708_316_H_b2_front_CBS_007,38,59
1.9867717342662448,6.404145906920941,0.5808383233532934,0.9877335357021161,0.17962962962962964,0.4265708894602555,182.27835051546393,0.10228421265413382,True,260708_316_H_b2_front_CBS_007,39,97
2.0,1.3257976514232128,0.8771929824561403,0.6565725066528073,0.5208333333333334,0.7523143791224095,181.75,0.024196078431372548,True,260708_316_H_b2_front_CBS_007,40,100
1.6812412373755872,1.1144953054335025,0.9230769230769231,0.44148805649870476,0.6666666666666666,0.9864517666782943,180.6875,0.037091503267973856,True,260708_316_H_b2_front_CBS_007,44,48
2.130333768495006,4.064286551073608,0.6887755102040817,0.9692582428299288,0.4231974921630094,0.3861203229851781,213.82962962962964,0.3167465504720407,True,260708_316_H_b2_front_CBS_007,46,135
1.968482948553935,2.4177474781126955,0.788135593220339,0.9104550067553958,0.5470588235294118,0.6258350586716264,186.25806451612902,0.03369175627240144,True,260708_316_H_b2_front_CBS_007,48,93
1.7160033436347992,1.9396964057172092,0.9122807017543859,0.8568627483176446,0.6190476190476191,0.8605375959251472,181.69230769230768,0.0794871794871795,True,260708_316_H_b2_front_CBS_007,51,52
2.146128035678238,5.276700814211744,0.7865168539325843,0.9818783362279602,0.4666666666666667,0.3657447503371605,185.02857142857144,0.07070028011204482,True,260708_316_H_b2_front_CBS_007,55,140
1.6434526764861874,2.8997390635865843,0.9166666666666666,0.9386546409756772,0.4444444444444444,0.8307247245782202,186.79545454545453,0.11238859180035651,True,260708_316_H_b2_front_CBS_007,56,44
1.6020599913279623,2.143733636158408,0.9302325581395349,0.8845339271924892,0.6060606060606061,0.8502907297302474,172.725,0.042843137254901964,True,260708_316_H_b2_front_CBS_007,57,40
4.756666530611585,6.273579327756818,0.4427456058056863,0.9872143000460446,0.28286110560729144,0.04819068075503254,185.0239913140936,0.03280543514688027,True,260708_316_H_b2_front_CBS_008,3,57104
4.542090611555182,6.879052878708393,0.43865988467252537,0.9893775304230916,0.27205928285857073,0.029586359878986467,176.6537986854568,0.02609535418886133,True,260708_316_H_b2_front_CBS_008,4,34841
4.03249788285711,6.435038405162562,0.5101538461538462,0.9878517499868604,0.24176144648585593,0.08371489732555903,191.14994896538926,0.025948143013352694,True,260708_316_H_b2_front_CBS_008,5,10777
2.9921114877869495,2.606129967273195,0.5117248566961959,0.9234533475870982,0.25414078674948243,0.2001417195497871,157.74745417515274,0.022986302463959107,True,260708_316_H_b2_front_CBS_008,6,982
3.491081413423187,1.4958103507922522,0.7201301720130172,0.7436816252422442,0.5747680890538034,0.3415300002847272,134.96610716591348,0.008444410688742895,True,260708_316_H_b2_front_CBS_008,7,3098
2.0211892990699383,1.5209395561841357,0.6176470588235294,0.7534647327811688,0.4166666666666667,0.38975841853650484,156.24761904761905,0.02569561157796452,True,260708_316_H_b2_front_CBS_008,13,105
1.99563519459755,2.089080117566623,0.9252336448598131,0.8779896677089858,0.61875,0.7759282249464875,168.55555555555554,0.020400079223608637,True,260708_316_H_b2_front_CBS_008,16,99
3.564547711755948,5.711135078488872,0.5519783360914698,0.984551268940361,0.3218421052631579,0.13295832811646166,232.50531479967293,0.06382034961708859,True,260708_316_H_b2_front_CBS_008,24,3669
3.6757783416740852,2.353198574354413,0.3866231647634584,0.9052151744945182,0.22400756143667297,0.18068735213613163,232.8276371308017,0.005836849507735584,False,260708_316_H_b2_front_CBS_010,167,4740
2.499687082618404,1.23322935395815,0.9813664596273292,0.5852136063255913,0.79,0.996927208608102,224.16139240506328,0.0058699429138744106,False,260708_316_H_b2_front_CBS_010,187,316
2.733999286538387,1.2587766580171256,0.9393414211438474,0.6073660528051076,0.6691358024691358,0.8303370046142781,224.9889298892989,0.014304319513783375,False,260708_316_H_b2_front_CBS_010,198,542
5.368513737535905,9.420173501402909,0.3936529440310579,0.994349577651083,0.21869968321488217,0.025253038070236624,172.17265497256253,0.014947004218814338,True,260708_316_H_b2_front_CBS_011,129,233622
1.7160033436347992,2.178772934603999,0.6842105263157895,0.888449729374653,0.36363636363636365,0.5098843269948905,160.26923076923077,0.06387631975867271,True,260708_316_H_b2_front_CBS_011,130,52
2.060697840353612,1.4561365910223807,0.8098591549295775,0.726894861043599,0.6534090909090909,0.6261411203720566,163.81739130434784,0.054356351236146634,True,260708_316_H_b2_front_CBS_011,131,115
2.5809249756756194,3.819609321366064,0.6479591836734694,0.9651202813542316,0.42333333333333334,0.3109628025957256,170.03412073490813,0.04201533631825433,True,260708_316_H_b2_front_CBS_011,143,381
2.294466226161593,8.776696420007811,0.5915915915915916,0.993487852134052,0.19033816425120773,0.21244824524187608,158.81725888324874,0.03893699611824425,True,260708_316_H_b2_front_CBS_011,144,197
3.1436392352745433,3.463208190521941,0.6230975828111012,0.9574046506674972,0.44990303813833227,0.21117816512407683,178.45977011494253,0.028744083840432727,True,260708_316_H_b2_front_CBS_011,149,1392
1.8864907251724818,2.326459548847128,0.77,0.9029061743323954,0.42777777777777776,0.5630267950301558,159.19480519480518,0.041201935319582376,True,260708_316_H_b2_front_CBS_011,151,77
1.6434526764861874,3.969331064763981,0.8627450980392157,0.9677450384980316,0.6285714285714286,0.6184930672930342,166.4090909090909,0.12014260249554368,True,260708_316_H_b2_front_CBS_011,153,44
3.9555915504057246,10.063275132963357,0.4303556106397178,0.9950504304793497,0.16266959765040812,0.050753618382623336,180.15208241027912,0.030918189163126483,True,260708_316_H_b2_front_CBS_011,159,9028
2.6655809910179533,2.8387908996844877,0.512735326688815,0.9359011842525558,0.29528061224489793,0.1943325786674416,169.8488120950324,0.049701435649853895,True,260708_316_H_b2_front_CBS_011,160,463
2.0755469613925306,1.6805094320059926,0.7083333333333334,0.8036830149450511,0.4817813765182186,0.48202555500532274,159.11764705882354,0.01941011698797166,True,260708_316_H_b2_front_CBS_011,161,119
3.731346975545955,12.146935279355919,0.4489166666666667,0.9966055118314253,0.1399948024948025,0.07239359321760629,178.16706886950064,0.03391898433774847,True,260708_316_H_b2_front_CBS_011,162,5387
2.155336037465062,1.6182983085277123,0.5909090909090909,0.7862307250723574,0.3611111111111111,0.36303774487307905,172.12587412587413,0.06356780474427533,True,260708_316_H_b2_front_CBS_011,165,143
2.791690649020118,1.0564667713680944,0.3856697819314642,0.3225532964075487,0.2691304347826087,0.11619566698775219,159.52827140549272,0.050448224524058415,True,260708_316_H_b2_front_CBS_011,166,619
1.6901960800285136,2.7794277810934953,0.9074074074074074,0.9330347410652922,0.5833333333333334,0.7774846808907724,165.3877551020408,0.0722689075630252,True,260708_316_H_b2_front_CBS_011,167,49
3.149527013754348,6.629999145081187,0.6712654614652712,0.9885597792650908,0.538961038961039,0.21557427754044362,165.71934798015593,0.036900543349870064,True,260708_316_H_b2_front_CBS_011,168,1411
1.6232492903979006,1.723373109418677,0.875,0.8144331461476914,0.6,0.9885234978432669,189.26190476190476,0.22735760971055088,True,260708_316_H_b2_front_CBS_011,170,42
2.7972675408307164,4.7963795393936755,0.5816326530612245,0.9780243728477548,0.40192307692307694,0.24024939676879076,169.62838915470493,0.04268693123182287,True,260708_316_H_b2_front_CBS_011,172,627
1.7160033436347992,1.2056177333461973,0.9629629629629629,0.5585805106773489,0.6419753086419753,1.0,169.73076923076923,0.08257918552036199,True,260708_316_H_b2_front_CBS_011,174,52
2.089905111439398,2.3619928571104793,0.82,0.9059562558417164,0.45555555555555555,0.625790086318034,168.96747967479675,0.03494340825761199,True,260708_316_H_b2_front_CBS_011,178,123
3.5110808455391185,1.6815654743720043,0.481234238243584,0.8039595751899127,0.2972873900293255,0.17759619607666857,190.64364981504315,0.039768139068204346,True,260708_316_H_b2_front_CBS_011,179,3244
3.03342375548695,2.668854935592163,0.7708779443254818,0.927149130514682,0.4817127564674398,0.3733806291622986,181.70462962962964,0.005029048656499637,False,260708_316_H_b2_front_CBS_012,22,1080
2.416640507338281,1.2576289557523492,0.9775280898876404,0.6064166149703897,0.815625,0.9935322120700756,229.4214559386973,0.050875215986777855,False,260708_316_H_b2_front_CBS_012,79,261
4.1022621494942735,3.38258975692475,0.48876100726093,0.9553020626181115,0.360829151459854,0.1236986001030021,193.70636112208612,3.8425484773126954e-05,False,260708_316_H_b2_front_CBS_012,82,12655
2.110589710299249,3.2888839115694326,0.8164556962025317,0.952654634373446,0.5972222222222222,0.5117118563005594,166.92248062015503,0.009059127526979785,False,260708_316_H_b2_front_CBS_012,102,129
2.3404441148401185,2.6835514296198144,0.876,0.9279757771106931,0.438,0.5877687714844024,176.73059360730593,0.01004566210045662,False,260708_316_H_b2_front_CBS_012,103,219
2.9439888750737717,1.6447022561529356,0.5832780358327804,0.7939272339005147,0.36625,0.20949340837833252,184.27986348122866,0.01188070222400678,False,260708_316_H_b2_front_CBS_012,106,879
3.652052848248105,2.5335986664105588,0.6169072164948454,0.9188119829016936,0.3648780487804878,0.15668085647306393,196.94050802139037,0.00893362692670651,False,260708_316_H_b2_front_CBS_012,108,4488
2.3344537511509307,1.2547460891901827,0.8888888888888888,0.604013622055655,0.7058823529411765,0.7704492466044726,173.04166666666666,0.005119825708061002,False,260708_316_H_b2_front_CBS_012,121,216
4.280942405998698,5.970089499120336,0.35057829998164125,0.9858717910394413,0.1981118373275236,0.05349838167999645,207.84274193548387,0.037623113761633686,True,260708_316_H_b2_front_CBS_012,152,19096
1.7558748556724915,1.5260615018473942,0.9661016949152542,0.7553846994313033,0.6785714285714286,0.9432815955333341,182.64912280701753,0.030134158926728587,False,260708_316_H_b2_front_CBS_012,161,57
3.2607866686549762,1.2402372592590918,0.8263825929283771,0.5915104424707878,0.5477764423076923,0.42045096781037977,178.45529347229842,0.00785604422789412,False,260708_316_H_b2_front_CBS_012,188,1823
2.683947130751512,1.6226252434958373,0.6483221476510067,0.7875230114431617,0.45394736842105265,0.2777835876822088,172.0766045548654,0.006487232574189096,False,260708_316_H_b2_front_CBS_012,190,483
1.8808135922807914,3.5027650687178333,0.95,0.9583820621487763,0.4175824175824176,0.6516024178410409,184.48684210526315,0.07915376676986585,False,260708_316_H_b2_front_CBS_012,198,76
2.44870631990508,2.9084900184227136,0.5878661087866108,0.9390352002665102,0.40843023255813954,0.32702984028945165,222.12099644128114,0.14012978857023237,False,260708_316_H_b2_front_CBS_012,199,281
2.7505083948513462,1.871152287999526,0.6718377088305489,0.8452127115970614,0.473109243697479,0.342703167771678,168.69982238010658,0.008442169052345627,False,260708_316_H_b2_front_CBS_012,200,563
4.694999832747095,10.505614647852386,0.6131427510673845,0.9954593902958921,0.41688754259750094,0.13169389268044374,188.8669088707236,0.012029072401995414,True,260708_316_H_b2_front_CBS_012,201,49545
4.9149986003410975,17.253968433285504,0.5132231869222463,0.9983190407893785,0.3856660412757974,0.037791668114940474,197.2689117532594,0.014308879808004151,True,260708_316_H_b2_front_CBS_012,203,82224
2.3364597338485296,1.4745412905078716,0.8157894736842105,0.7348985959597704,0.6011080332409973,0.6225391147854791,209.32258064516128,0.06639559049426222,False,260708_316_H_b2_front_CBS_012,204,217
2.505149978319906,1.4659808534844814,0.9169054441260746,0.7312242541427741,0.6736842105263158,0.8301691217427788,186.33125,0.005759803921568628,False,260708_316_H_b2_front_CBS_012,205,320
2.424881636631067,3.024695389473257,0.7621776504297995,0.9437668329068475,0.4169278996865204,0.44252226686544494,172.20676691729324,0.008034792864514227,False,260708_316_H_b2_front_CBS_012,206,266
1.6720978579357175,2.292714797494432,0.9038461538461539,0.8998671205100123,0.5340909090909091,0.8119470448661271,173.51063829787233,0.023445974134334586,False,260708_316_H_b2_front_CBS_012,207,47
2.143014800254095,1.2659297239775211,0.8424242424242424,0.6131928220379248,0.5110294117647058,0.6908127482198597,186.3884892086331,0.02392438989984483,False,260708_316_H_b2_front_CBS_012,210,139
2.7788744720027396,2.905042788549396,0.6806342015855039,0.9388857169067222,0.3338888888888889,0.3366406516024909,203.9783693843594,0.08093700042412971,True,260708_316_H_b2_front_CBS_012,211,601
2.7972675408307164,3.9453197845443126,0.6450617283950617,0.9673445897639292,0.4453125,0.3045229864925697,185.87878787878788,0.03630734590486913,True,260708_316_H_b2_front_CBS_012,212,627
2.7371926427047373,2.6396636039439345,0.5316455696202531,0.9254637597420432,0.3029966703662597,0.19892998086095712,179.17399267399267,0.03258636788048553,True,260708_316_H_b2_front_CBS_012,213,546
2.7331972651065692,4.955399229058773,0.6605616605616605,0.9794267325960885,0.37336093857832986,0.2578747074691193,185.90203327171903,0.04278931535645682,True,260708_316_H_b2_front_CBS_012,214,541
2.392696953259666,5.018435572467394,0.8071895424836601,0.9799455830632556,0.5145833333333333,0.39086576050596006,202.19433198380565,0.10804159720568389,True,260708_316_H_b2_front_CBS_012,215,247
2.8830933585756897,6.850175716978701,0.6845878136200717,0.9892872969470285,0.47306501547987617,0.24363512256357217,192.86387434554973,0.07658351298634637,True,260708_316_H_b2_front_CBS_012,216,764
2.3654879848909,3.2007962942215644,0.6966966966966966,0.9499433318924602,0.4070175438596491,0.4230717933742883,177.61206896551724,0.01874577417173766,False,260708_316_H_b2_front_CBS_012,217,232
4.214817365869458,7.107092759141561,0.8111891571032845,0.9900516355382398,0.639686378530192,0.2405731549383835,211.93383742911152,0.016234131923395616,True,260708_316_H_b2_front_CBS_012,218,16399
2.041392685158225,4.787555501164965,0.7534246575342466,0.9779423763981766,0.5092592592592593,0.3998184384883814,206.8,0.22923351158645275,False,260708_316_H_b2_front_CBS_012,219,110
2.0253058652647704,2.1018889090458845,0.848,0.8795737651407469,0.5353535353535354,0.686734633239698,174.3679245283019,0.031705512393636705,False,260708_316_H_b2_front_CBS_012,220,106
1.662757831681574,2.129179363648061,0.92,0.8828449695949878,0.575,0.8850546106153464,219.65217391304347,0.30008525149190113,True,260708_316_H_b2_front_CBS_012,221,46
1.919078092376074,2.4145817454212635,0.8556701030927835,0.9102084622241164,0.6102941176470589,0.6665850242379857,171.75903614457832,0.01842664776754075,True,260708_316_H_b2_front_CBS_012,222,83
3.325515663363148,2.62692487740371,0.8376880443388757,0.9247096223135816,0.5248015873015873,0.4221012717319477,206.88610586011342,0.013681011156825679,True,260708_316_H_b2_front_CBS_012,223,2116
3.146128035678238,6.158191411906093,0.8101851851851852,0.98672742015232,0.56,0.23131663517771187,234.32857142857142,0.03736134453781513,True,260708_316_H_b2_front_CBS_012,224,1400
2.2227164711475833,1.6369415034189785,0.8434343434343434,0.791711333766888,0.6278195488721805,0.6567737914962541,163.0,0.0013150170247739814,False,260708_316_H_b2_front_CBS_013,64,167
3.4896772916636984,1.350297327490775,0.7681592039800995,0.6719708088954456,0.5584086799276673,0.3536258282634345,182.13180051813472,0.010695418063598496,False,260708_316_H_b2_front_CBS_013,65,3088
1.792391689498254,1.1217501517463089,0.9393939393939394,0.4530913171150492,0.6888888888888889,0.9837561268413856,170.17741935483872,0.01612903225806452,False,260708_316_H_b2_front_CBS_013,68,62
3.369957607346053,1.4305691068165722,0.595226003047232,0.7150996700543949,0.4537359659310879,0.1706044180625731,180.14419795221843,0.006757344576055678,False,260708_316_H_b2_front_CBS_013,153,2344
2.0492180226701815,2.387484870339961,0.8421052631578947,0.9080550583909437,0.6549707602339181,0.6639364243680742,169.49107142857142,0.008613445378151261,False,260708_316_H_b2_front_CBS_013,156,112
4.111363344325131,3.7853825266668175,0.43196176087174515,0.9644750115887462,0.164968852124183,0.09078818721679145,180.2652634837112,0.023163746656288453,True,260708_316_H_b2_front_CBS_013,160,12923
5.562608059742449,5.0537056276582515,0.6367151206876416,0.9802273415267543,0.41207787021180103,0.13409460486736224,142.38208971568588,0.002866251013567104,True,260708_316_H_b2_front_CBS_013,161,365265
2.3979400086720375,1.8362305944342363,0.6775067750677507,0.8386998704232091,0.40064102564102566,0.40269265858567244,173.288,0.01584313725490196,False,260708_316_H_b2_front_CBS_013,169,250
2.2329961103921536,2.0583528266879174,0.9144385026737968,0.8740559026815462,0.6758893280632411,0.6783157164914393,222.78947368421052,0.11872491686733173,False,260708_316_H_b2_front_CBS_013,171,171
1.806179973983887,2.5539154184813864,0.8205128205128205,0.9201544308155056,0.4155844155844156,0.6191287573719109,181.25,0.10214460784313725,True,260708_316_H_b2_front_CBS_013,175,64
3.017450729510536,1.713231935188227,0.5741864313292885,0.8119750585009583,0.4003846153846154,0.2382057307710575,173.3852065321806,0.00464862217701682,False,260708_316_H_b2_front_CBS_013,176,1041
2.0086001717619175,2.9832388104359766,0.9357798165137615,0.9421448063556945,0.7285714285714285,0.675627151224964,219.48039215686273,0.21234140715109573,False,260708_316_H_b2_front_CBS_013,177,102
2.225309281725863,3.6382830264070307,0.8155339805825242,0.9614857104841098,0.38009049773755654,0.4906120569742087,174.20238095238096,0.03284313725490196,True,260708_316_H_b2_front_CBS_013,180,168
1.7634279935629373,1.6344394930376112,0.8656716417910447,0.7909888675217613,0.58,0.8343269650927275,171.24137931034483,0.05659229208924949,True,260708_316_H_b2_front_CBS_013,181,58
2.387389826338729,3.7123135658516104,0.5754716981132075,0.96303569903648,0.25025641025641027,0.29580718682079465,176.2295081967213,0.03431372549019608,True,260708_316_H_b2_front_CBS_013,182,244
2.582063362911709,1.4507456585151997,0.593167701863354,0.724475357081671,0.3498168498168498,0.2893117605382262,185.9764397905759,0.04378400574889642,False,260708_316_H_b2_front_CBS_013,185,382
5.308944121810227,3.3090416566626337,0.7813064609553912,0.9532438144421862,0.5173129332043086,0.1564709473954176,140.17598857019414,0.003468450489613652,True,260708_316_H_b2_front_CBS_013,187,203678
1.6812412373755872,3.2246705686001995,0.9230769230769231,0.9507009445955682,0.4444444444444444,0.7067938065930092,174.75,0.06470588235294118,True,260708_316_H_b2_front_CBS_013,189,48
1.8692317197309762,3.359276149145473,0.7326732673267327,0.9546647188990051,0.4567901234567901,0.5261171764210694,176.78378378378378,0.10185479597244303,True,260708_316_H_b2_front_CBS_013,191,74
1.7403626894942439,1.358579708806492,0.8870967741935484,0.6769132423338657,0.5555555555555556,0.8234906845804332,195.65454545454546,0.1172192513368984,True,260708_316_H_b2_front_CBS_013,194,55
2.1702617153949575,3.039370848078452,0.7872340425531915,0.9443245345648449,0.4805194805194805,0.46691527491771867,192.75,0.15241123476417592,True,260708_316_H_b2_front_CBS_013,195,148
2.6180480967120925,2.2468176633820107,0.7490974729241877,0.8954938212699407,0.4486486486486487,0.42470832757002874,178.19759036144578,0.04109614930309473,True,260708_316_H_b2_front_CBS_013,196,415
1.6232492903979006,2.145159622028625,0.9130434782608695,0.8846973885005831,0.7,0.924020716204538,174.23809523809524,0.06022408963585434,True,260708_316_H_b2_front_CBS_013,205,42
2.7671558660821804,3.7139832309203267,0.4759967453213995,0.9630695641443755,0.1989795918367347,0.18836749076818,180.84444444444443,0.04309033014915368,True,260708_316_H_b2_front_CBS_013,206,585
1.9777236052888478,1.320406449137207,0.8333333333333334,0.653017800144842,0.48717948717948717,0.6946434484138286,198.3578947368421,0.12974200206398348,False,260708_316_H_b2_front_CBS_013,215,95
2.9122220565324155,3.672091620493512,0.647898493259318,0.9622055097596027,0.4244155844155844,0.22425615182018663,190.43206854345166,0.051503587971296234,True,260708_316_H_b2_front_CBS_013,218,817
1.9395192526186185,2.5199760181941406,0.9354838709677419,0.9178924813012229,0.6904761904761905,0.7198727965912286,187.367816091954,0.06964164976335362,True,260708_316_H_b2_front_CBS_013,219,87
1.8325089127062364,1.7311077516455295,0.9444444444444444,0.81627408853012,0.6868686868686869,0.9405258522783918,203.11764705882354,0.1366782006920415,True,260708_316_H_b2_front_CBS_013,220,68
1.792391689498254,1.339552757893707,0.96875,0.6653654255723321,0.775,1.0,170.17741935483872,0.011385199240986717,False,260708_316_H_b2_front_CBS_013,221,62
1.7993405494535817,1.5859720923196419,0.9264705882352942,0.7761664069482761,0.6363636363636364,0.9432711477921328,168.04761904761904,0.00790538437597261,False,260708_316_H_b2_front_CBS_013,222,63
2.8102325179950842,3.908730527302221,0.7708830548926014,0.9667197905653716,0.43826322930800543,0.3121884970970279,199.9798761609907,0.06077824318581922,True,260708_316_H_b2_front_CBS_013,224,646
2.94546858513182,2.672754682538188,0.6049382716049383,0.9273698848014964,0.2718027734976888,0.3153521065902118,173.16553287981858,0.033035436396780936,True,260708_316_H_b2_front_CBS_014,2,882
4.960128153889501,9.2900058298538,0.5401494428458086,0.9941896597264546,0.47654568628680083,0.09179859833679208,143.38078221598633,0.008095682698036464,True,260708_316_H_b2_front_CBS_014,3,91228
4.250151535116612,1.9006132061486865,0.2539471805852962,0.850394265382159,0.16549138540542552,0.05647558928229899,189.34408904379112,0.0374692886879863,True,260708_316_H_b2_front_CBS_014,5,17789
2.0453229787866576,3.2560412588998875,0.8671875,0.9516703400911155,0.5873015873015873,0.6105136874922842,162.27027027027026,0.12075605016781486,True,260708_316_H_b2_front_CBS_014,6,111
2.5428254269591797,1.8757580879563853,0.8790931989924433,0.8460410307060786,0.5385802469135802,0.6739403083264381,174.84813753581662,0.056924546322827126,True,260708_316_H_b2_front_CBS_014,8,349
2.505149978319906,1.277349218546809,0.903954802259887,0.6221837193989064,0.6611570247933884,0.7473024132641383,166.2,0.04160539215686274,True,260708_316_H_b2_front_CBS_014,9,320
2.6541765418779604,1.3219435452312218,0.8913043478260869,0.6540376969748827,0.6711309523809523,0.7114148276617943,168.9689578713969,0.01857310551715143,True,260708_316_H_b2_front_CBS_014,10,451
1.7323937598229686,1.3428510784836507,0.9310344827586207,0.6674169770899621,0.6666666666666666,1.0,166.9814814814815,0.1188090050835149,True,260708_316_H_b2_front_CBS_014,12,54
2.369215857410143,3.425516845453101,0.8863636363636364,0.9564406790774359,0.5571428571428572,0.5021082346790541,155.13675213675214,0.02761856879503938,True,260708_316_H_b2_front_CBS_014,13,234
2.4608978427565478,1.4821990022591451,0.8837920489296636,0.7381165369519314,0.578,0.7372832504803388,175.2076124567474,0.06714159712327837,True,260708_316_H_b2_front_CBS_014,14,289
1.8976270912904414,2.1320935486407966,0.9404761904761905,0.883186179082801,0.5851851851851851,0.8279359897112846,163.873417721519,0.08741623231571109,True,260708_316_H_b2_front_CBS_014,16,79
2.376576957056512,2.2788084107548148,0.6329787234042553,0.8985721384196346,0.3730407523510972,0.344651948292648,156.46638655462183,0.03990772779700115,True,260708_316_H_b2_front_CBS_014,17,238
1.8325089127062364,2.3060008513613246,0.85,0.9010808234706446,0.6938775510204082,0.7227471202707104,160.88235294117646,0.17497116493656287,True,260708_316_H_b2_front_CBS_014,19,68
1.662757831681574,2.147201020277243,0.92,0.8849307758346149,0.696969696969697,0.9021030400678829,159.8913043478261,0.11261722080136402,True,260708_316_H_b2_front_CBS_014,20,46
2.8195439355418688,6.297796915245093,0.6156716417910447,0.9873130740027619,0.19831730769230768,0.24598161002154179,172.4060606060606,0.08729055258467022,True,260708_316_H_b2_front_CBS_014,21,660
2.4216039268698313,1.853805037579135,0.9198606271777003,0.8420297744637175,0.7542857142857143,0.7365536560340609,168.92045454545453,0.02719845513963161,True,260708_316_H_b2_front_CBS_014,22,264
2.9253120914996495,5.398020029194705,0.7781885397412199,0.9826908390309,0.5171990171990172,0.3571367939456748,180.17220902612826,0.04289506776582366,True,260708_316_H_b2_front_CBS_014,23,842
2.24551266781415,1.1095316421087675,0.9832402234636871,0.4332345952358133,0.8380952380952381,1.0,183.20454545454547,0.07502228163992869,True,260708_316_H_b2_front_CBS_014,24,176
1.7708520116421442,1.6097440651443236,0.9833333333333333,0.7836387760740235,0.7023809523809523,0.976379195376609,160.16949152542372,0.07198404785643071,True,260708_316_H_b2_front_CBS_014,25,59
2.3344537511509307,1.4078827497575837,0.9391304347826087,0.7039127784403219,0.631578947368421,0.8858181707803197,165.09259259259258,0.03286129266521423,True,260708_316_H_b2_front_CBS_014,26,216
2.1789769472931693,2.4825543346516037,0.7947368421052632,0.9152832136915454,0.4674922600619195,0.5887838212524589,158.73509933774835,0.04729255940786911,True,260708_316_H_b2_front_CBS_014,27,151
1.919078092376074,1.1602097568703758,0.9325842696629213,0.5070560033248344,0.7545454545454545,0.9594784761831847,157.81927710843374,0.03340420505551618,True,260708_316_H_b2_front_CBS_014,28,83
2.161368002234975,1.9933440646822238,0.9666666666666667,0.8650593463061298,0.6473214285714286,0.8818574984242679,162.02758620689656,0.03989181879648411,True,260708_316_H_b2_front_CBS_014,30,145
2.90687353472207,2.6213111342456363,0.6909246575342466,0.9243735931367484,0.42473684210526313,0.4109189417529551,173.95910780669146,0.030755400053453848,True,260708_316_H_b2_front_CBS_014,31,807
1.6127838567197355,1.2572571471437144,0.9534883720930233,0.6061081585182659,0.7321428571428571,1.0,152.29268292682926,0.021138211382113824,True,260708_316_H_b2_front_CBS_014,32,41
1.7481880270062005,1.9070975484160537,0.9180327868852459,0.851498507698745,0.56,0.8384632424818955,161.375,0.10112044817927171,True,260708_316_H_b2_front_CBS_014,33,56
1.6989700043360187,1.6762244437165856,0.8620689655172413,0.8025544916183872,0.5555555555555556,0.8637734519852416,157.26,0.0735686274509804,True,260708_316_H_b2_front_CBS_014,34,50
1.8864907251724818,4.419364260090813,0.6936936936936937,0.9740630211173713,0.3333333333333333,0.4235094949270799,154.19480519480518,0.0844410491469315,True,260708_316_H_b2_front_CBS_014,35,77
2.69284691927723,4.017375491152183,0.7402402402402403,0.9685243757894932,0.304320987654321,0.3599281906075668,165.39553752535497,0.038467963250208806,True,260708_316_H_b2_front_CBS_014,36,493
3.079543007402906,3.3848565485564985,0.5972153157633019,0.9553633078935919,0.2943627450980392,0.27480326394382154,175.0324729392173,0.026128553003216273,True,260708_316_H_b2_front_CBS_014,37,1201
3.1781132523146316,2.935349585121728,0.48722922728742324,0.9401811503218754,0.28936251920122885,0.19357726204716355,164.51692103516922,0.02465878189364664,True,260708_316_H_b2_front_CBS_014,38,1507
2.0043213737826426,1.3734109378324721,0.9711538461538461,0.6854558471613278,0.7651515151515151,1.0,188.26732673267327,0.14148708988545913,True,260708_316_H_b2_front_CBS_014,39,101
1.8195439355418688,3.1673150765576734,0.9166666666666666,0.9488507967710351,0.4888888888888889,0.6688715563707924,164.0,0.19827688651218064,True,260708_316_H_b2_front_CBS_014,40,66
2.0293837776852097,1.782477925134874,0.9553571428571429,0.8278044388093534,0.7430555555555556,0.8853607958076034,165.14953271028037,0.05156679494227598,True,260708_316_H_b2_front_CBS_014,41,107
1.8692317197309762,1.8655861571240568,0.8705882352941177,0.8442023871741312,0.6166666666666667,0.7865189250004789,153.36486486486487,0.02167461579226285,True,260708_316_H_b2_front_CBS_014,42,74
2.4638929889859074,4.214670262819729,0.7238805970149254,0.9714446020996865,0.3464285714285714,0.3874168809196929,160.43986254295532,0.05593962670979045,True,260708_316_H_b2_front_CBS_014,44,291
1.6334684555795864,2.0646183154657196,0.8958333333333334,0.8748737527943772,0.6515151515151515,0.8836963743159721,158.51162790697674,0.10506155950752395,True,260708_316_H_b2_front_CBS_014,45,43
1.7708520116421442,1.7702097531370289,0.9833333333333333,0.8251560812084006,0.7023809523809523,0.9361550239297056,156.47457627118644,0.029245596543702224,True,260708_316_H_b2_front_CBS_014,46,59
2.5415792439465807,1.8667163038767132,0.8130841121495327,0.8444083528555781,0.49714285714285716,0.5680580330882546,203.03735632183907,0.10760649087221096,True,260708_316_H_b2_front_CBS_014,47,348
2.8394780473741985,3.9368649584330186,0.8091334894613583,0.9672017968404225,0.5270785659801678,0.42491242107138005,171.9232995658466,0.03230328310774382,True,260708_316_H_b2_front_CBS_014,48,691
2.639486489268586,1.596227291274854,0.5948158253751705,0.779439748166009,0.3430369787568843,0.31222965492296717,165.91743119266056,0.039152725310307605,True,260708_316_H_b2_front_CBS_014,49,436
1.99563519459755,1.2295527501119436,0.9519230769230769,0.5818391773667669,0.6346153846153846,0.9273260776404395,155.75757575757575,0.036720142602495544,True,260708_316_H_b2_front_CBS_014,50,99
1.6901960800285136,1.6228961083671236,0.98,0.7876034943811411,0.8166666666666667,1.0,174.3265306122449,0.18455382152861144,True,260708_316_H_b2_front_CBS_014,52,49
2.456366033129043,5.353541939191171,0.6299559471365639,0.9823994428993439,0.2348111658456486,0.2665172069831128,160.28671328671328,0.06297819827231592,True,260708_316_H_b2_front_CBS_014,53,286
2.673941998634088,1.5279731294341379,0.735202492211838,0.7560950936106718,0.5784313725490197,0.48730053760870595,181.84322033898306,0.057818212030574946,True,260708_316_H_b2_front_CBS_014,54,472
1.9637878273455553,2.998877372760039,0.6814814814814815,0.942764914819585,0.38333333333333336,0.5511704079063671,154.7826086956522,0.03397271952259164,True,260708_316_H_b2_front_CBS_014,55,92
1.6901960800285136,2.1159583316554196,0.9423076923076923,0.881277534093963,0.6125,0.9427755634815647,162.6530612244898,0.11092436974789915,True,260708_316_H_b2_front_CBS_014,56,49
2.401400540781544,2.0737717801570943,0.8904593639575972,0.8760539300902439,0.5478260869565217,0.7051844701900838,162.57539682539684,0.02220666044195456,True,260708_316_H_b2_front_CBS_014,57,252
2.583198773968623,2.0749166636553253,0.6447811447811448,0.8762003336896614,0.32184873949579834,0.33488744036972967,172.67885117493472,0.03929759893513541,True,260708_316_H_b2_front_CBS_014,58,383
2.1789769472931693,3.1331907454657797,0.8296703296703297,0.9476996811386362,0.4467455621301775,0.4984686088975507,159.33112582781456,0.04383846253733281,True,260708_316_H_b2_front_CBS_014,59,151
1.9084850188786497,2.9145062590909947,0.7941176470588235,0.939294758427278,0.48214285714285715,0.6348503658653079,154.77777777777777,0.047252481239409345,True,260708_316_H_b2_front_CBS_014,60,81
2.3636119798921444,4.757791286667356,0.6774193548387096,0.9776623708496249,0.5,0.3215608415385869,157.25974025974025,0.04768695356930651,True,260708_316_H_b2_front_CBS_014,61,231
2.03342375548695,2.3315260332315315,0.5142857142857142,0.9033502468481465,0.25,0.3425820551195834,151.60185185185185,0.041938997821350764,True,260708_316_H_b2_front_CBS_014,62,108
4.460792637579859,5.012208200762038,0.19926756600182075,0.9798952077346255,0.15264687235841082,0.03295565638675645,173.1023431280933,0.01974384188313473,True,260708_316_H_b2_front_CBS_014,63,28893
1.99563519459755,2.496485497645613,0.8761061946902655,0.916269170770691,0.4714285714285714,0.6343749920952809,155.66666666666666,0.020875420875420877,True,260708_316_H_b2_front_CBS_014,64,99
3.5720579899263045,2.6364627308876036,0.4988640919417346,0.9252753523266134,0.27448529411764705,0.22498994036713724,190.70800964371819,0.06455513359911337,True,260708_316_H_b2_front_CBS_014,65,3733
2.230448921378274,1.7401668340936798,0.9239130434782609,0.8183939799898268,0.7456140350877193,0.8334647652801093,181.93529411764706,0.10950403690888119,True,260708_316_H_b2_front_CBS_014,67,170
2.230448921378274,3.2674656350513716,0.7296137339055794,0.9520162128206863,0.4497354497354497,0.470884865350979,156.96470588235294,0.03910034602076125,True,260708_316_H_b2_front_CBS_014,68,170
2.3384564936046046,6.2487967651820675,0.7927272727272727,0.9871120201138274,0.2941970310391363,0.3357698874989293,157.14678899082568,0.04355099838100378,True,260708_316_H_b2_front_CBS_014,70,218
1.99563519459755,2.4268399224545854,0.853448275862069,0.9111573951594135,0.5076923076923077,0.6846474954085353,165.45454545454547,0.13309566250742721,True,260708_316_H_b2_front_CBS_014,71,99
1.7634279935629373,3.404761842371939,0.7435897435897436,0.9558957107738665,0.3515151515151515,0.5633047235988189,152.55172413793105,0.05070993914807302,True,260708_316_H_b2_front_CBS_014,72,58
2.173186268412274,3.4254397982251596,0.7883597883597884,0.9564386749018672,0.3225108225108225,0.49347277221823344,168.28859060402684,0.14949335438873537,True,260708_316_H_b2_front_CBS_014,74,149
1.8808135922807914,1.582039407475076,0.9047619047619048,0.7748904897588582,0.6495726495726496,0.9106293695844325,155.94736842105263,0.022652218782249742,True,260708_316_H_b2_front_CBS_014,75,76
2.0863598306747484,1.3746287640013493,0.9384615384615385,0.6861404050145312,0.6703296703296703,0.9480524236578884,160.0327868852459,0.060591449694631955,True,260708_316_H_b2_front_CBS_014,79,122
2.3502480183341627,1.348119870204901,0.8484848484848485,0.6706501535884629,0.5989304812834224,0.6760458002868761,177.16964285714286,0.08471638655462185,True,260708_316_H_b2_front_CBS_014,80,224
2.164352855784437,1.2431370010160547,0.954248366013072,0.5940656403227765,0.6517857142857143,0.9355429176354646,166.46575342465752,0.029250604351329573,True,260708_316_H_b2_front_CBS_014,81,146
1.8808135922807914,2.416686171558438,0.9047619047619048,0.9103724685046706,0.6031746031746031,0.7809409819536495,156.47368421052633,0.057069143446852426,True,260708_316_H_b2_front_CBS_014,82,76
1.724275869600789,3.5283905681233554,0.828125,0.958997261238841,0.5047619047619047,0.612679026960347,161.47169811320754,0.20221975582685905,True,260708_316_H_b2_front_CBS_014,83,53
3.776701183988411,2.211015999125693,0.42993745057157234,0.8918756150294803,0.27100516631922417,0.20078081807756304,211.16003344481607,0.06585940061643386,True,260708_316_H_b2_front_CBS_014,95,5980
4.343290402353433,4.408454143590815,0.4716605687142949,0.9739327636852215,0.2056727001306214,0.12457596972592788,220.5002721829069,0.04035725340762326,True,260708_316_H_b2_front_CBS_014,102,22044
4.4594226460511015,2.352196549618479,0.38963744588744587,0.9051301686588433,0.23863457475454658,0.0544036656224351,194.22574821192973,0.028753177543498477,True,260708_316_H_b2_front_CBS_014,115,28802
4.671876033899958,3.3109103388571177,0.34564558377726107,0.9532978705377431,0.24335483202528038,0.04690892961101845,203.25093664850135,0.024427158465566062,True,260708_316_H_b2_front_CBS_015,4,46976
2.663700925389648,1.6781749307302591,0.9294354838709677,0.8030694536362896,0.6623563218390804,0.7906490618359846,161.43600867678958,0.015039768618944323,True,260708_316_H_b2_front_CBS_015,8,461
3.71717102683231,3.6780274095969387,0.6713016608729239,0.9623297865458659,0.30980392156862746,0.29725766191633496,194.4741081703107,0.017007754386756623,True,260708_316_H_b2_front_CBS_015,9,5214
4.809909702458489,2.856569845357574,0.3601930641966353,0.9367234647716951,0.16473230235288114,0.03992748366223597,196.8745507497831,0.02387745158789752,True,260708_316_H_b2_front_CBS_015,10,64552
2.428134794028789,3.168031749333361,0.7905604719764012,0.9488745595022223,0.3435897435897436,0.439899654125914,156.25746268656715,0.01613988879133743,True,260708_316_H_b2_front_CBS_015,12,268
3.2600713879850747,19.16200678503991,0.7801114444920703,0.9986373509384738,0.6066666666666667,0.13023917487758208,174.76153846153846,0.0936888601594484,False,260708_316_H_b2_front_CBS_015,13,1820
2.03342375548695,1.319260768634125,0.9557522123893806,0.6522542543459274,0.6428571428571429,0.9673740686372483,154.65740740740742,0.010530137981118372,True,260708_316_H_b2_front_CBS_015,15,108
2.374748346010104,1.6120083087660353,0.9595141700404858,0.7843296992590205,0.7360248447204969,0.8946010281993204,166.16455696202533,0.023694878795400016,False,260708_316_H_b2_front_CBS_015,19,237
2.5415792439465807,2.0651365457535427,0.925531914893617,0.8749410315402284,0.7016129032258065,0.7154115280539154,151.95977011494253,0.004676583276988957,False,260708_316_H_b2_front_CBS_015,20,348
4.003460532109506,2.0860268499189,0.3905160390516039,0.8776073207187708,0.24208655555021855,0.17853079371286365,188.83402777777778,0.013764394646747587,True,260708_316_H_b2_front_CBS_015,39,10080
3.602494068807281,1.4420040473221911,0.6170442286947141,0.7204765224726946,0.42094196804037004,0.29289157198806204,185.24250749250749,0.016650996062760767,True,260708_316_H_b2_front_CBS_015,40,4004
2.9684829485539352,3.67469284000077,0.9029126213592233,0.9622600472381123,0.4626865671641791,0.45442259701951626,172.92043010752687,0.018018131983976386,True,260708_316_H_b2_front_CBS_015,43,930
3.84060787900929,4.598026016935855,0.5431595452763622,0.9760637450936355,0.349845982931879,0.15343251917546424,190.63062933025404,0.022046370511253,True,260708_316_H_b2_front_CBS_015,45,6928
1.9084850188786497,3.1654502937439863,0.9101123595505618,0.9487888876883642,0.4602272727272727,0.6538410819687422,155.19753086419752,0.06390704429920117,True,260708_316_H_b2_front_CBS_015,48,81
5.3190227334304145,5.920179716919763,0.308106150742331,0.9856308290506055,0.21282069606231688,0.0397941674362551,159.82125587642713,0.012785581660468084,True,260708_316_H_b2_front_CBS_015,49,208460
2.5289167002776547,2.970565200467413,0.9209809264305178,0.9416347589163838,0.4592391304347826,0.5891035132573619,168.7337278106509,0.04066597053022392,True,260708_316_H_b2_front_CBS_015,51,338
2.3201462861110542,1.433262146837459,0.9247787610619469,0.7163812205719445,0.6147058823529412,0.8051759439353472,164.05263157894737,0.02459893048128342,True,260708_316_H_b2_front_CBS_015,53,209
1.8750612633917,2.6584527833477516,0.9375,0.9265552724369416,0.5859375,0.7354100870118612,154.85333333333332,0.051137254901960784,True,260708_316_H_b2_front_CBS_015,55,75
1.7634279935629373,2.321998333177145,0.9354838709677419,0.9025125614030511,0.7435897435897436,0.8481962106947802,156.77586206896552,0.056795131845841784,True,260708_316_H_b2_front_CBS_015,56,58
1.8808135922807914,2.0440934321440283,0.926829268292683,0.8721635414568042,0.5314685314685315,0.8241433296364331,146.89473684210526,0.02131062951496388,True,260708_316_H_b2_front_CBS_015,57,76
2.9444826721501687,2.0966169357340627,0.9263157894736842,0.8789256263021493,0.6636500754147813,0.6292331189388088,162.39545454545456,0.00410873440285205,True,260708_316_H_b2_front_CBS_015,58,880
2.8549130223078554,2.8082264309757523,0.7560718057022175,0.9344491329522635,0.38247863247863245,0.4239509593481701,154.35614525139664,0.005279877314054113,True,260708_316_H_b2_front_CBS_015,59,716
2.44870631990508,2.920417092855108,0.921311475409836,0.9395481392170989,0.6272321428571429,0.6258776683107184,152.65836298932385,0.005679994417695905,True,260708_316_H_b2_front_CBS_015,61,281
3.3326404103874627,3.7351766631263397,0.7836065573770492,0.9634953809184527,0.5484446710861806,0.4084899818341742,171.65178986517898,0.006205959836282258,True,260708_316_H_b2_front_CBS_015,63,2151
3.0678145111618402,1.4197198450486317,0.422174070061394,0.7098386492252837,0.24263179742631796,0.20353769596125437,158.31650983746792,0.012740904745131586,True,260708_316_H_b2_front_CBS_015,64,1169
2.285557309007774,3.86173576377841,0.8693693693693694,0.9658904828691599,0.4595238095238095,0.4957947681482053,149.89637305699483,0.0033526363913441025,True,260708_316_H_b2_front_CBS_015,65,193
1.7558748556724915,1.8247287086185753,0.9047619047619048,0.8364608584206752,0.6785714285714286,0.9044209553219189,153.64912280701753,0.02765737874097007,True,260708_316_H_b2_front_CBS_015,66,57
2.0492180226701815,1.258708565222095,0.9105691056910569,0.6073098368047751,0.6153846153846154,0.852686649439452,150.90178571428572,0.005987394957983193,True,260708_316_H_b2_front_CBS_015,67,112
2.8419848045901137,3.3536001346616957,0.9494535519125683,0.9545074680243582,0.43876262626262624,0.5499022339102069,157.4359712230216,0.006359147975737057,True,260708_316_H_b2_front_CBS_015,68,695
2.0969100130080562,1.6086961421592398,0.9259259259259259,0.7833178122092204,0.5952380952380952,0.809828576933606,150.816,0.007435294117647058,True,260708_316_H_b2_front_CBS_015,69,125
2.767897616018091,3.871467696454591,0.8312056737588652,0.9660647618786389,0.4807219031993437,0.4287539020512658,172.19453924914677,0.030991099511476945,True,260708_316_H_b2_front_CBS_015,71,586
1.9912260756924949,1.3164479394275173,0.8909090909090909,0.6503673328614672,0.6282051282051282,0.8619370549918567,149.23469387755102,0.005682272909163666,True,260708_316_H_b2_front_CBS_015,73,98
2.361727836017593,3.357367423662507,0.9019607843137255,0.9546119305893267,0.45634920634920634,0.582729007444251,158.9304347826087,0.03520886615515771,True,260708_316_H_b2_front_CBS_015,76,230
3.76767522402796,2.979156663018624,0.438562336203669,0.941981261540586,0.26958482923685906,0.19359861122857674,193.92590063172273,0.026800844975176343,True,260708_316_H_b2_front_CBS_015,77,5857
2.0253058652647704,2.105946136151496,0.954954954954955,0.8800689296378416,0.5888888888888889,0.8556438850455146,151.4056603773585,0.009359970403255641,True,260708_316_H_b2_front_CBS_015,78,106
4.2940692274708905,5.373067203589649,0.47622734641535,0.9825282636541506,0.3408138528138528,0.13567069223770437,175.93821766080683,0.008336272218469748,True,260708_316_H_b2_front_CBS_015,79,19682
2.311753861055754,3.2807560144323986,0.82,0.9524138855302035,0.45555555555555555,0.4832511933128002,149.50731707317073,0.005107604017216643,True,260708_316_H_b2_front_CBS_015,82,205
3.2704459080179626,2.063889420557301,0.8601753576372866,0.8747790301647285,0.6209193870752832,0.483229242192602,166.3648068669528,0.007967264158882438,True,260708_316_H_b2_front_CBS_015,83,1864
3.443106456737266,3.0680992938005307,0.9234354194407457,0.9453922869372043,0.6576576576576577,0.48952260114666596,215.36517664023071,0.035979755997568454,True,260708_316_H_b2_front_CBS_015,84,2774
4.069483093934611,3.786205320472335,0.8531443111595783,0.9644907342332252,0.5566359927900578,0.39399416311140395,223.9901150404772,0.030673450462417606,True,260708_316_H_b2_front_CBS_015,85,11735
3.0310042813635367,1.0283589530633293,0.9437609841827768,0.23322374787592529,0.7458333333333333,0.7829032240879609,150.15921787709496,0.0016723262861941797,True,260708_316_H_b2_front_CBS_015,87,1074
2.7958800173440754,2.5228173243799077,0.9541984732824428,0.9180855701964667,0.7387706855791962,0.6345299142272531,160.5984,0.005427450980392157,False,260708_316_H_b2_front_CBS_015,88,625
2.0827853703164503,4.078565803386278,0.8832116788321168,0.9694765057926418,0.38412698412698415,0.5225829384510712,151.62809917355372,0.01639928698752228,True,260708_316_H_b2_front_CBS_015,89,121
3.0538464268522527,5.106789115738981,0.9180859691808597,0.9806403037227741,0.39747191011235955,0.3462814137239811,166.410777385159,0.015173560590313865,True,260708_316_H_b2_front_CBS_015,91,1132
1.9242792860618816,3.304814438850804,0.8842105263157894,0.9531211821956492,0.40384615384615385,0.5903797460524419,152.6904761904762,0.0546218487394958,False,260708_316_H_b2_front_CBS_015,92,84
3.0429690733931802,3.392841563657744,0.519774011299435,0.9555780429295243,0.2951082598235766,0.22784265224674127,154.99909420289856,0.005690537084398976,False,260708_316_H_b2_front_CBS_015,96,1104
2.7641761323903307,4.703801122282724,0.8803030303030303,0.9771406151339,0.32713963963963966,0.43809076183475154,156.02753872633392,0.009422564206405453,False,260708_316_H_b2_front_CBS_015,100,581
1.8512583487190752,2.3508626670656936,0.9102564102564102,0.9050168288543445,0.6339285714285714,0.7923531754305806,150.46478873239437,0.01088097210715272,False,260708_316_H_b2_front_CBS_015,101,71
4.35281901669987,5.513830496215121,0.2953056196267561,0.983416382132821,0.10903205202647775,0.08865277165375417,194.58381041139663,0.008622995641251218,True,260708_316_H_b2_front_CBS_016,2,22533
2.9148718175400505,9.870108162362477,0.9153674832962138,0.9948542936788385,0.7398739873987399,0.23070587161462838,177.9476885644769,0.02118696627069319,False,260708_316_H_b2_front_CBS_016,7,822
2.0569048513364727,3.6522719795310192,0.8837209302325582,0.9617860316710704,0.5757575757575758,0.577661798683866,170.1140350877193,0.025730994152046785,True,260708_316_H_b2_front_CBS_016,8,114
3.3854275148051305,12.468869972403755,0.5510435571687841,0.9967788136666607,0.1278421052631579,0.1272999879276191,176.9505969534788,0.010657173532237102,True,260708_316_H_b2_front_CBS_016,9,2429
3.62293896921149,5.8440402037264265,0.6058899956691208,0.9852511501698815,0.19928774928774928,0.22305770662049956,191.64879675959017,0.006414479063009526,True,260708_316_H_b2_front_CBS_016,12,4197
1.7993405494535817,1.512951789312235,0.9130434782608695,0.7504214918654432,0.7159090909090909,1.0,176.33333333333334,0.04220354808590103,True,260708_316_H_b2_front_CBS_016,14,63
2.5877109650189114,2.2120790176193696,0.9347826086956522,0.8919857996383539,0.5512820512820513,0.7473206284307494,182.13695090439276,0.015351877184982519,True,260708_316_H_b2_front_CBS_016,15,387
3.7491176623563223,8.649725817689784,0.6347698224182785,0.9932946133668459,0.4607553366174056,0.15921025853216228,192.36065573770492,0.013697538887258396,True,260708_316_H_b2_front_CBS_016,16,5612
4.1592663310934945,13.085220690810663,0.5354558610709117,0.9970755553855247,0.2637061403508772,0.0971646366635273,200.90353430353431,0.011873683638389521,True,260708_316_H_b2_front_CBS_016,17,14430
2.3096301674258988,3.764415145632153,0.8395061728395061,0.9640707755996757,0.53125,0.47510250886385935,174.14705882352942,0.03725490196078431,True,260708_316_H_b2_front_CBS_016,19,204
2.798650645445269,1.6858859885212296,0.9209370424597365,0.8050846588743298,0.5824074074074074,0.6809349678492268,196.08744038155803,0.020480688300757506,True,260708_316_H_b2_front_CBS_016,20,629
3.9786825651569444,2.2352498932665763,0.6758713707673741,0.8943453339134972,0.46471105037094884,0.34279558315268477,211.63963869341455,0.007147873328514264,True,260708_316_H_b2_front_CBS_016,21,9521
3.9048777669634047,8.511701825898884,0.6318728860221821,0.9930746195209873,0.4913149847094801,0.17328461241269502,188.7281214988174,0.010850828567453372,True,260708_316_H_b2_front_CBS_016,23,8033
3.5621738633646483,2.4884348850381675,0.8919579564898558,0.9157015504041405,0.577282075620946,0.4912461333521069,215.68566730611127,0.023417643297384723,True,260708_316_H_b2_front_CBS_016,24,3649
2.303196057420489,2.1517945629302004,0.9481132075471698,0.8854532926101717,0.5911764705882353,0.7904882161122578,173.91044776119404,0.0072188079211784216,True,260708_316_H_b2_front_CBS_016,25,201
3.655138434811382,2.2080921570114587,0.6879756468797564,0.8915716594547591,0.40167066560028436,0.3228469716568454,189.2013274336283,0.0052602811035918785,True,260708_316_H_b2_front_CBS_016,26,4520
3.31492005599242,4.573314520025016,0.7869664634146342,0.9758011557305136,0.46446243814664867,0.3415867418746706,176.78837772397094,0.01027204101979775,True,260708_316_H_b2_front_CBS_016,27,2065
2.7442929831226763,1.626567256902361,0.9068627450980392,0.7886895477174573,0.6350114416475973,0.6737804344770355,188.47747747747746,0.018116940469881646,True,260708_316_H_b2_front_CBS_016,28,555
3.024074987307426,2.6090633192787793,0.8219284603421462,0.9236324849329364,0.46852836879432624,0.547333105797838,178.41721854304635,0.003205520618843564,True,260708_316_H_b2_front_CBS_016,29,1057
2.92272545799326,1.3958661556002314,0.9279379157427938,0.6976886945828703,0.5978571428571429,0.7689714596351255,186.40501792114696,0.007196570384426172,True,260708_316_H_b2_front_CBS_016,30,837
2.6053050461411096,2.7037126360914496,0.777992277992278,0.9290867855012552,0.4211076280041797,0.4949324893845938,167.7245657568238,0.0012163674402763587,True,260708_316_H_b2_front_CBS_016,31,403
2.824776462475546,1.817313816731286,0.9529243937232525,0.8349915960989647,0.7447045707915273,0.7910593319680942,177.00299401197606,0.00528355054596689,True,260708_316_H_b2_front_CBS_016,32,668
2.374748346010104,1.5472899039366892,0.9367588932806324,0.7630907930656565,0.6336898395721925,0.8129450223649821,170.78902953586498,0.002796392818730868,True,260708_316_H_b2_front_CBS_016,33,237
3.9343974407809883,2.3899907773661946,0.7575997885276236,0.9082574997031841,0.48157275680519773,0.40158163432781624,202.49174226564318,0.0032533785786936316,True,260708_316_H_b2_front_CBS_016,34,8598
2.904715545278681,1.308611463072553,0.9052987598647125,0.6450163603660155,0.6239316239316239,0.7395313061251754,176.1967621419676,0.0034869240348692405,True,260708_316_H_b2_front_CBS_016,35,803
2.2430380486862944,1.3315340814709025,0.9067357512953368,0.6602869094492436,0.6481481481481481,0.8305743184423576,168.22857142857143,0.002935574229691877,True,260708_316_H_b2_front_CBS_016,36,175
2.530199698203082,1.1128697938993655,0.9576271186440678,0.438814407744989,0.6699604743083004,0.8794604133462558,179.95575221238937,0.0065590838105153565,True,260708_316_H_b2_front_CBS_016,37,339
2.6972293427597176,1.8633880970720236,0.9595375722543352,0.8438005792681762,0.6974789915966386,0.8110514733224016,178.140562248996,0.0028821167021025277,True,260708_316_H_b2_front_CBS_016,38,498
2.1931245983544616,1.4626700412617548,0.9570552147239264,0.7297808062652106,0.7428571428571429,0.9589675356563995,168.41666666666666,0.0023881347410759173,True,260708_316_H_b2_front_CBS_016,39,156
2.3909351071033793,2.3794956130398583,0.9213483146067416,0.9074050604274604,0.6758241758241759,0.7215195703126754,172.6910569105691,0.0077474892395982785,True,260708_316_H_b2_front_CBS_016,40,246
3.8635013006414503,4.675712074917865,0.4825877221965241,0.9768618754689954,0.15330520393811534,0.16971497299833255,196.73298644392716,0.007484434277613551,True,260708_316_H_b2_front_CBS_016,41,7303
3.346744054604849,2.6610023191855645,0.8727415553809897,0.9267015050575956,0.6401613367905503,0.5585797103121123,196.04860486048605,0.00478459610666949,True,260708_316_H_b2_front_CBS_016,42,2222
2.3541084391474008,1.9194901584408144,0.9495798319327731,0.8535739660217809,0.6042780748663101,0.8222682736239769,187.55309734513276,0.03099080340100642,True,260708_316_H_b2_front_CBS_016,43,226
2.24551266781415,1.7889296171367495,0.9513513513513514,0.8291720475370983,0.5986394557823129,0.8016020020673033,172.60795454545453,0.007820855614973263,True,260708_316_H_b2_front_CBS_016,44,176
3.089551882886454,3.4413254179275885,0.7883258499037845,0.9568489658455597,0.37242424242424244,0.4563404006838792,183.68348250610254,0.007147529475581933,True,260708_316_H_b2_front_CBS_016,46,1229
4.806797047853278,3.0650604412835905,0.17945422574647762,0.9452808162840932,0.07587714936519437,0.027754567977314896,198.90076609820412,0.009018855236778834,True,260708_316_H_b2_front_CBS_016,47,64091
2.429752280002408,1.3341135604051764,0.9572953736654805,0.6619348451331182,0.7078947368421052,0.9051055418422985,180.92565055762083,0.008644944966834317,True,260708_316_H_b2_front_CBS_016,48,269
2.432969290874406,2.6670863881406817,0.8914473684210527,0.9270486810573348,0.4704861111111111,0.6448819459666809,177.63468634686348,0.015859923305115407,True,260708_316_H_b2_front_CBS_016,49,271
2.0530784434834195,1.4564707226253841,0.9416666666666667,0.7270436756957376,0.7337662337662337,0.9234718523172052,169.2212389380531,0.0055526635432934235,True,260708_316_H_b2_front_CBS_016,50,113
2.5352941200427703,4.714425849055682,0.6673151750972762,0.9772447320278321,0.29878048780487804,0.33972046156657176,169.55393586005832,0.006368261590350426,True,260708_316_H_b2_front_CBS_016,51,343
2.0755469613925306,1.1627556531435657,0.952,0.5102503477865674,0.7628205128205128,1.0,177.7983193277311,0.021255561047948592,True,260708_316_H_b2_front_CBS_016,53,119
1.845098040014257,1.9831249794187853,0.9333333333333333,0.8635550035116445,0.5982905982905983,0.86992388509393,170.92857142857142,0.03008403361344538,True,260708_316_H_b2_front_CBS_016,54,70
2.6020599913279625,1.7963607450586685,0.8948545861297539,0.8307263085586689,0.5997001499250375,0.6995037918949968,177.2675,0.010294117647058823,True,260708_316_H_b2_front_CBS_016,55,400
3.461198288622493,5.8999418969152275,0.724267468069121,0.985531357688775,0.3302500856457691,0.2869985300250132,178.6649377593361,0.002671331326444824,True,260708_316_H_b2_front_CBS_016,56,2892
3.1166077439882485,5.708978354357789,0.5119373776908024,0.9845395027025603,0.23781818181818182,0.18978523628206254,177.16896024464833,0.013608562691131499,True,260708_316_H_b2_front_CBS_016,57,1308
1.6532125137753437,1.5605625709814857,0.9375,0.7677124050202521,0.6428571428571429,1.0,166.7111111111111,0.012549019607843138,True,260708_316_H_b2_front_CBS_016,58,45
3.024074987307426,1.1392003681349763,0.9320987654320988,0.4790113539925269,0.731994459833795,0.7962820335366422,191.85714285714286,0.004429851410762981,True,260708_316_H_b2_front_CBS_016,59,1057
2.3502480183341627,1.4496665946716523,0.9572649572649573,0.7239868387275225,0.7466666666666667,0.8885539210180257,172.51339285714286,0.004796918767507003,True,260708_316_H_b2_front_CBS_016,60,224
2.255272505103306,1.6183350698984502,0.9090909090909091,0.7862417569160481,0.6766917293233082,0.8166919205711597,167.44444444444446,0.0019389978213507626,True,260708_316_H_b2_front_CBS_016,61,180
2.931457870689005,1.6956251070945585,0.9682539682539683,0.8075836765730706,0.7182506307821699,0.8295458707006524,197.82201405152225,0.00970289755246361,True,260708_316_H_b2_front_CBS_016,62,854
2.550228353055094,1.5765316978254194,0.9466666666666667,0.7730839067820305,0.7015810276679841,0.842439665848677,177.50704225352112,0.0035349351008008836,True,260708_316_H_b2_front_CBS_016,63,355
3.0511525224473814,2.275221943148173,0.9101941747572816,0.8982339969396534,0.635593220338983,0.6485696263615458,193.51288888888888,0.011925054466230937,True,260708_316_H_b2_front_CBS_016,64,1125
2.093421685162235,1.964085078913657,0.9393939393939394,0.860681993155652,0.8104575163398693,0.8213506544303483,168.4516129032258,0.0062618595825426945,True,260708_316_H_b2_front_CBS_016,65,124
2.6148972160331345,1.2299096930271864,0.9094922737306843,0.5821689709196929,0.6130952380952381,0.71063353214237,182.5873786407767,0.010394060536836095,True,260708_316_H_b2_front_CBS_016,66,412
3.156851901070011,1.7206244312441252,0.7740021574973032,0.8137719248570432,0.48365352207617124,0.4824217662666117,173.5672473867596,0.0019020291043246565,True,260708_316_H_b2_front_CBS_016,67,1435
3.3057811512549824,4.708275123448679,0.7050209205020921,0.9771845453296621,0.33744993324432576,0.32083143362472283,205.57517309594462,0.03094005158937957,True,260708_316_H_b2_front_CBS_016,68,2022
2.0863598306747484,2.19144914177203,0.953125,0.8898162285828577,0.7530864197530864,0.8302858031477389,168.01639344262296,0.004532304725168757,True,260708_316_H_b2_front_CBS_016,69,122
2.7403626894942437,2.326694291472448,0.8172362555720654,0.9029268182503927,0.5288461538461539,0.5243293497523681,166.61454545454546,0.002467023172905526,True,260708_316_H_b2_front_CBS_016,70,550
2.12057393120585,1.871710692291108,0.9428571428571428,0.8453135056835411,0.7333333333333333,0.8646803826429232,169.53030303030303,0.00522875816993464,True,260708_316_H_b2_front_CBS_016,71,132
2.089905111439398,1.841051304395137,0.8848920863309353,0.8396240915910478,0.6833333333333333,0.7109388709068176,165.6260162601626,0.0029332058026462614,True,260708_316_H_b2_front_CBS_016,72,123
2.617000341120899,2.486770620162618,0.9220489977728286,0.9155834766125142,0.71875,0.65158216890105,170.17874396135267,0.0022923178933409115,True,260708_316_H_b2_front_CBS_016,73,414
2.0453229787866576,1.218609359170473,0.9098360655737705,0.5714921728346156,0.6098901098901099,0.8450733757837426,167.55855855855856,0.003179650238473768,True,260708_316_H_b2_front_CBS_016,74,111
2.187520720836463,2.256228985616342,0.9447852760736196,0.8964141423771804,0.6111111111111112,0.791216521189882,167.9935064935065,0.007079195314489433,True,260708_316_H_b2_front_CBS_016,75,154
2.734799829588847,2.8311972409921666,0.9410745233968805,0.9355450212413803,0.6557971014492754,0.6091229174979969,172.11970534069982,0.00390712454410862,True,260708_316_H_b2_front_CBS_016,76,543
4.44216608578472,5.505398500152529,0.21652911956819337,0.9833651147500452,0.13095891447928693,0.04353561131137656,189.86752167630058,0.00784795421058597,True,260708_316_H_b2_front_CBS_016,77,27680
1.6901960800285136,1.3398889829305825,0.98,0.665575541172187,0.6805555555555556,1.0,171.48979591836735,0.017927170868347338,True,260708_316_H_b2_front_CBS_016,78,49
2.6646419755561257,1.3259687943428287,0.9604989604989606,0.6566843276704796,0.77,0.8824175580988703,190.16233766233765,0.013054918937271879,True,260708_316_H_b2_front_CBS_016,79,462
2.1172712956557644,1.529718713153375,0.8972602739726028,0.7567408786236208,0.6822916666666666,0.8356282019325064,167.83969465648855,0.003502469690166143,True,260708_316_H_b2_front_CBS_016,80,131
3.2467447097238415,2.033275584424696,0.8991339786041773,0.8706984528010348,0.6028005464480874,0.6658598423584465,224.22776203966006,0.02415375215241904,True,260708_316_H_b2_front_CBS_016,81,1765
3.3392526340327,2.2037378983337255,0.6724137931034483,0.8911165631234358,0.37877211238293446,0.38099881684530457,211.35027472527472,0.025757738993033113,True,260708_316_H_b2_front_CBS_016,82,2184
2.5352941200427703,1.15589829943375,0.8051643192488263,0.5015511137008052,0.5996503496503497,0.551239116095379,167.067055393586,0.004035900074315441,True,260708_316_H_b2_front_CBS_016,83,343
3.305136318943639,4.441420636328679,0.4193146417445483,0.9743233772761556,0.1961717839098329,0.1515194370464291,183.86181277860328,0.030574250502578445,True,260708_316_H_b2_front_CBS_016,84,2019
3.611617110554336,3.453979232740645,0.704514128187457,0.9571716201033251,0.42700501253132833,0.34244581691429743,215.27732942039617,0.01787387491068817,True,260708_316_H_b2_front_CBS_016,85,4089
3.035829825252828,1.4249975193316056,0.6948176583493282,0.7124177617163207,0.41043083900226757,0.4524117363107138,173.22744014732965,0.004297114794352364,True,260708_316_H_b2_front_CBS_016,86,1086
2.509202522331103,3.049176931232308,0.8801089918256131,0.9446925285931669,0.53125,0.5095055195892673,168.6315789473684,0.0043343653250774,True,260708_316_H_b2_front_CBS_016,87,323
2.4471580313422194,2.456315271277967,0.8383233532934131,0.9133774149645514,0.5490196078431373,0.5636112589353327,168.92857142857142,0.002058823529411765,True,260708_316_H_b2_front_CBS_016,88,280
2.1702617153949575,1.5955183521782155,0.961038961038961,0.779215930715702,0.7474747474747475,0.9097897133150457,166.47972972972974,0.002411234764175941,True,260708_316_H_b2_front_CBS_016,89,148
3.059941888061955,3.2659921318466134,0.7638057218895542,0.9519718133661799,0.3813953488372093,0.4074431639836943,175.2665505226481,0.0056944729111156655,True,260708_316_H_b2_front_CBS_016,91,1148
2.9740509027928774,3.6952992510748395,0.8845070422535212,0.9626879145151879,0.5207296849087893,0.4644932945583396,194.74097664543524,0.021585279547062988,True,260708_316_H_b2_front_CBS_016,92,942
3.0453229787866576,2.946449138156818,0.7905982905982906,0.9406451838844959,0.4904993371630579,0.4287618295851058,178.05945945945945,0.005186362833421657,True,260708_316_H_b2_front_CBS_016,93,1110
2.214843848047698,4.188363303192049,0.7961165048543689,0.9710794074017456,0.6283524904214559,0.44967196772651646,166.1951219512195,0.004495456719273074,True,260708_316_H_b2_front_CBS_016,94,164
4.040364955860061,12.140037691283117,0.4982746095168907,0.9966016468741226,0.3139914163090129,0.1092643342495202,183.1183706943685,0.005496413983854887,True,260708_316_H_b2_front_CBS_016,95,10974
3.1878026387184195,3.798339726677608,0.9080730701237478,0.9647213941580607,0.4196623093681917,0.5241660551980912,193.83387410772227,0.008232494814927917,True,260708_316_H_b2_front_CBS_016,96,1541
2.1398790864012365,1.610812452854647,0.9139072847682119,0.7839652284415162,0.6764705882352942,0.8483174353883534,176.7173913043478,0.025291275930662122,True,260708_316_H_b2_front_CBS_016,97,138
3.038620161949703,2.1757669922175853,0.9406196213425129,0.8881218670576684,0.6444575471698113,0.7224591507287245,208.4473924977127,0.021839513481513372,True,260708_316_H_b2_front_CBS_016,98,1093
3.499687082618404,1.2597025376564952,0.7660606060606061,0.6081290208130973,0.49607535321821034,0.5155876991559575,193.93037974683546,0.006209977661950856,True,260708_316_H_b2_front_CBS_016,99,3160
3.708675792726537,2.2405090433560715,0.8907665505226481,0.8948698684702,0.45606993131745605,0.5683373205473055,241.1726970467436,0.0392969861521765,True,260708_316_H_b2_front_CBS_016,100,5113
2.3521825181113627,1.979642681151406,0.9221311475409836,0.8630364408949428,0.625,0.7232000065391272,172.64888888888888,0.00791285403050109,True,260708_316_H_b2_front_CBS_016,101,225
2.5774917998372255,1.490910928041703,0.9717223650385605,0.7417008059217995,0.72,0.9116383546964845,177.37566137566137,0.007199917003838573,True,260708_316_H_b2_front_CBS_016,102,378
3.094471128641645,2.4031763227226883,0.7570036540803897,0.9093115613762456,0.37126642771804064,0.34845399013019857,172.81013676588898,0.0072184626062814505,True,260708_316_H_b2_front_CBS_016,103,1243
2.7737864449811935,5.147966548219782,0.8366197183098592,0.9809517682577485,0.40271186440677964,0.3783043016997663,171.04545454545453,0.006555753614577144,True,260708_316_H_b2_front_CBS_016,104,594
2.781755374652469,2.4282700313922185,0.8989598811292719,0.9112671042017885,0.5270034843205574,0.6153362160295658,171.95371900826447,0.003597472046669908,True,260708_316_H_b2_front_CBS_016,105,605
3.125481265700594,1.1598433528461063,0.888814913448735,0.5065928775905222,0.6312056737588653,0.688250965935448,183.22471910112358,0.006571197767496512,True,260708_316_H_b2_front_CBS_016,106,1335
2.7774268223893115,3.608253508126939,0.8532763532763533,0.9608288587536369,0.5008361204013378,0.48968197036008704,189.03338898163605,0.03558872630855347,True,260708_316_H_b2_front_CBS_016,107,599
2.7209857441537393,2.6379787347331134,0.9195804195804196,0.9253646764935904,0.47731397459165154,0.5923004017694223,172.49619771863118,0.006270036531722955,True,260708_316_H_b2_front_CBS_016,108,526
2.787460474518415,1.6981867539158015,0.9330289193302892,0.8082325865712712,0.6287179487179487,0.7322206457534586,177.25774877650898,0.004023926046764546,True,260708_316_H_b2_front_CBS_016,109,613
2.1760912590556813,3.7129033093132477,0.9202453987730062,0.9630476659075876,0.6410256410256411,0.5758489679901609,167.81333333333333,0.009045751633986928,True,260708_316_H_b2_front_CBS_016,110,150
1.6334684555795864,1.2526621440533656,1.0,0.602260202615781,0.7678571428571429,1.0,166.27906976744185,0.0020975832193342453,True,260708_316_H_b2_front_CBS_016,111,43
4.131169383089324,1.7127415957302945,0.25272795216741406,0.8118549083608957,0.16269139633625615,0.09996678756109297,210.9075114594115,0.02190668371444393,True,260708_316_H_b2_front_CBS_016,112,13526
2.0086001717619175,1.5290432285142221,0.9357798165137615,0.7564913083251219,0.6538461538461539,0.9255841766473141,167.92156862745097,0.00530565167243368,True,260708_316_H_b2_front_CBS_016,113,102
4.0608488730388075,5.8404223623367795,0.5153429198584419,0.9852327352227357,0.17170149253731343,0.15748835207747572,204.84674895688457,0.014384766423954838,True,260708_316_H_b2_front_CBS_016,114,11504
2.920123326290724,10.135167622816274,0.7556766575840145,0.9951205712371924,0.2447058823529412,0.20290876231411265,173.42427884615384,0.018622737556561086,True,260708_316_H_b2_front_CBS_016,115,832
2.0827853703164503,1.574329505495815,0.952755905511811,0.7723550604444381,0.7159763313609467,0.9058397530384769,169.07438016528926,0.008588559390698428,True,260708_316_H_b2_front_CBS_016,116,121
2.419955748489758,5.425413121159207,0.7366946778711485,0.9828667065840938,0.21628289473684212,0.2953548800418688,167.47908745247148,0.01441884738686349,True,260708_316_H_b2_front_CBS_016,117,263
2.220108088040055,1.800901439484535,0.9431818181818182,0.8316651539228227,0.5928571428571429,0.798473181316019,167.78313253012047,0.005055516182376566,True,260708_316_H_b2_front_CBS_016,118,166
1.7075701760979363,1.4333040300920212,0.9622641509433962,0.7164010766869947,0.6375,1.0,169.3921568627451,0.01453287197231834,True,260708_316_H_b2_front_CBS_016,119,51
2.499687082618404,2.1603348283575032,0.88268156424581,0.8864150996363411,0.5808823529411765,0.6213787967449591,177.9272151898734,0.01752295855050881,True,260708_316_H_b2_front_CBS_016,120,316
2.214843848047698,2.7327785268317517,0.9213483146067416,0.9306431900714935,0.5942028985507246,0.6845148567525667,170.59756097560975,0.01054519368723099,True,260708_316_H_b2_front_CBS_016,121,164
1.8692317197309762,1.7076110003033036,0.9487179487179487,0.8105904428356326,0.6851851851851852,0.9694901259935806,173.59459459459458,0.028616852146263912,True,260708_316_H_b2_front_CBS_016,122,74
2.9014583213961123,1.5884567654236224,0.7455565949485501,0.7769665807609517,0.4682726204465335,0.39775624727943726,177.92973651191969,0.008231849829015671,True,260708_316_H_b2_front_CBS_016,123,797
2.6989700043360187,2.3822709317772457,0.8445945945945946,0.9076316518330305,0.43103448275862066,0.5171499975511702,186.306,0.029733333333333334,True,260708_316_H_b2_front_CBS_016,124,500
2.7007037171450192,3.27547688527275,0.6544980443285529,0.9522565235252115,0.2656084656084656,0.2873514590567967,170.33466135458167,0.0140692133427076,True,260708_316_H_b2_front_CBS_016,125,502
3.814913181275074,2.8295054912208886,0.4585996207598848,0.9354652642128536,0.272765246449457,0.1616874708559792,187.76906584992344,0.005540041437708314,True,260708_316_H_b2_front_CBS_016,126,6530
3.1547282074401557,1.8732956510312235,0.7511835875854813,0.8455990406371886,0.510912343470483,0.44054992965585976,176.96988795518206,0.002735211731751524,True,260708_316_H_b2_front_CBS_016,127,1428
2.7168377232995247,5.8862195335862495,0.7966360856269113,0.9854633203266925,0.5472689075630253,0.28972098402239177,174.9059500959693,0.01597230062850476,True,260708_316_H_b2_front_CBS_016,128,521
1.9912260756924949,1.1410985340583168,0.9607843137254902,0.48167757800382394,0.6853146853146853,0.9609358470288314,168.94897959183675,0.004481792717086834,True,260708_316_H_b2_front_CBS_016,129,98
2.9872192299080047,2.2877487688432065,0.9057835820895522,0.8994076004795823,0.6122320302648171,0.5826770819920132,183.740473738414,0.009910946871024414,True,260708_316_H_b2_front_CBS_016,131,971
3.9325244970505424,2.1014914246202676,0.3487595225485803,0.8795250847788156,0.2136617749825297,0.1603267676520412,194.76976988669549,0.005482225596698205,True,260708_316_H_b2_front_CBS_016,132,8561
2.934498451243568,5.68082220890423,0.5449936628643853,0.9843846491598061,0.18251273344651953,0.20858277802733072,170.6906976744186,0.007478340173278614,True,260708_316_H_b2_front_CBS_016,133,860
2.629409599102719,3.2702969901971803,0.781651376146789,0.9521013527508613,0.36883116883116884,0.4541626841762,183.04694835680752,0.04629476203626991,True,260708_316_H_b2_front_CBS_016,134,426
3.740441644949766,4.013066936150522,0.8304649758454107,0.9684556518079034,0.45575807787903894,0.40021164905127476,218.07344119251044,0.016590922862509846,True,260708_316_H_b2_front_CBS_016,135,5501
3.974695871909683,3.471411954345646,0.337797192781438,0.9576101896360827,0.1866271018793274,0.10964505606720569,191.24051303794784,0.011882760312096006,True,260708_316_H_b2_front_CBS_016,137,9434
2.2624510897304293,1.3426810635774897,0.9384615384615385,0.6673117511257143,0.6727941176470589,0.9094872872247074,170.24043715846994,0.002764384442301511,True,260708_316_H_b2_front_CBS_016,138,183
2.583198773968623,2.609966067907742,0.8080168776371308,0.9236874865545367,0.5039473684210526,0.5477188285308268,176.4804177545692,0.016013925152306353,True,260708_316_H_b2_front_CBS_016,139,383
3.2317243833285163,2.4118301672471607,0.7635467980295566,0.9099933280364751,0.3923147722043258,0.40035009598050414,207.74604105571848,0.019552642171237998,True,260708_316_H_b2_front_CBS_016,140,1705
3.490800952010855,3.5938073797011145,0.6915345097163279,0.9605068250446558,0.31695331695331697,0.2638585771365607,182.55426356589146,0.006128084308658864,True,260708_316_H_b2_front_CBS_016,141,3096
2.4683473304121573,1.686738813744904,0.9545454545454546,0.8053055330134193,0.691764705882353,0.8202529351288405,175.7278911564626,0.010911031079098308,True,260708_316_H_b2_front_CBS_016,142,294
3.3492775274679554,2.8069923410537245,0.8599461331281262,0.9343894575997662,0.5079545454545454,0.537675199838552,191.83087248322147,0.006532438478747204,True,260708_316_H_b2_front_CBS_016,143,2235
2.416640507338281,2.479417396456252,0.9125874125874126,0.9150587577033691,0.5686274509803921,0.6771066899214536,169.19157088122606,0.005619412515964241,True,260708_316_H_b2_front_CBS_016,144,261
4.142045148157744,5.844098265958891,0.43743888976502127,0.9852514454271907,0.11308708414872798,0.08037360038736034,191.6128776407816,0.012559820957729114,True,260708_316_H_b2_front_CBS_016,145,13869
2.7649229846498886,4.125208799542117,0.7929155313351499,0.9701734050323686,0.3464285714285714,0.3549705955889573,179.4037800687285,0.024466006333805,True,260708_316_H_b2_front_CBS_016,146,582
2.3654879848909,2.605975540859921,0.8,0.923443899166046,0.5054466230936819,0.5403126571392911,168.36206896551724,0.002586206896551724,True,260708_316_H_b2_front_CBS_016,147,232
2.4424797690644486,3.008376823433828,0.9081967213114754,0.9431366841759621,0.4439102564102564,0.5795815223595722,168.0361010830325,0.003142917816946273,True,260708_316_H_b2_front_CBS_016,148,277
2.2810333672477277,2.455919164053586,0.9138755980861244,0.9133481450004115,0.4973958333333333,0.6626504666427515,171.4240837696335,0.008479622215378298,True,260708_316_H_b2_front_CBS_016,149,191
3.325515663363148,5.806545009033149,0.695137976346912,0.9850586075565874,0.1718369335715446,0.2072367830249241,190.52268431001892,0.02643908224915675,True,260708_316_H_b2_front_CBS_016,150,2116
2.5403294747908736,1.961876184709182,0.6673076923076923,0.8603426258036179,0.47210884353741495,0.3969392927495353,168.95389048991353,0.005334237441374245,True,260708_316_H_b2_front_CBS_016,151,347
2.90848501887865,1.7456137646587937,0.9010011123470523,0.8196501493612084,0.5091137649277184,0.6555229251737424,189.820987654321,0.019878963931251513,True,260708_316_H_b2_front_CBS_016,152,810
2.8208579894397,3.3993042002923493,0.9390070921985816,0.9557506959277294,0.48145454545454547,0.5040547065790112,181.59063444108762,0.010574018126888216,True,260708_316_H_b2_front_CBS_016,153,662
4.154454406139564,2.606153103436221,0.45241567334516863,0.9234547629964133,0.24471843061938406,0.1599519900940138,216.26080863289187,0.015703311665917857,True,260708_316_H_b2_front_CBS_016,154,14271
4.255441364570166,4.399677184602976,0.38274491465980826,0.9738272574508677,0.26510121457489877,0.09803998060064008,206.90920197700893,0.011409288544650936,True,260708_316_H_b2_front_CBS_016,155,18007
2.7649229846498886,1.3765366688709304,0.7395171537484116,0.6872078520066005,0.47665847665847666,0.5151256772240388,182.81958762886597,0.016407250185297487,True,260708_316_H_b2_front_CBS_016,156,582
2.110589710299249,2.009586879512013,0.9555555555555556,0.8673981764809636,0.6515151515151515,0.8051676520326141,172.10852713178295,0.009879920960632315,True,260708_316_H_b2_front_CBS_016,157,129
3.759063188160487,4.316315512556232,0.5293629574997695,0.9727922720885646,0.33352695167286245,0.1465393604919454,198.0259491466388,0.011538645412884763,True,260708_316_H_b2_front_CBS_016,159,5742
3.1031192535457137,1.4599145082912297,0.8353096179183136,0.7285697531757186,0.5897674418604651,0.599025628182768,196.57334384858044,0.013722397476340693,True,260708_316_H_b2_front_CBS_016,160,1268
3.003029470553618,2.1570553708853666,0.8666092943201377,0.8860472404830978,0.53,0.5950932643418015,175.47070506454816,0.0025975037482719007,True,260708_316_H_b2_front_CBS_016,162,1007
2.5728716022004803,3.9148108739751746,0.8404494382022472,0.9668248619577235,0.5238095238095238,0.4606105318364139,176.67914438502675,0.01910454021180665,True,260708_316_H_b2_front_CBS_016,163,374
2.5171958979499744,2.6567883191638497,0.9088397790055248,0.9264595647725579,0.4519230769230769,0.5895744468321328,176.88449848024317,0.00969068478455212,True,260708_316_H_b2_front_CBS_016,164,329
2.815577748324267,4.507411609723177,0.8755020080321285,0.9750792542282414,0.6592741935483871,0.4310280581325246,187.3256880733945,0.02683935959704983,True,260708_316_H_b2_front_CBS_016,165,654
3.374748346010104,2.866626644301205,0.7455174583202265,0.9371815211093406,0.5589622641509434,0.36897110868550426,192.72784810126583,0.011499958633242326,True,260708_316_H_b2_front_CBS_016,166,2370
1.8976270912904414,1.1923687827729474,0.9875,0.544644981049639,0.79,1.0,171.67088607594937,0.017969719533382975,True,260708_316_H_b2_front_CBS_016,167,79
1.9444826721501687,3.617815302315627,0.8979591836734694,0.9610398337093848,0.7333333333333333,0.5828940128215375,167.875,0.01911764705882353,True,260708_316_H_b2_front_CBS_016,168,88
2.73559889969818,1.5621935738440411,0.9493891797556719,0.7682703281861678,0.6938775510204082,0.8147736464702818,185.63051470588235,0.006639273356401384,True,260708_316_H_b2_front_CBS_016,169,544
3.194514341882467,1.6402200370678288,0.8096223486808071,0.7926520359584426,0.5526129943502824,0.5695390567492317,181.04345047923323,0.006951074359456243,True,260708_316_H_b2_front_CBS_016,170,1565
2.795184589682424,2.739567452951301,0.7123287671232876,0.9309992355647516,0.5024154589371981,0.4518126380979252,173.44871794871796,0.003286827551533434,True,260708_316_H_b2_front_CBS_016,171,624
4.48969135537646,7.0695948611373325,0.2926720624751218,0.989945283906232,0.1762765076918686,0.056015502378384464,192.34176354392667,0.005544496870021607,True,260708_316_H_b2_front_CBS_016,172,30881
2.5289167002776547,2.6053781208036346,0.8164251207729468,0.9234073299004437,0.5680672268907563,0.564146434631513,173.96745562130178,0.013551456085392736,True,260708_316_H_b2_front_CBS_016,173,338
2.6483600109809315,4.4212093254688885,0.9309623430962343,0.9740849526260857,0.7416666666666667,0.4626467521683214,182.97078651685393,0.029874421678783875,True,260708_316_H_b2_front_CBS_016,174,445
2.250420002308894,2.792250922698805,0.9319371727748691,0.9336701965785171,0.47593582887700536,0.6476272243587076,183.15168539325842,0.06655651024454726,True,260708_316_H_b2_front_CBS_016,175,178
1.968482948553935,3.397616325385465,0.8942307692307693,0.9557057014389694,0.5166666666666667,0.6258350586716264,171.81720430107526,0.04212523719165086,True,260708_316_H_b2_front_CBS_016,176,93
2.1702617153949575,1.7723825833874207,0.925,0.8256297686101962,0.6324786324786325,0.7865189250004789,170.91216216216216,0.012639109697933226,True,260708_316_H_b2_front_CBS_016,178,148
2.629409599102719,3.5608953439143884,0.8402366863905325,0.9597580399467447,0.6191860465116279,0.5044779572131858,170.0962441314554,0.005781091779434778,True,260708_316_H_b2_front_CBS_016,179,426
4.142452040066341,6.791157061169625,0.39752584404799407,0.9890992596532975,0.29336432797971257,0.11171985237942351,198.5610862988042,0.013505428104104341,True,260708_316_H_b2_front_CBS_016,180,13882
2.376576957056512,2.925236360258077,0.9407114624505929,0.9397535417990077,0.5085470085470085,0.6545146739782144,180.2941176470588,0.03511286867688252,True,260708_316_H_b2_front_CBS_016,181,238
1.7853298350107671,2.246967202813411,0.9104477611940298,0.895508542453148,0.6703296703296703,0.8118453617681848,169.04918032786884,0.022500803600128575,True,260708_316_H_b2_front_CBS_016,182,61
2.4800069429571505,1.952845318166291,0.8435754189944135,0.8589417368775626,0.6213991769547325,0.6538707799378902,173.88079470198676,0.012985326580963512,True,260708_316_H_b2_front_CBS_016,183,302
2.6138418218760693,7.0636058280533085,0.75,0.989928139681654,0.17125,0.23946998253698845,169.71046228710463,0.01206049329707552,True,260708_316_H_b2_front_CBS_016,184,411
4.021106568432121,3.5061916484008493,0.38454212454212455,0.9584651300807433,0.14931444501336974,0.14269749747158517,195.87521432653838,0.006535698676498605,True,260708_316_H_b2_front_CBS_016,185,10498
2.9628426812012423,1.987555195979903,0.8391224862888482,0.8642103433025855,0.612,0.5730551306058795,186.2363834422658,0.007830321671152121,True,260708_316_H_b2_front_CBS_016,186,918
3.1245042248342823,1.6224873244752573,0.8951612903225806,0.7874820124769659,0.5711835334476844,0.6357019282199691,181.32882882882882,0.0024612848142259907,True,260708_316_H_b2_front_CBS_016,187,1332
3.170848203643309,1.3138719755913613,0.8805704099821747,0.6486238058925233,0.700709219858156,0.6796054621576021,176.01214574898785,0.0017358630361726337,True,260708_316_H_b2_front_CBS_016,188,1482
2.0086001717619175,2.1540780992044906,0.9444444444444444,0.8857116884862177,0.5204081632653061,0.7898397975221259,172.30392156862746,0.01845444059976932,True,260708_316_H_b2_front_CBS_016,189,102
3.3506356082589543,2.5555278711996023,0.6200221238938053,0.9202595230898298,0.31400560224089635,0.34525061069013924,183.67484388938448,0.006188452187297756,True,260708_316_H_b2_front_CBS_016,190,2242
3.3861421089308186,1.5622090452172248,0.7881438289601554,0.7682756102338332,0.48504784688995217,0.5174398972998075,184.48499794492398,0.0027417132080945817,True,260708_316_H_b2_front_CBS_016,191,2433
3.2650537885040145,3.460817422114476,0.8919573643410853,0.957344468237546,0.6063899868247694,0.48669121360767936,183.0722433460076,0.0043369439030365,True,260708_316_H_b2_front_CBS_016,192,1841
2.690196080028514,1.6379176485474694,0.9315589353612167,0.7919921244590353,0.625,0.7687486776230654,184.09591836734694,0.013101240496198478,True,260708_316_H_b2_front_CBS_016,193,490
2.0453229787866576,1.192447189615454,0.9568965517241379,0.5447298857985362,0.7115384615384616,0.9762756439193476,166.84684684684686,0.0020137784843667194,True,260708_316_H_b2_front_CBS_016,194,111
2.041392685158225,2.8569892057681847,0.9016393442622951,0.9367426665481344,0.4583333333333333,0.6619100081424113,165.3090909090909,0.000926916221033868,True,260708_316_H_b2_front_CBS_016,195,110
3.1711411510283822,3.4042074292842868,0.717812197483059,0.9558810123025246,0.3530952380952381,0.3965123708903695,174.55832771409305,0.002044081287268785,True,260708_316_H_b2_front_CBS_016,196,1483
2.0863598306747484,3.0434785408935348,0.8970588235294118,0.9444791348636126,0.5083333333333333,0.6268078934101662,167.75409836065575,0.008068145290903246,True,260708_316_H_b2_front_CBS_016,197,122
2.437750562820388,1.6790074024454926,0.9513888888888888,0.8032885940020076,0.7611111111111111,0.8551005296780476,170.6021897810219,0.0027622727923286104,True,260708_316_H_b2_front_CBS_016,198,274
3.14674801363064,1.7750224396349272,0.7204522096608428,0.8262025678702059,0.49089635854341734,0.4158804265914949,174.59557774607703,0.008128443959609521,True,260708_316_H_b2_front_CBS_016,199,1402
2.5854607295085006,1.9628612832936445,0.9625,0.86049413124263,0.632183908045977,0.8106236426338641,174.83376623376623,0.0058874458874458874,True,260708_316_H_b2_front_CBS_016,201,385
2.7520484478194387,1.3693617479516624,0.9338842975206612,0.6831616090170841,0.5978835978835979,0.766794326791436,175.7929203539823,0.004539302446642374,True,260708_316_H_b2_front_CBS_016,202,565
4.059639138323725,8.505259898677599,0.5951750972762646,0.9930640882623286,0.14877061935885466,0.1617342956993696,201.85835076708508,0.012023819290617223,True,260708_316_H_b2_front_CBS_016,203,11472
3.118595365223762,4.1601628419238095,0.6488888888888888,0.9706800504566055,0.44633152173913043,0.21401871103181885,174.88584474885846,0.007828214999850779,True,260708_316_H_b2_front_CBS_016,204,1314
2.436162647040756,6.453584487347487,0.824773413897281,0.9879218982983412,0.3649732620320856,0.34015484571106896,168.17582417582418,0.011305034834446599,True,260708_316_H_b2_front_CBS_016,205,273
3.020775488193558,3.8710468757872545,0.7557636887608069,0.9660572536687854,0.2870826491516147,0.3470455130523287,170.42897998093423,0.0009944111104880464,True,260708_316_H_b2_front_CBS_016,206,1049
2.5877109650189114,1.4727665875920037,0.9723618090452262,0.7341436164407834,0.7442307692307693,0.9183778892491212,194.89664082687338,0.020469169579976694,True,260708_316_H_b2_front_CBS_016,207,387
1.9242792860618816,1.275186204776552,0.9767441860465116,0.6205091592656233,0.7777777777777778,1.0,167.5,0.0031746031746031746,True,260708_316_H_b2_front_CBS_016,208,84
2.2648178230095364,2.0457799970499027,0.9064039408866995,0.8723896460428386,0.5111111111111111,0.6750197302941906,168.67391304347825,0.00552003410059676,True,260708_316_H_b2_front_CBS_016,209,184
2.494154594018443,1.5471561243085896,0.9341317365269461,0.7630434595795123,0.5672727272727273,0.7474300904410041,177.31730769230768,0.012983911513323277,True,260708_316_H_b2_front_CBS_016,211,312
3.4490153163477864,5.71334106915898,0.6887092823903992,0.9845632900294942,0.30432900432900434,0.28254383166681385,192.3869132290185,0.014793741109530583,True,260708_316_H_b2_front_CBS_016,212,2812
3.0236639181977933,4.511146958167958,0.707774798927614,0.9751210334788549,0.43349753694581283,0.3101350968868882,170.29829545454547,0.00280377302436126,True,260708_316_H_b2_front_CBS_016,213,1056
3.0565237240791006,2.1858362524010024,0.7822802197802198,0.8892143486117091,0.4683388157894737,0.47826295202999053,178.414398595259,0.0062662466215634635,True,260708_316_H_b2_front_CBS_016,214,1139
2.8926510338773004,2.6846749308284044,0.8229715489989463,0.9280383836673364,0.5165343915343915,0.5380803439321098,200.56081946222793,0.025934573573347393,True,260708_316_H_b2_front_CBS_016,215,781
4.40337793172286,16.13204682399619,0.39562105394761515,0.9980768690377483,0.09818180407852993,0.05946784290873382,194.9417341497136,0.012984009325634264,True,260708_316_H_b2_front_CBS_016,216,25315
2.419955748489758,6.1277434384547265,0.7325905292479109,0.9865942946711019,0.23253757736516356,0.29848634546563724,170.33079847908746,0.021113844777454708,True,260708_316_H_b2_front_CBS_016,217,263
2.3979400086720375,2.76739632751972,0.9328358208955224,0.932430066188154,0.4734848484848485,0.6334010950480988,178.632,0.034792156862745095,True,260708_316_H_b2_front_CBS_016,218,250
3.312811826212088,1.623883219841751,0.8869227449287872,0.787896387771811,0.5494652406417112,0.6075547214428447,189.23698296836983,0.002658270120700348,True,260708_316_H_b2_front_CBS_016,219,2055
2.2121876044039577,4.260146445008724,0.8534031413612565,0.9720597117489739,0.36877828054298645,0.47601050765950004,168.96319018404907,0.022158065680259832,True,260708_316_H_b2_front_CBS_016,220,163
2.247973266361807,1.4111685541608587,0.9365079365079365,0.7055776923699455,0.6654135338345865,0.8796680319058646,168.90395480225988,0.0025036003101805695,True,260708_316_H_b2_front_CBS_016,221,177
2.690196080028514,2.2480360542065205,0.8566433566433567,0.8956136713499413,0.5555555555555556,0.5880777964491997,178.30408163265307,0.022088835534213685,True,260708_316_H_b2_front_CBS_016,222,490
2.155336037465062,1.9067561437434806,0.9727891156462585,0.8514406850177856,0.715,0.8265386873144303,166.6853146853147,0.0009049773755656109,True,260708_316_H_b2_front_CBS_016,223,143
1.7160033436347992,2.9108656343628767,0.7222222222222222,0.9391378921320225,0.4444444444444444,0.6393116904375997,167.26923076923077,0.013725490196078431,True,260708_316_H_b2_front_CBS_016,224,52
2.12057393120585,1.4030662781384866,0.9496402877697842,0.7014438637918999,0.7252747252747253,0.9765872490115113,167.6439393939394,0.001812240047534165,True,260708_316_H_b2_front_CBS_016,225,132
2.716003343634799,2.3377285523290015,0.9369369369369369,0.90388967195063,0.5701754385964912,0.6523644877337129,173.20576923076922,0.002043740573152338,True,260708_316_H_b2_front_CBS_016,227,520
2.7193312869837265,2.1670932051740346,0.9441441441441442,0.8871674558855124,0.6894736842105263,0.6961755349666402,172.33396946564886,0.0020505912288579556,True,260708_316_H_b2_front_CBS_016,228,524
3.085290578230065,2.7107186903260754,0.9456099456099456,0.929466765995663,0.4534277198211624,0.5311690714347624,206.82333607230896,0.030470298226110495,True,260708_316_H_b2_front_CBS_016,229,1217
3.062581984228163,2.452577188401738,0.868421052631579,0.9131005905364884,0.4725859247135843,0.5837565819594849,181.53506493506492,0.00447839741957389,True,260708_316_H_b2_front_CBS_016,230,1155
3.2100508498751372,1.2005285552713754,0.8863387978142077,0.5533235088056513,0.6238461538461538,0.6158589917776018,181.11467324291,0.0031793235173230823,True,260708_316_H_b2_front_CBS_016,232,1622
2.060697840353612,1.6925156414641302,0.92,0.8067913253709555,0.5989583333333334,0.8176145309246352,166.6,0.0019096334185848252,True,260708_316_H_b2_front_CBS_016,234,115
3.2826221128780624,2.148706745837084,0.9068117313150426,0.8851024558116943,0.5461538461538461,0.617710132010764,182.10798122065728,0.0027207544467969763,True,260708_316_H_b2_front_CBS_016,235,1917
2.7466341989375787,1.6364695593242167,0.8746081504702194,0.7915753618070863,0.6838235294117647,0.6885906463528565,175.60035842293908,0.004786000421674046,True,260708_316_H_b2_front_CBS_016,236,558
3.3001605369513523,2.996191908865693,0.7974430683180184,0.942659148398249,0.40751327072274396,0.46834245929889423,179.16432865731463,0.0029588588942591064,True,260708_316_H_b2_front_CBS_016,237,1996
2.278753600952829,1.8425747839810924,0.9595959595959596,0.8399144538555833,0.7307692307692307,0.8431884646441197,168.41052631578947,0.002414860681114551,True,260708_316_H_b2_front_CBS_016,238,190
3.2111205412580492,3.8946192495343586,0.799410029498525,0.966473996976692,0.523840206185567,0.3936713749732629,182.35362853628536,0.005354171188770711,True,260708_316_H_b2_front_CBS_016,240,1626
1.6232492903979006,1.6101827345038051,0.9333333333333333,0.7837729092546368,0.6666666666666666,1.0,165.16666666666666,0.002240896358543417,True,260708_316_H_b2_front_CBS_016,241,42
1.6334684555795864,4.837253503272997,0.7962962962962963,0.9783982676237373,0.30714285714285716,0.651514085399396,165.27906976744185,0.007478340173278614,True,260708_316_H_b2_front_CBS_016,242,43
2.1760912590556813,2.9278635502358124,0.9036144578313253,0.9398650698434715,0.5,0.6536978551216543,165.62666666666667,0.0014901960784313726,True,260708_316_H_b2_front_CBS_016,244,150
2.6384892569546374,1.7979591607433427,0.9560439560439561,0.8310577334469363,0.6904761904761905,0.8093326144583223,174.10344827586206,0.0026864998873112464,True,260708_316_H_b2_front_CBS_016,245,435
3.730862992046494,4.890636616746249,0.75332493350133,0.9788723384128547,0.3004466778336125,0.2706620181042099,205.45326147556216,0.008621474979138653,True,260708_316_H_b2_front_CBS_016,246,5381
2.357934847000454,2.442218746589892,0.95,0.9123263960672015,0.5588235294117647,0.7409530116414174,176.1184210526316,0.014637082903336773,True,260708_316_H_b2_front_CBS_016,247,228
2.8382192219076257,1.460600705753236,0.9101717305151915,0.7288721654836562,0.6006974716652136,0.6603756042594922,171.1988388969521,0.003136116565639318,True,260708_316_H_b2_front_CBS_016,248,689
1.7634279935629373,2.789607596977053,0.8923076923076924,0.9335399575387359,0.49572649572649574,0.7207940762206849,166.93103448275863,0.02346179851250845,True,260708_316_H_b2_front_CBS_016,249,58
3.146128035678238,3.963612982291675,0.6644518272425249,0.9676503498373717,0.32558139534883723,0.3492171868695715,182.06357142857144,0.006212885154061625,True,260708_316_H_b2_front_CBS_016,251,1400
2.8615344108590377,4.791258646930772,0.7825618945102261,0.9779768434997949,0.5466165413533834,0.3383235476916612,191.9229711141678,0.04725840817757639,True,260708_316_H_b2_front_CBS_016,252,727
3.2422929049829308,4.231297883906315,0.7533419577404054,0.9716718533707962,0.30079201101928377,0.3603190989524984,178.12593016599885,0.0031336633107736512,True,260708_316_H_b2_front_CBS_016,253,1747
3.730620797887283,2.3833419494558945,0.587823805880424,0.9077188685809792,0.3042715700141443,0.23795612462583343,212.84101896615843,0.010202057766208007,True,260708_316_H_b2_front_CBS_016,254,5378
2.496929648073215,1.4895359601472773,0.9401197604790419,0.741140437173179,0.6205533596837944,0.774972985501064,175.3535031847134,0.006269514175096791,True,260708_316_H_b2_front_CBS_016,255,314
3.2595938788859486,2.6945377617234425,0.7112676056338029,0.9285844490591256,0.45461365341335336,0.39481017031373034,178.5951595159516,0.0025841799866261135,True,260708_316_H_b2_front_CBS_016,256,1818
2.5888317255942073,3.109301869811093,0.8290598290598291,0.9468703200710885,0.5773809523809523,0.46918351144590104,171.41494845360825,0.008085708510208206,True,260708_316_H_b2_front_CBS_016,257,388
4.574297553357371,2.1719845417925927,0.33872860547410993,0.887707200918513,0.24720663030015547,0.07971703899682181,213.10366974922047,0.009161544318177662,True,260708_316_H_b2_front_CBS_016,258,37523
2.0043213737826426,1.5275280114223175,0.9351851851851852,0.7559299777371161,0.6558441558441559,0.8883228832058928,165.93069306930693,0.0020190254319549603,True,260708_316_H_b2_front_CBS_016,259,101
2.0293837776852097,1.4007819716934469,0.9553571428571429,0.7002609452318719,0.7642857142857142,0.9242375936242083,166.82242990654206,0.0033718160161260767,True,260708_316_H_b2_front_CBS_016,260,107
2.60422605308447,3.1566102466339223,0.9370629370629371,0.9484938562799163,0.5173745173745173,0.5882562069099276,188.1915422885572,0.028475270705297043,True,260708_316_H_b2_front_CBS_016,261,402
2.2355284469075487,2.121150241712795,0.9608938547486033,0.8818968958568772,0.7818181818181819,0.8055559866371492,173.55232558139534,0.0129046967624259,True,260708_316_H_b2_front_CBS_016,262,172
2.859138297294531,1.5062373420200525,0.961436170212766,0.747816040824068,0.7237237237237237,0.8216632234525018,179.28769017980636,0.00392156862745098,True,260708_316_H_b2_front_CBS_016,263,723
3.0655797147284485,2.945216000426836,0.9424635332252836,0.9405939008815187,0.48906644238856184,0.5791615944484699,195.34307824591573,0.013868797734054928,True,260708_316_H_b2_front_CBS_016,264,1163
2.0,1.7994577910910357,0.9615384615384616,0.8313675468422881,0.7407407407407407,0.9193856936786334,168.21,0.004274509803921569,True,260708_316_H_b2_front_CBS_016,265,100
2.8785217955012063,4.031098739741648,0.6517241379310345,0.9687417707514882,0.27855563743551953,0.3345661614960252,173.7010582010582,0.007697893972403776,True,260708_316_H_b2_front_CBS_016,266,756
2.7737864449811935,5.41590233122011,0.7235079171741778,0.982805951853442,0.27861163227016883,0.3411298477659261,175.72727272727272,0.010147223872714068,True,260708_316_H_b2_front_CBS_016,267,594
2.7101173651118162,1.59716087777559,0.9482439926062847,0.7797339361893089,0.6372670807453417,0.779987752916637,191.10916179337232,0.012743186943393341,True,260708_316_H_b2_front_CBS_016,268,513
2.093421685162235,2.911209386183579,0.9185185185185185,0.9391527299080379,0.5166666666666667,0.6683749847212825,177.95967741935485,0.06815306767868437,True,260708_316_H_b2_front_CBS_016,269,124
2.2833012287035497,2.0448978290354773,0.897196261682243,0.872271457760389,0.5333333333333333,0.6985641970610778,168.078125,0.004677287581699346,True,260708_316_H_b2_front_CBS_016,270,192
2.093421685162235,3.4810779435879438,0.9185185185185185,0.9578504453020118,0.4542124542124542,0.5964498462842551,171.7016129032258,0.040638836179633146,True,260708_316_H_b2_front_CBS_016,271,124
2.1172712956557644,2.324590522447631,0.9424460431654677,0.902741566883291,0.5137254901960784,0.7604535687308815,167.54961832061068,0.005478221823080377,True,260708_316_H_b2_front_CBS_016,272,131
3.0285712526925375,2.1533139986973477,0.9352014010507881,0.8856253258125318,0.7325102880658436,0.7073921431499566,209.7687265917603,0.014019240655063525,True,260708_316_H_b2_front_CBS_016,273,1068
2.294466226161593,1.8964747239782875,0.9516908212560387,0.8496828200631885,0.7462121212121212,0.8476551437669699,180.26395939086294,0.02211605454364487,True,260708_316_H_b2_front_CBS_016,274,197
2.996949248495381,1.6725921086079594,0.9101741521539871,0.801589797989041,0.614100185528757,0.6666776791674023,175.6696878147029,0.002274746756708726,True,260708_316_H_b2_front_CBS_016,275,993
2.8870543780509568,2.783063319185842,0.8014553014553014,0.9332158380045152,0.5195417789757413,0.47571988202334425,182.10376134889754,0.008199181099158211,True,260708_316_H_b2_front_CBS_016,277,771
3.2420442393695508,2.503427815085615,0.9499455930359086,0.916753979857352,0.6314647377938517,0.6098251611903752,177.6471935853379,0.0017631336612537341,True,260708_316_H_b2_front_CBS_016,278,1746
3.494432898726399,4.809291860452813,0.8544061302681992,0.9781435345123161,0.5514926691397279,0.3343424544621392,182.24695707879565,0.0055796309555212215,True,260708_316_H_b2_front_CBS_016,279,3122
3.2380461031287955,4.8511863678755915,0.6357956633590591,0.978523531884484,0.25314603453321627,0.2779603479523313,178.32832369942196,0.007795534398730591,True,260708_316_H_b2_front_CBS_016,280,1730
2.760422483423212,1.8078585686973052,0.9085173501577287,0.8330879067403391,0.5517241379310345,0.6893749700902485,176.93402777777777,0.0061546840958605666,True,260708_316_H_b2_front_CBS_016,281,576
3.4224256763712044,3.007232831018668,0.7881406436233611,0.9430921072776762,0.5212849822625147,0.37908473081059146,177.94177693761816,0.003100189035916824,True,260708_316_H_b2_front_CBS_016,282,2645
4.42458765366793,6.970325172043089,0.300036119012145,0.9896553436069303,0.13795143519936062,0.06748005496535131,198.24038823263862,0.007155070289345141,True,260708_316_H_b2_front_CBS_016,283,26582
2.816241299991783,2.2077060160839586,0.8473479948253557,0.8915314191067008,0.46987087517934,0.5923171720042204,168.8854961832061,0.001347103726986978,True,260708_316_H_b2_front_CBS_016,284,655
2.484299839346786,1.7097587847543358,0.8356164383561644,0.8111214023471197,0.5842911877394636,0.6086356685441102,170.22295081967212,0.007187399549983928,True,260708_316_H_b2_front_CBS_016,285,305
3.061829307294699,2.216351534582581,0.8889745566692367,0.8924269226977639,0.6641705069124424,0.5417462785825691,176.764960971379,0.004387531248405694,True,260708_316_H_b2_front_CBS_016,286,1153
3.793650717707173,3.77081647045944,0.4718470177568675,0.9641949218998533,0.3572741898414158,0.1389716078403245,192.26037311032485,0.008386783468614207,True,260708_316_H_b2_front_CBS_016,287,6218
3.1228709228644354,3.104141629755117,0.6476329917032699,0.9466885532490217,0.46807760141093474,0.33594953334667194,175.28259231348906,0.0075121533164886145,True,260708_316_H_b2_front_CBS_016,288,1327
3.5643109099606027,3.056373571744794,0.8624176857949201,0.9449602570303658,0.5556060606060607,0.5233389219342166,199.22525224979546,0.004352545490516905,True,260708_316_H_b2_front_CBS_016,289,3667
2.481442628502305,2.983668706227647,0.9181818181818182,0.9421619887486445,0.40185676392572944,0.5354642784856057,176.21452145214522,0.0182488837119006,True,260708_316_H_b2_front_CBS_016,290,303
2.3443922736851106,2.507778093004522,0.9020408163265307,0.9170555974430922,0.6820987654320988,0.6844534766909909,167.40271493212668,0.0017922100967083666,True,260708_316_H_b2_front_CBS_016,291,221
2.800717078282385,2.1602367687721333,0.9693251533742331,0.8864041267226381,0.8315789473684211,0.7642370598809526,204.75,0.023653512037726483,True,260708_316_H_b2_front_CBS_016,292,632
3.4019172505175748,2.8974133249894,0.9400149031296572,0.9385528932796166,0.6620309630018368,0.5390995886419038,220.5544986127626,0.015638090353065525,True,260708_316_H_b2_front_CBS_016,293,2523
4.613535277219241,3.3024963183292138,0.29134980988593157,0.9530537264180213,0.14037912035328057,0.0509562601096214,212.69915512161867,0.01534263239029877,True,260708_316_H_b2_front_CBS_016,294,41071
2.0681858617461617,2.1090666775865783,0.9212598425196851,0.8804476455879192,0.6882352941176471,0.8184194365171462,171.10256410256412,0.01558572146807441,True,260708_316_H_b2_front_CBS_016,295,117
4.024198232206868,3.838289934496734,0.832978807216576,0.9654650266390986,0.5485059140900602,0.37565242043216496,228.71531258866926,0.019973925444574877,True,260708_316_H_b2_front_CBS_016,296,10573
2.2405492482826,1.534290845927127,0.925531914893617,0.7584193418980718,0.6214285714285714,0.8180945180800213,171.3793103448276,0.005566824430921794,True,260708_316_H_b2_front_CBS_016,297,174
3.666798683666174,6.2406256617933975,0.6685385169186465,0.9870780274626881,0.48004549214226633,0.26582963992131203,191.934740469524,0.005575333730304528,True,260708_316_H_b2_front_CBS_016,298,4643
2.550228353055094,1.7744254478448136,0.9568733153638814,0.8260732902360419,0.7200811359026369,0.8290386147149034,181.67042253521126,0.010792598729632698,True,260708_316_H_b2_front_CBS_016,299,355
1.863322860120456,2.0239551560453672,0.9125,0.8694152547543252,0.5793650793650794,0.8315937045648574,168.15068493150685,0.012087026591458501,True,260708_316_H_b2_front_CBS_016,300,73
2.5658478186735176,2.332251842381235,0.7173489278752436,0.9034136086435728,0.48484848484848486,0.48548523549841893,170.7201086956522,0.006884057971014493,True,260708_316_H_b2_front_CBS_016,301,368
1.806179973983887,1.8797293119786946,0.9411764705882353,0.846749699225837,0.6464646464646465,0.9206366511368027,172.859375,0.04436274509803922,True,260708_316_H_b2_front_CBS_016,302,64
4.124014878887408,6.2963308036159695,0.6122308117062396,0.9873071269857939,0.4580034423407917,0.19203277130036506,231.22344983089064,0.0262752466638666,True,260708_316_H_b2_front_CBS_016,303,13305
2.496929648073215,1.6646927351828786,0.9101449275362319,0.7994659118941313,0.650103519668737,0.774972985501064,174.21656050955414,0.005595104283751717,True,260708_316_H_b2_front_CBS_016,304,314
2.0681858617461617,1.103855489334522,0.9669421487603306,0.42345811429495317,0.6923076923076923,1.0,171.2905982905983,0.004390816155522038,True,260708_316_H_b2_front_CBS_016,305,117
3.557266528869904,2.8864171622313655,0.8207461328480437,0.9380683406139774,0.5411729413529324,0.5245182820729666,220.43652993348115,0.018312247293595933,True,260708_316_H_b2_front_CBS_016,306,3608
4.060055364824845,6.808100147791013,0.5973262588431127,0.9891537458462794,0.34513540320399144,0.17729425496257153,204.4985630932683,0.01135216082427049,True,260708_316_H_b2_front_CBS_016,307,11483
2.8915374576725643,5.2929596629324855,0.9362980769230769,0.9819905164344586,0.43277777777777776,0.37355009597608607,175.85750962772786,0.008306275013214529,True,260708_316_H_b2_front_CBS_016,308,779
2.838849090737255,2.519822939358935,0.6983805668016194,0.9178820586992491,0.3885135135135135,0.4188364862965358,180.59855072463768,0.012611537368570618,True,260708_316_H_b2_front_CBS_016,309,690
4.046104787246039,3.1966273759112425,0.5252467998677436,0.9498092310954502,0.26143790849673204,0.23790119719771227,220.51861510791366,0.021117929186062912,True,260708_316_H_b2_front_CBS_016,310,11120
4.341691661573092,3.487165426340521,0.2880922398866677,0.9580006995280284,0.1636197032004291,0.08521770757733,211.06001001684652,0.016026240209693128,True,260708_316_H_b2_front_CBS_016,312,21963
3.934548947666147,2.4019245649794727,0.3993777860326895,0.9092122923425298,0.21075716736094094,0.13526617530356347,199.05243576328334,0.011204351523192697,True,260708_316_H_b2_front_CBS_016,314,8601
4.167140035508358,4.657686545284882,0.8397051260072004,0.976680295046438,0.35707516220747976,0.28945038775534854,233.13951272628285,0.01932094465661588,True,260708_316_H_b2_front_CBS_016,320,14694
3.9855162878527155,2.749851605295818,0.6686484618043553,0.9315333182557146,0.4165912908644528,0.3577137848697668,240.729735318445,0.03721232910037464,True,260708_316_H_b2_front_CBS_016,323,9672
4.594005601788341,3.0133966643802363,0.3609612149403837,0.94333166314717,0.25569809846314145,0.053826081557149665,198.9169744046861,0.014481489526919899,True,260708_316_H_b2_front_CBS_016,324,39265
4.32684769891599,4.740304202447975,0.5562835801336653,0.9774953583657525,0.3015771526001705,0.16833488070765476,219.63910482921082,0.01711282015750941,True,260708_316_H_b2_front_CBS_016,325,21225
4.215637563435061,5.739946649982959,0.5570435667062213,0.984707170395951,0.25713659697007635,0.19053792347780008,220.83645769933048,0.025950616399937943,True,260708_316_H_b2_front_CBS_016,328,16430
4.064907027159636,3.7971640496808443,0.7845415850280386,0.9646991451130325,0.38950758083993026,0.3202397761268026,220.3634171546676,0.01735527142307147,True,260708_316_H_b2_front_CBS_016,329,11612
2.444044795918076,3.5274038066040903,0.9205298013245033,0.9589738269164102,0.702020202020202,0.561604194786948,172.39928057553956,0.021230074763718437,True,260708_316_H_b2_front_CBS_016,330,278
1.6127838567197355,3.270568326252469,0.8541666666666666,0.952109499921925,0.4880952380952381,0.6785007967871353,168.09756097560975,0.03500717360114778,True,260708_316_H_b2_front_CBS_016,331,41
2.9175055095525466,3.822091181172965,0.5731115731115731,0.9651663818368814,0.3151676829268293,0.2935152409534104,177.22370012091898,0.017364914526874838,True,260708_316_H_b2_front_CBS_016,332,827
2.696356388733332,3.8373420582589297,0.7622699386503068,0.9654476579691136,0.5177083333333333,0.3842050659884483,172.6317907444668,0.08369432279954235,True,AS_24hr_BSE_Side_008,1,497
3.8923172607224803,3.2738228150046176,0.6653593656748231,0.9522070563936167,0.43500557413600893,0.15541778747138513,129.87019477191183,0.03451171345011608,True,AS_24hr_BSE_Side_008,2,7804
2.5809249756756194,4.38873423917305,0.6381909547738693,0.9736948104783776,0.3175,0.26144056890848805,183.8477690288714,0.10619113787247182,True,AS_24hr_BSE_Side_008,3,381
3.4496326504700745,7.220712009409643,0.6751378566291057,0.9903637624853703,0.27591612776797964,0.1489940966016068,170.99573863636363,0.07446802584670231,True,AS_24hr_BSE_Side_008,4,2816
3.3896975482063856,10.587038376578077,0.37149780402847193,0.995529120595849,0.1481280193236715,0.07324913790531754,166.46677537708928,0.12659488581408918,True,AS_24hr_BSE_Side_008,5,2453
2.456366033129043,5.334166820218806,0.7922437673130194,0.9822701948940327,0.6485260770975056,0.30053559335806007,164.47552447552448,0.11054435760318114,False,AS_24hr_BSE_Side_008,6,286
1.6989700043360187,3.1713558467737752,0.8064516129032258,0.9489845583356756,0.5555555555555556,0.5732587073405916,186.74,0.1796078431372549,False,AS_24hr_BSE_Side_008,7,50
3.5272431163880884,8.578518250296227,0.5522388059701493,0.9931824491395126,0.12777018822100789,0.11389539836885716,177.998217998218,0.09757449757449758,True,AS_24hr_BSE_Side_008,8,3367
2.69196510276736,13.405583227327849,0.5087900723888314,0.9972138531464844,0.18923076923076923,0.11007705075694767,166.33130081300814,0.14339231627610394,True,AS_24hr_BSE_Side_008,9,492
1.8864907251724818,3.044670368117625,0.7,0.944523869598723,0.42777777777777776,0.4379174091918747,174.5194805194805,0.31861471861471863,False,AS_24hr_BSE_Side_008,10,77
3.5901728315963144,17.026424254566347,0.5122400631745196,0.9982737721840668,0.09985632183908046,0.05523312132059267,171.29727646454265,0.11033291014247426,True,AS_24hr_BSE_Side_008,11,3892
2.287801729930226,2.382842397724172,0.8546255506607929,0.9076782039980757,0.6217948717948718,0.6167709018617464,185.06701030927834,0.07434808975136446,False,AS_24hr_BSE_Side_008,12,194
3.88320703335239,14.17420101700994,0.3843677698420682,0.9975081938386721,0.08980023501762632,0.0475637184882009,195.1473436273227,0.04413432475842993,True,AS_24hr_BSE_Side_008,13,7642
2.791690649020118,4.991108629409313,0.4554819720382634,0.9797231025640591,0.2218637992831541,0.1752952504237942,197.1599353796446,0.10869523900028509,True,AS_24hr_BSE_Side_008,14,619
3.2962262872611605,2.3717759420758173,0.7240117130307467,0.9067702964929938,0.4337719298245614,0.3089069755294718,161.07987866531852,0.012692559329090584,True,AS_24hr_BSE_Side_008,15,1978
1.7634279935629373,2.085035783384832,0.9354838709677419,0.8774828167248417,0.6373626373626373,0.8152863159771818,167.10344827586206,0.03901284651791751,False,AS_24hr_BSE_Side_008,16,58
4.5578559410728055,30.131680500254273,0.1888130526579844,0.9994491378517012,0.02353674648404825,0.008047295954769804,172.15433585208558,0.08339615289222335,True,AS_24hr_BSE_Side_008,17,36129
2.8228216453031045,6.329840971618261,0.5569514237855946,0.9874420157238466,0.22151898734177214,0.19858349487196167,204.61654135338347,0.11917440660474715,True,AS_24hr_BSE_Side_008,18,665
1.8808135922807914,1.3127128830152586,0.95,0.6478343907566672,0.6909090909090909,0.9106293695844325,130.23684210526315,0.025851393188854488,False,AS_24hr_BSE_Side_008,19,76
2.1760912590556813,4.695684417171405,0.746268656716418,0.9770605913894542,0.5208333333333334,0.36667488738275317,186.84666666666666,0.19087581699346404,False,AS_24hr_BSE_Side_008,20,150
2.2329961103921536,2.5917611316048106,0.6602316602316602,0.9225665381746326,0.3717391304347826,0.431143087796123,141.23976608187135,0.023323013415892675,False,AS_24hr_BSE_Side_008,21,171
1.806179973983887,2.099455229670571,0.927536231884058,0.8792752335400303,0.5925925925925926,0.8711195311713982,194.1875,0.2025122549019608,False,AS_24hr_BSE_Side_008,22,64
1.6434526764861874,1.3781207393372716,0.8148148148148148,0.6880895003130325,0.5,0.844224699574431,149.1818181818182,0.14233511586452763,False,AS_24hr_BSE_Side_008,23,44
2.7752462597402365,2.3200866876051482,0.6300211416490487,0.9023431487880434,0.3378684807256236,0.30656596284571236,151.16107382550337,0.037037768127385184,False,AS_24hr_BSE_Side_008,24,596
2.305351369446624,1.9414047666351275,0.8523206751054853,0.8571355358414023,0.6121212121212121,0.6690033556247194,148.66336633663366,0.046476412347117066,False,AS_24hr_BSE_Side_008,25,202
2.2833012287035497,2.140876338171483,0.48854961832061067,0.8842053191348905,0.28785607196401797,0.2632226152545462,138.78645833333334,0.07348856209150326,False,AS_24hr_BSE_Side_008,26,192
1.7634279935629373,3.1675202271186205,0.5631067961165048,0.9488576006601622,0.4027777777777778,0.45071344731276664,175.94827586206895,0.27315753887762007,False,AS_24hr_BSE_Side_008,27,58
2.0453229787866576,10.133187123556892,0.5467980295566502,0.9951186590346027,0.29210526315789476,0.22579279331993973,139.24324324324326,0.12181593358063945,False,AS_24hr_BSE_Side_008,28,111
1.8808135922807914,1.8260107105346421,0.9382716049382716,0.836712814728771,0.5846153846153846,0.8971355558430814,129.8684210526316,0.02714138286893705,False,AS_24hr_BSE_Side_008,29,76
2.0827853703164503,2.9539262899809167,0.852112676056338,0.9409547057687001,0.4801587301587302,0.5525956655929335,170.02479338842974,0.0903905363798412,False,AS_24hr_BSE_Side_008,30,121
2.9439888750737717,2.9062942154959317,0.6684410646387833,0.9389400471998357,0.48296703296703297,0.3264034175200558,173.64846416382252,0.0672288027839122,True,AS_24hr_BSE_Side_008,31,879
2.696356388733332,1.7254825183713216,0.5881656804733728,0.8149380817636405,0.4760536398467433,0.29695058020752696,142.16901408450704,0.025004931550084823,False,AS_24hr_BSE_Side_008,32,497
2.27415784926368,4.040744418738838,0.6025641025641025,0.9688932188815366,0.47474747474747475,0.3218991546195541,164.4627659574468,0.1420317062995411,False,AS_24hr_BSE_Side_008,33,188
1.8808135922807914,5.498279143805288,0.76,0.9833216424812085,0.5507246376811594,0.4150245905572914,180.47368421052633,0.2629514963880289,False,AS_24hr_BSE_Side_008,34,76
4.252367514459899,4.421776291632931,0.4190395837727624,0.9740916862993648,0.24516659810777458,0.037294262670088923,157.44312080536912,0.03330942667894898,True,AS_24hr_BSE_Side_008,35,17880
2.1931245983544616,4.48280357397037,0.7959183673469388,0.9748013563965088,0.5777777777777777,0.4494681139621476,209.82692307692307,0.2057315233785822,False,AS_24hr_BSE_Side_008,36,156
2.8048206787211623,1.1949120760317988,0.5251028806584362,0.5473838594605172,0.30673076923076925,0.21234705328759798,138.26959247648904,0.018095764951748725,False,AS_24hr_BSE_Side_008,37,638
2.271841606536499,2.048719491992335,0.7164750957854407,0.8727822480122226,0.3995726495726496,0.4714839615080408,162.36363636363637,0.08109468386284996,False,AS_24hr_BSE_Side_008,38,187
3.6514718521990424,2.3081956126016685,0.42171622130222053,0.9012791485703285,0.3021640935751365,0.0990745931558095,157.0901383311022,0.04142758397424119,True,AS_24hr_BSE_Side_008,39,4482
1.8195439355418688,1.6648970563989738,0.8918918918918919,0.7995212999684534,0.6666666666666666,0.864680382642923,123.15151515151516,0.01461675579322638,False,AS_24hr_BSE_Side_008,40,66
2.0969100130080562,8.00153705902956,0.628140703517588,0.9921597665733547,0.4699248120300752,0.24579857466177177,150.24,0.10239999999999999,False,AS_24hr_BSE_Side_008,41,125
1.7160033436347992,1.2503154614348697,0.8813559322033898,0.6002690315727466,0.6419753086419753,0.8983243900646514,124.76923076923077,0.02171945701357466,False,AS_24hr_BSE_Side_008,42,52
2.423245873936808,1.8583062415612166,0.8439490445859873,0.8428654046236425,0.5578947368421052,0.6391115449591755,151.12830188679246,0.062138364779874215,False,AS_24hr_BSE_Side_008,43,265
2.482873583608754,1.7855422570674666,0.7203791469194313,0.8284561360156488,0.48253968253968255,0.4795346066722515,170.0328947368421,0.05316047471620227,False,AS_24hr_BSE_Side_008,44,304
1.9084850188786497,1.6207603454956467,0.7570093457943925,0.7869675683915214,0.47928994082840237,0.5538430970114205,160.1851851851852,0.0991043330912612,False,AS_24hr_BSE_Side_008,45,81
2.1702617153949575,2.100142605360749,0.8409090909090909,0.879359667153807,0.4625,0.560605143250643,150.51351351351352,0.050370959194488606,False,AS_24hr_BSE_Side_008,46,148
2.3502480183341627,6.9355831943199595,0.5503685503685504,0.9895508978503643,0.17582417582417584,0.1985963143447344,143.61160714285714,0.07659313725490197,True,AS_24hr_BSE_Side_008,47,224
1.8325089127062364,4.2970464218130235,0.8095238095238095,0.9725442600746722,0.4722222222222222,0.5239422410296997,184.91176470588235,0.2534025374855825,False,AS_24hr_BSE_Side_008,48,68
2.767897616018091,1.476839527864929,0.861764705882353,0.735871107945573,0.6123301985370951,0.5434738332489019,166.61092150170649,0.030542729037007294,False,AS_24hr_BSE_Side_008,49,586
1.792391689498254,1.8470765574661894,0.8732394366197183,0.8407676784095364,0.5961538461538461,0.8122755109675943,192.29032258064515,0.19797596457938013,False,AS_24hr_BSE_Side_008,50,62
1.724275869600789,1.069341170615376,0.8548387096774194,0.3542381620276031,0.5888888888888889,0.904060930003328,134.1320754716981,0.03951165371809101,False,AS_24hr_BSE_Side_008,51,53
2.4771212547196626,1.9171034816883357,0.8426966292134831,0.8531777736040085,0.4830917874396135,0.6210490311945875,153.01666666666668,0.025830065359477124,False,AS_24hr_BSE_Side_008,52,300
2.2833012287035497,4.67002171249581,0.7741935483870968,0.9768047842193468,0.39183673469387753,0.3831411421654727,207.0625,0.20870098039215687,False,AS_24hr_BSE_Side_008,53,192
1.9590413923210936,2.40067401159381,0.8666666666666667,0.9091129528708304,0.5,0.7132269542437409,154.45054945054946,0.058134022839905194,False,AS_24hr_BSE_Side_008,54,91
2.0253058652647704,2.107160801522706,0.9137931034482759,0.8802165635565572,0.6928104575163399,0.7713313009216068,161.56603773584905,0.06252312245652979,False,AS_24hr_BSE_Side_008,55,106
2.3138672203691533,3.862777924978767,0.7545787545787546,0.9659092103501395,0.40234375,0.42349073212386945,191.1359223300971,0.12788882543308583,False,AS_24hr_BSE_Side_008,56,206
1.6901960800285136,1.6370853243360208,0.98,0.7917527420402535,0.8166666666666667,1.0,197.3469387755102,0.1667066826730692,False,AS_24hr_BSE_Side_008,57,49
2.2041199826559246,2.584532619398807,0.8465608465608465,0.9221144818256944,0.6956521739130435,0.6090618924567516,135.29375,0.022401960784313727,False,AS_24hr_BSE_Side_008,58,160
1.7853298350107671,2.2027543794866613,0.953125,0.891013362027416,0.782051282051282,0.8920684284893379,200.19672131147541,0.2028286724525876,False,AS_24hr_BSE_Side_008,59,61
2.890979596989689,1.6241893596162547,0.6587637595258256,0.7879870942843182,0.4675480769230769,0.31800715604352886,126.44730077120822,0.016094561217803317,False,AS_24hr_BSE_Side_008,60,778
3.742568034366142,18.432210909801874,0.3776472195655144,0.9985272295294746,0.07958079004952205,0.035119740147008825,181.19518813314036,0.09249666581538549,True,AS_24hr_BSE_Side_008,61,5528
2.315970345456918,2.2257815991972048,0.7781954887218046,0.8933908110288208,0.6369230769230769,0.5332907267094297,141.52657004830917,0.024703987875343374,False,AS_24hr_BSE_Side_008,62,207
1.9444826721501687,3.87612875601192,0.6666666666666666,0.9661477563346983,0.4444444444444444,0.4104537668519889,127.94318181818181,0.03311051693404635,False,AS_24hr_BSE_Side_008,63,88
1.9637878273455553,1.901555536952895,0.8761904761904762,0.8505555295081507,0.5476190476190477,0.7210646130815842,137.2173913043478,0.018670076726342712,False,AS_24hr_BSE_Side_008,64,92
2.9079485216122722,3.2255918879948995,0.5673211781206171,0.9507298325996191,0.3525054466230937,0.15082529296167538,142.38442521631643,0.04939043602607916,True,AS_24hr_BSE_Side_008,65,809
1.7075701760979363,2.27179704640608,0.5930232558139535,0.8979094730816677,0.3923076923076923,0.4841061741778313,144.52941176470588,0.1430219146482122,False,AS_24hr_BSE_Side_008,66,51
2.1271047983648077,4.298471720216591,0.7745664739884393,0.9725627215382865,0.5317460317460317,0.42932448959983655,208.2537313432836,0.2549019607843137,False,AS_24hr_BSE_Side_008,67,134
1.968482948553935,1.9335373198918253,0.96875,0.855872538848313,0.7265625,0.8827818470301629,173.4731182795699,0.15112797807294961,False,AS_24hr_BSE_Side_008,68,93
3.7445276734725668,4.657823958805596,0.5107615894039735,0.9766816873910522,0.29660292703770963,0.1502677791208033,162.73887988474698,0.05035751739918009,True,AS_24hr_BSE_Side_008,69,5553
1.8129133566428555,3.2625526914845433,0.8904109589041096,0.9518679342019228,0.5078125,0.6373554087436126,142.1076923076923,0.06057315233785822,False,AS_24hr_BSE_Side_008,70,65
1.845098040014257,1.282128950812628,0.7291666666666666,0.6258384048888981,0.5303030303030303,0.5895444673700829,138.02857142857144,0.05535014005602241,False,AS_24hr_BSE_Side_008,71,70
1.662757831681574,2.4997037835747045,0.8214285714285714,0.9164944503693108,0.4423076923076923,0.6509754500170971,150.3913043478261,0.12728047740835466,False,AS_24hr_BSE_Side_008,72,46
4.1675240924202095,13.329866236337848,0.7256624068683081,0.9971820663727768,0.1494735344336938,0.11449401060587416,117.45957707214252,0.053720983871892405,True,AS_24hr_BSE_Side_008,73,14707
2.173186268412274,4.367330316256297,0.8232044198895028,0.973432812905156,0.4281609195402299,0.4337958822013318,189.60402684563758,0.1520726411369917,False,AS_24hr_BSE_Side_008,74,149
1.792391689498254,3.011196162069586,0.8051948051948052,0.9432463169714961,0.5166666666666667,0.5807496647849216,150.29032258064515,0.06565464895635674,False,AS_24hr_BSE_Side_008,75,62
1.806179973983887,2.915935112982971,0.8533333333333334,0.9393561568861775,0.45714285714285713,0.6486027213292533,162.5625,0.13014705882352942,False,AS_24hr_BSE_Side_008,76,64
1.9867717342662448,4.613024882308405,0.6139240506329114,0.9762210383041547,0.3233333333333333,0.332724334048115,149.24742268041237,0.12140691328077623,False,AS_24hr_BSE_Side_008,77,97
3.0350292822023683,1.6220169725945972,0.5894507884719956,0.7873420969959734,0.37625824366539395,0.2617938585072161,167.84132841328415,0.038199117285290504,True,AS_24hr_BSE_Side_008,78,1084
2.3502480183341627,2.005146150654028,0.6686567164179105,0.8667650137765177,0.4148148148148148,0.426343324719726,166.97321428571428,0.0857843137254902,False,AS_24hr_BSE_Side_008,79,224
2.2624510897304293,1.4725741539375456,0.782051282051282,0.734061542056424,0.4621212121212121,0.5685573963292471,169.38251366120218,0.04626593806921676,False,AS_24hr_BSE_Side_008,80,183
1.8976270912904414,2.0276233670294914,0.7452830188679245,0.8699226171406936,0.47878787878787876,0.5463348700734777,131.69620253164558,0.02705385951849094,False,AS_24hr_BSE_Side_008,81,79
3.2600713879850747,1.202349001367611,0.8633776091081594,0.5552173853402612,0.6275862068965518,0.5856107782752893,166.4346153846154,0.011626804567981038,True,AS_24hr_BSE_Side_008,82,1820
2.1367205671564067,3.112543931435892,0.7486338797814208,0.9469840401559682,0.5074074074074074,0.49675415509438936,196.92700729927006,0.1770430800057249,False,AS_24hr_BSE_Side_008,83,137
2.912753303671323,7.44902248448491,0.5789101203113942,0.9909480635012687,0.24817961165048544,0.1738844542298356,213.3276283618582,0.15714559662495806,True,AS_24hr_BSE_Side_008,84,818
3.906765889540728,5.794500568338121,0.31424787722988234,0.9849959551290531,0.17936063314214576,0.08582645943303036,143.93182944967774,0.07425413397882702,True,AS_24hr_BSE_Side_008,85,8068
3.2234959409623944,17.467761086987487,0.6456966422230799,0.9983599700020176,0.14393874214918695,0.10178539448072786,212.94261805140465,0.1326113709081959,True,AS_24hr_BSE_Side_008,86,1673
1.6901960800285136,1.1455383930761587,0.9423076923076923,0.4878061637774368,0.6805555555555556,1.0,154.3469387755102,0.05018007202881153,False,AS_24hr_BSE_Side_008,87,49
3.4838724542226736,6.292921295533182,0.3844794952681388,0.9872932807170289,0.1496708910502014,0.06205774685488243,153.44338693797178,0.1122737247179804,True,AS_24hr_BSE_Side_008,88,3047
1.6720978579357175,1.6895798520797587,0.9215686274509803,0.8060384910810812,0.6527777777777778,0.9659006882058301,133.5744680851064,0.02494785148101794,False,AS_24hr_BSE_Side_008,89,47
1.8808135922807914,3.091591372342698,0.5757575757575758,0.9462425240437065,0.3140495867768595,0.3544827986448994,145.67105263157896,0.1331269349845201,False,AS_24hr_BSE_Side_008,90,76
3.5519376953648374,10.564057500856485,0.43231441048034935,0.9955096037670004,0.10557184750733138,0.03277487572746302,178.94949494949495,0.11763385488875686,True,AS_24hr_BSE_Side_008,91,3564
3.2893659515200318,7.179157384825789,0.6781609195402298,0.9902513354303796,0.19204971394752415,0.201363910263123,185.47560349255264,0.09784384221074152,True,AS_24hr_BSE_Side_008,92,1947
2.705007959333336,2.833832510610122,0.6369346733668342,0.9356689622957259,0.3339920948616601,0.3099675301646011,167.27021696252464,0.06729318946513517,True,AS_24hr_BSE_Side_008,93,507
1.954242509439325,1.7988197593046398,0.9090909090909091,0.8312357546418465,0.5454545454545454,0.8319643927126142,151.2,0.047407407407407405,False,AS_24hr_BSE_Side_008,94,90
3.3100557377508912,16.387547480382622,0.3525552486187845,0.9981364247361458,0.07533943329397876,0.06264835459770059,158.39373163565133,0.11603387682203145,True,AS_24hr_BSE_Side_008,95,2042
1.9822712330395684,2.9665489704600914,0.8,0.9414717025043373,0.4444444444444444,0.5001422057018666,165.47916666666666,0.16580882352941176,False,AS_24hr_BSE_Side_008,96,96
2.0492180226701815,2.078096189854143,0.8296296296296296,0.8766055241929007,0.6222222222222222,0.6639364243680745,129.91964285714286,0.01876750700280112,False,AS_24hr_BSE_Side_008,97,112
1.6532125137753437,1.959797072856897,0.9375,0.8600220259273696,0.6818181818181818,0.924798531260901,162.13333333333333,0.10997821350762527,False,AS_24hr_BSE_Side_008,98,45
2.103803720955957,1.227479864375446,0.8639455782312925,0.5799145390413833,0.6047619047619047,0.7528564812030845,186.63779527559055,0.07716535433070866,False,AS_24hr_BSE_Side_008,99,127
2.7810369386211318,5.710258331010827,0.45379413974455296,0.9845464873764763,0.2288745737021599,0.11320397633833953,168.24006622516555,0.13681340085703156,True,AS_24hr_BSE_Side_008,100,604
1.6232492903979006,3.471052035222022,0.875,0.9576012036180908,0.46153846153846156,0.6288474318614219,181.0,0.3215686274509804,False,AS_24hr_BSE_Side_008,101,42
1.7781512503836436,1.4732793720392368,0.9523809523809523,0.7343621210751742,0.6818181818181818,0.9929279952982464,143.05,0.04294117647058823,False,AS_24hr_BSE_Side_008,102,60
4.266255222297651,6.53903672044982,0.268379199558056,0.9882373760203832,0.14885502338332526,0.03522000978267901,146.50750230215047,0.047736670097322284,True,AS_24hr_BSE_Side_008,103,18461
1.8573324964312685,1.144145014177385,0.8089887640449438,0.48589878984297524,0.5454545454545454,0.7059936835313868,155.45833333333334,0.09242919389978213,False,AS_24hr_BSE_Side_008,104,72
3.7693773260761385,11.324907272711782,0.5412371134020618,0.9960938426342275,0.14996939400122425,0.10497306355281798,165.059693877551,0.08002000800320129,True,AS_24hr_BSE_Side_008,105,5880
2.143014800254095,1.7142628625066059,0.972027972027972,0.8122272773652134,0.8176470588235294,0.9207075884340196,164.35971223021582,0.033939906898011005,False,AS_24hr_BSE_Side_008,106,139
2.220108088040055,1.7981883096319284,0.7757009345794392,0.8311051632890498,0.526984126984127,0.5541320008806577,145.48192771084337,0.07965981573352232,False,AS_24hr_BSE_Side_008,107,166
2.60422605308447,5.515137754193602,0.6017964071856288,0.9834243091071506,0.366120218579235,0.2348133958555391,184.97512437810946,0.13462101258413814,True,AS_24hr_BSE_Side_008,108,402
2.0253058652647704,6.30374550350409,0.6708860759493671,0.9873371604523051,0.45689655172413796,0.3141842008170352,177.33018867924528,0.29108398076211617,False,AS_24hr_BSE_Side_008,109,106
1.9138138523837167,1.2078832867681555,0.9213483146067416,0.5608837674418028,0.6212121212121212,0.9341189558125795,176.2439024390244,0.06413199426111908,False,AS_24hr_BSE_Side_008,110,82
1.6812412373755872,3.5663369569268593,0.7272727272727273,0.9598833152036832,0.36923076923076925,0.5619163767497816,132.70833333333334,0.06168300653594771,False,AS_24hr_BSE_Side_008,111,48
1.8976270912904414,2.281391450947939,0.8777777777777778,0.8988146085572902,0.5642857142857143,0.7746319583191601,183.79746835443038,0.1251427153139737,False,AS_24hr_BSE_Side_008,112,79
2.041392685158225,2.1814499130166083,0.8661417322834646,0.8887404696589023,0.5263157894736842,0.6452614043446689,135.65454545454546,0.0396078431372549,False,AS_24hr_BSE_Side_008,113,110
2.673020907128896,5.935540208846263,0.5587188612099644,0.9857056429023378,0.2389649923896499,0.19230052248706012,142.1932059447983,0.06614212564006496,True,AS_24hr_BSE_Side_008,114,471
1.8512583487190752,1.3271319786052738,0.9594594594594594,0.6574426783643821,0.8068181818181818,1.0,170.61971830985917,0.04391052195526098,False,AS_24hr_BSE_Side_008,115,71
3.78511619502192,3.752807029684827,0.4055474258347745,0.9638439856503351,0.29482591876208897,0.0792291958405838,161.81089060193537,0.05062277494235352,True,AS_24hr_BSE_Side_008,116,6097
1.6901960800285136,2.6281745169495894,0.7205882352941176,0.9247841142258882,0.4375,0.5581930345709317,195.42857142857142,0.28691476590636256,False,AS_24hr_BSE_Side_008,117,49
2.506505032404872,6.411704914309857,0.5376884422110553,0.9877626205324822,0.2391952309985097,0.20175982505832638,182.05295950155764,0.16707592694398632,True,AS_24hr_BSE_Side_008,118,321
1.9242792860618816,2.5149968071944997,0.6774193548387096,0.9175524267307937,0.49411764705882355,0.5242952152770513,162.17857142857142,0.1360877684407096,False,AS_24hr_BSE_Side_008,119,84
2.292256071356476,3.828539843471948,0.6405228758169934,0.9652857365101839,0.2873900293255132,0.31398358194614906,144.4591836734694,0.07444977991196479,False,AS_24hr_BSE_Side_008,120,196
1.9867717342662448,3.330221865263865,0.8083333333333333,0.9538510078503547,0.39271255060728744,0.5228417219190677,144.43298969072166,0.06371538306044067,False,AS_24hr_BSE_Side_008,121,97
2.0681858617461617,2.0316710529812774,0.65,0.8704789395284976,0.40484429065743943,0.38793949330847977,128.82905982905982,0.03271325624266801,False,AS_24hr_BSE_Side_008,122,117
1.9030899869919435,2.476591645481196,0.547945205479452,0.914855789937534,0.3333333333333333,0.32405079328088915,146.6625,0.1628921568627451,False,AS_24hr_BSE_Side_008,123,80
2.2121876044039577,1.8191802204468863,0.7874396135265701,0.835363361006263,0.5970695970695971,0.6279601859400075,185.38036809815952,0.0762901479610249,False,AS_24hr_BSE_Side_008,124,163
1.9912260756924949,2.5214188028760725,0.7424242424242424,0.9179906164127488,0.4083333333333333,0.5565077361728507,181.55102040816325,0.13997599039615846,False,AS_24hr_BSE_Side_008,125,98
2.708420900134713,2.021893109982919,0.8825561312607945,0.8691287023072574,0.6636363636363637,0.6871568573163441,181.86301369863014,0.018502743563178697,False,AS_24hr_BSE_Side_008,126,511
1.6532125137753437,4.568711326942399,0.7142857142857143,0.9757517620113288,0.35714285714285715,0.6056468309725418,171.06666666666666,0.2734640522875817,False,AS_24hr_BSE_Side_008,127,45
1.8808135922807914,1.1805572639021418,0.95,0.5315011063459967,0.6333333333333333,0.9695838678911524,169.96052631578948,0.04943240454076367,False,AS_24hr_BSE_Side_008,128,76
1.724275869600789,3.306038041946867,0.8412698412698413,0.9531567291147393,0.5047619047619047,0.6063519146137611,143.41509433962264,0.09959304476507584,False,AS_24hr_BSE_Side_008,129,53
2.8363241157067516,10.80583022207033,0.6345975948196114,0.9957087228419008,0.2020618556701031,0.1695575132695879,211.71137026239066,0.14015320413879837,True,AS_24hr_BSE_Side_008,130,686
1.8129133566428555,2.425251713438066,0.9027777777777778,0.9110353146183812,0.49242424242424243,0.7672869885500038,153.63076923076923,0.0866365007541478,False,AS_24hr_BSE_Side_008,131,65
2.250420002308894,4.9214697797484686,0.6033898305084746,0.9791390517161037,0.3172905525846702,0.28078013153835785,143.7808988764045,0.06970698391716236,False,AS_24hr_BSE_Side_008,132,178
2.4313637641589874,3.3713477677587926,0.6040268456375839,0.9549964345751262,0.36585365853658536,0.23285322048354357,140.4814814814815,0.06813362381989832,False,AS_24hr_BSE_Side_008,133,270
2.611723308007342,2.6427914250329962,0.6206373292867982,0.9256471694504211,0.40575396825396826,0.27935735191130157,159.08312958435206,0.07079917541588764,False,AS_24hr_BSE_Side_008,134,409
1.9395192526186185,2.5793844260360013,0.925531914893617,0.9217900678992561,0.5272727272727272,0.7554589477375957,197.67816091954023,0.11990083389677711,False,AS_24hr_BSE_Side_008,135,87
3.576916955965207,6.655368174418364,0.6905066764221693,0.9886473288594119,0.253781512605042,0.23194220699375215,132.06940397350994,0.06088040514218933,True,AS_24hr_BSE_Side_008,136,3775
3.0542299098633974,6.726144842817739,0.819233550253073,0.9888863271810601,0.21729957805907174,0.28399182422051583,219.64254192409533,0.04815949327656924,True,AS_24hr_BSE_Side_008,137,1133
2.3961993470957363,1.4700311760073477,0.939622641509434,0.732973046106896,0.7410714285714286,0.8679690816632134,178.83132530120483,0.03250649657453343,False,AS_24hr_BSE_Side_008,138,249
2.0453229787866576,1.7427120202223472,0.7708333333333334,0.8189826559480401,0.5138888888888888,0.5647373949699331,139.54954954954954,0.04847200141317788,False,AS_24hr_BSE_Side_008,139,111
2.9390197764486663,12.103938379399434,0.39214801444043323,0.9965813110336311,0.08509596553074814,0.08394497288944615,162.07249712313003,0.1307836368149101,True,AS_24hr_BSE_Side_008,140,869
1.8808135922807914,3.966872420178511,0.5801526717557252,0.9677043758544208,0.33043478260869563,0.31721420190972605,176.3815789473684,0.3062435500515996,False,AS_24hr_BSE_Side_008,141,76
2.727541257028556,1.3627328129147998,0.4107692307692308,0.6793444236956477,0.2483720930232558,0.15852122678471098,168.91011235955057,0.12421972534332085,True,AS_24hr_BSE_Side_008,142,534
1.7781512503836436,2.2262998598446195,0.8695652173913043,0.893443399998575,0.5555555555555556,0.7860730751299302,156.6,0.10111111111111112,False,AS_24hr_BSE_Side_008,143,60
3.727947709544797,14.224796779182206,0.5041977171964909,0.99752591032184,0.12182336182336183,0.09105021559066712,178.15266604303088,0.07680918578844073,True,AS_24hr_BSE_Side_008,144,5345
2.2013971243204513,3.502743410159037,0.48328267477203646,0.958381536298635,0.2564516129032258,0.2545419403208401,140.44654088050314,0.06466888642249352,False,AS_24hr_BSE_Side_008,145,159
1.9084850188786497,4.3916432717975225,0.8350515463917526,0.973730118093077,0.6428571428571429,0.47734333181470173,199.20987654320987,0.2579036552892762,False,AS_24hr_BSE_Side_008,146,81
2.255272505103306,3.568060253169831,0.6593406593406593,0.959922865590322,0.30612244897959184,0.3357168692092613,155.00555555555556,0.09806100217864924,False,AS_24hr_BSE_Side_008,147,180
2.0530784434834195,1.6245877760614051,0.7847222222222222,0.7881050491574244,0.5044642857142857,0.5749128435279499,153.05309734513276,0.046087107409335415,False,AS_24hr_BSE_Side_008,148,113
2.0211892990699383,5.33545991976777,0.8203125,0.98227886533922,0.5769230769230769,0.4150261287556524,196.31428571428572,0.3042763772175537,False,AS_24hr_BSE_Side_008,149,105
1.9030899869919435,3.230167344077124,0.898876404494382,0.9508729172472731,0.7407407407407407,0.6060596143250195,192.3625,0.23117647058823532,False,AS_24hr_BSE_Side_008,150,80
2.0293837776852097,3.4517452011343126,0.5944444444444444,0.9571149211935968,0.2681704260651629,0.34812569635044827,153.52336448598132,0.17320872274143304,False,AS_24hr_BSE_Side_008,151,107
2.404833716619938,7.671775796074076,0.7134831460674157,0.9914683153555519,0.2906178489702517,0.27746603656482455,194.46456692913387,0.16572487262621582,True,AS_24hr_BSE_Side_008,152,254
1.6127838567197355,2.46943458982602,0.8913043478260869,0.9143383890871952,0.6833333333333333,0.842594217371043,134.26829268292684,0.062649450023912,False,AS_24hr_BSE_Side_008,153,41
1.8692317197309762,1.5596802591024352,0.8505747126436781,0.7674096899276787,0.5174825174825175,0.725604619185036,165.8918918918919,0.09167991520932697,False,AS_24hr_BSE_Side_008,154,74
2.0492180226701815,2.6331458304051614,0.7832167832167832,0.9250793493294998,0.4117647058823529,0.5101103649519205,145.63392857142858,0.05381652661064426,False,AS_24hr_BSE_Side_008,155,112
1.6901960800285136,1.5974186922370843,0.8032786885245902,0.7798150672413211,0.49,0.6934303706703862,171.9591836734694,0.29643857543017205,False,AS_24hr_BSE_Side_008,156,49
4.293141483450931,6.326333437852668,0.3617742410845859,0.9874279980470853,0.3030864197530864,0.060429036256983,148.91659877800407,0.037182420829839066,True,AS_24hr_BSE_Side_008,157,19640
2.305351369446624,2.7648881225209254,0.8744588744588745,0.9323029640018244,0.4622425629290618,0.6161845989523032,166.3019801980198,0.0537953795379538,False,AS_24hr_BSE_Side_008,158,202
2.1789769472931693,1.1881547222382123,0.9556962025316456,0.5400370752012578,0.6711111111111111,0.9675820586503778,209.79470198675497,0.05653811193351513,False,AS_24hr_BSE_Side_008,159,151
2.9395192526186187,11.692984291482524,0.4667381974248927,0.9963363366854923,0.29322548028311424,0.11840437153738242,199.79885057471265,0.1683750281721884,True,AS_24hr_BSE_Side_008,160,870
2.292256071356476,2.682163129808149,0.9074074074074074,0.9278983002343698,0.5226666666666666,0.6265443875792128,209.0408163265306,0.09761904761904762,False,AS_24hr_BSE_Side_008,161,196
1.99563519459755,2.920015830011766,0.9166666666666666,0.9395309890347123,0.7071428571428572,0.6557557644242298,211.40404040404042,0.21291344820756586,False,AS_24hr_BSE_Side_008,162,99
2.496929648073215,1.4530016095115947,0.5678119349005425,0.7254921100943367,0.3420479302832244,0.31522243616073414,146.48726114649682,0.05796178343949045,False,AS_24hr_BSE_Side_008,163,314
2.8432327780980096,6.200798320314786,0.7710176991150443,0.9869103960793489,0.33851384167071397,0.30421104584225916,206.99856527977045,0.1191211635299744,True,AS_24hr_BSE_Side_008,164,697
3.089551882886454,20.19652966282878,0.421034600890716,0.998773456590966,0.07319397296170567,0.06703918970329964,169.8559804719284,0.1225386493083808,True,AS_24hr_BSE_Side_008,165,1229
2.110589710299249,4.63981375763092,0.7543859649122807,0.9764981258398067,0.3359375,0.38235624439054283,156.7984496124031,0.09141206870345038,False,AS_24hr_BSE_Side_008,166,129
1.9344984512435677,1.257304298914067,0.9148936170212766,0.606147299983607,0.6615384615384615,0.9364893278608151,155.97674418604652,0.03191974464204286,False,AS_24hr_BSE_Side_008,167,86
1.9242792860618816,1.7619134779056118,0.75,0.8233287577591369,0.46153846153846156,0.5399893382158815,137.67857142857142,0.05975723622782446,False,AS_24hr_BSE_Side_008,168,84
2.2278867046136734,3.5997080521208598,0.5748299319727891,0.9606388445913399,0.25337331334332835,0.31520083831313966,174.75739644970415,0.17660981552384267,False,AS_24hr_BSE_Side_008,169,169
2.9731278535996988,12.342303170385215,0.4845360824742268,0.996712300719765,0.1288377192982456,0.11559798579211264,198.52446808510638,0.10782227784730913,True,AS_24hr_BSE_Side_008,170,940
2.330413773349191,1.96797918801263,0.4745011086474501,0.8612771676062018,0.2681704260651629,0.2271310831199823,197.0981308411215,0.2095840205240975,False,AS_24hr_BSE_Side_008,171,214
2.450249108319361,1.4608564060642222,0.8730650154798761,0.7289847134909068,0.564,0.7144764352142555,171.48581560283688,0.04221944096787651,False,AS_24hr_BSE_Side_008,172,282
2.7641761323903307,5.181999965450478,0.6609783845278726,0.9812035387612671,0.37243589743589745,0.2963773357523938,208.84681583476765,0.13024872599642268,True,AS_24hr_BSE_Side_008,173,581
2.935003151453655,1.8754888590632304,0.5459733671528219,0.8459928019961294,0.3560794044665012,0.19957877878962488,201.85598141695704,0.10569105691056911,True,AS_24hr_BSE_Side_008,174,861
1.6020599913279623,1.9853455015495587,0.9090909090909091,0.8638840847745921,0.5555555555555556,0.9058449937260664,163.675,0.1327450980392157,False,AS_24hr_BSE_Side_008,175,40
2.1172712956557644,2.8871220110003017,0.6359223300970874,0.9380995739149434,0.40307692307692305,0.39493098698066226,180.6946564885496,0.22260140697500375,False,AS_24hr_BSE_Side_008,176,131
2.4668676203541096,7.060987230612356,0.6220806794055201,0.9899206298724947,0.295959595959596,0.22772734558359334,190.7269624573379,0.1947533962390417,True,AS_24hr_BSE_Side_008,177,293
1.7634279935629373,4.347022434571453,0.8656716417910447,0.9731805785666943,0.4264705882352941,0.5101260121380375,188.8448275862069,0.3864773495605138,False,AS_24hr_BSE_Side_008,178,58
2.230448921378274,2.8370159440257314,0.5592105263157895,0.9358182022301417,0.3441295546558704,0.3051610741399385,138.14117647058825,0.06802768166089966,False,AS_24hr_BSE_Side_008,179,170
1.662757831681574,1.809238234129158,0.8363636363636363,0.8333678175801543,0.5227272727272727,0.794671575826422,192.65217391304347,0.23256606990622336,False,AS_24hr_BSE_Side_008,180,46
1.8388490907372552,2.3173927196105915,0.8734177215189873,0.9021036393423586,0.5476190476190477,0.7333757543923385,194.6086956521739,0.2510372264847968,False,AS_24hr_BSE_Side_008,181,69
1.8573324964312685,2.742909578352331,0.9113924050632911,0.9311734935232077,0.5034965034965035,0.7545745729014238,169.79166666666666,0.16258169934640523,False,AS_24hr_BSE_Side_008,182,72
3.1577588860468637,20.07840343645731,0.5238615664845173,0.9987589730262827,0.10520924787825578,0.08169813271839271,209.82058414464535,0.13618860617960676,True,AS_24hr_BSE_Side_008,183,1438
2.611723308007342,6.0083640567467,0.7731568998109641,0.9860524862065084,0.5332464146023468,0.29833386732361794,188.14180929095355,0.11157773622896591,True,AS_24hr_BSE_Side_008,184,409
3.480581786829169,16.162152375353163,0.4294844482317853,0.9980840337411789,0.08716707021791767,0.0574166622849377,161.0439814814815,0.08350970017636684,True,AS_24hr_BSE_Side_008,185,3024
2.0791812460476247,2.3494650762750604,0.851063829787234,0.9048978533478141,0.5714285714285714,0.6226268413070839,201.73333333333332,0.18901960784313726,False,AS_24hr_BSE_Side_008,186,120
1.8864907251724818,3.0597940479419075,0.875,0.9450868169144488,0.48125,0.6484989141070912,181.66233766233765,0.18110516934046345,False,AS_24hr_BSE_Side_008,187,77
1.6901960800285136,1.15069731960916,0.98,0.49474488097246055,0.6805555555555556,1.0,154.12244897959184,0.05234093637454982,False,AS_24hr_BSE_Side_008,188,49
3.440594261839831,9.349444556383398,0.48556338028169016,0.9942635153613472,0.1584875301689461,0.09101514162109993,181.40609137055839,0.07027257603549034,True,AS_24hr_BSE_Side_008,189,2758
1.6989700043360187,1.1567678245275272,1.0,0.502671153774797,0.6944444444444444,1.0,143.44,0.02972549019607843,False,AS_24hr_BSE_Side_008,190,50
2.6334684555795866,3.9656630978067358,0.4146576663452266,0.9676843469216942,0.19581056466302368,0.17055441298558213,163.1860465116279,0.11891472868217054,True,AS_24hr_BSE_Side_008,191,430
1.6127838567197355,1.387719732094507,1.0,0.6933441611875938,0.7592592592592593,1.0,141.26829268292684,0.036824485891917745,False,AS_24hr_BSE_Side_008,192,41
1.724275869600789,1.8376900779221885,0.9636363636363636,0.8389805564181363,0.6883116883116883,0.9745488352993515,139.67924528301887,0.045431002589715136,False,AS_24hr_BSE_Side_008,193,53
4.345059905610447,22.917954926225026,0.527653285019548,0.9990475873710865,0.06137966989085101,0.03651897601977633,135.26999186771482,0.07544049878015723,True,AS_24hr_BSE_Side_008,194,22134
2.6384892569546374,5.124697066714972,0.5761589403973509,0.9807766936945825,0.2543859649122807,0.22666057355237695,179.18850574712644,0.10226729772368719,True,AS_24hr_BSE_Side_008,195,435
1.845098040014257,1.5995741556928955,1.0,0.7804915023032246,0.7070707070707071,1.0,146.12857142857143,0.027394957983193278,False,AS_24hr_BSE_Side_008,196,70
1.8388490907372552,1.4108655798714904,0.9452054794520548,0.7054248262678346,0.696969696969697,0.9543571148118976,158.59420289855072,0.04671781756180733,False,AS_24hr_BSE_Side_008,197,69
2.0644579892269186,1.1757078260368523,0.9354838709677419,0.5258918381398614,0.6863905325443787,0.9769594030704232,159.56896551724137,0.041176470588235294,False,AS_24hr_BSE_Side_008,198,116
1.6334684555795864,2.6910448279926817,0.7678571428571429,0.9283917825280141,0.35537190082644626,0.651514085399396,135.88372093023256,0.0647514819881441,False,AS_24hr_BSE_Side_008,199,43
2.100370545117563,3.3299198025850973,0.7039106145251397,0.9538424323777046,0.37058823529411766,0.44068738889384784,146.4206349206349,0.07332710862122627,False,AS_24hr_BSE_Side_008,200,126
2.164352855784437,5.923630532835181,0.6488888888888888,0.985647687574161,0.256140350877193,0.30279600583742433,156.2876712328767,0.1470856835885039,False,AS_24hr_BSE_Side_008,201,146
2.060697840353612,3.9839289280961863,0.6182795698924731,0.9679848841773607,0.45634920634920634,0.3218103733010303,188.69565217391303,0.3204092071611253,False,AS_24hr_BSE_Side_008,202,115
2.167317334748176,1.395262991790587,0.6150627615062761,0.6973705512320618,0.4375,0.33879463508491386,139.8639455782313,0.09849273042550354,False,AS_24hr_BSE_Side_008,203,147
1.6020599913279623,1.4080028748926958,0.9523809523809523,0.7039739206507374,0.7142857142857143,1.0,151.65,0.04147058823529411,False,AS_24hr_BSE_Side_008,204,40
2.307496037913213,3.447230764440722,0.918552036199095,0.9569999995000705,0.6363636363636364,0.5954002958271265,213.36453201970443,0.09193470491644934,False,AS_24hr_BSE_Side_008,205,203
2.041392685158225,2.9504508518274393,0.8870967741935484,0.9408111429439576,0.6432748538011696,0.6835116240023738,212.0090909090909,0.1657754010695187,False,AS_24hr_BSE_Side_008,206,110
2.0492180226701815,5.874016541126058,0.8,0.9854024112378215,0.345679012345679,0.3697250609041436,189.84821428571428,0.29523809523809524,False,AS_24hr_BSE_Side_008,207,112
1.7708520116421442,2.212180481019399,0.921875,0.8919963075672256,0.6483516483516484,0.84871191276674,188.25423728813558,0.16510468594217348,False,AS_24hr_BSE_Side_008,208,59
1.8692317197309762,3.258542163155282,0.7708333333333334,0.951746376806425,0.6607142857142857,0.5770861294394962,144.17567567567568,0.0512453630100689,False,AS_24hr_BSE_Side_008,209,74
2.0293837776852097,1.1701084114213145,0.963963963963964,0.5192511992849198,0.6948051948051948,1.0,157.13084112149534,0.04178119846069269,False,AS_24hr_BSE_Side_008,210,107
1.6532125137753437,3.364529503942253,0.9375,0.9548095287091707,0.8035714285714286,0.6674817122473263,181.3111111111111,0.3437908496732026,False,AS_24hr_BSE_Side_008,211,45
3.1961761850399735,6.102261311098518,0.5727305869485965,0.9864813317728105,0.31853203568532035,0.1862578790504008,167.08020369191598,0.05702624780020219,True,AS_24hr_BSE_Side_008,212,1571
1.7323937598229686,1.4585246268788445,0.9,0.7279555274836442,0.675,0.9498898157053116,163.38888888888889,0.05439360929557008,False,AS_24hr_BSE_Side_008,213,54
2.2405492482826,5.476188563853014,0.8405797101449275,0.9831856594676144,0.2824675324675325,0.3836138353890192,188.59195402298852,0.16105476673427993,False,AS_24hr_BSE_Side_008,214,174
1.8512583487190752,1.3035205129266407,0.9726027397260274,0.6414638638160988,0.71,1.0,159.18309859154928,0.048053024026512015,False,AS_24hr_BSE_Side_008,215,71
1.8260748027008264,1.2140048845132292,0.9305555555555556,0.5669969153474085,0.7444444444444445,0.9119532591950574,137.6865671641791,0.02019315188762072,False,AS_24hr_BSE_Side_008,216,67
1.6334684555795864,2.0363395575330787,0.9555555555555556,0.8711160364681566,0.5972222222222222,0.9737833682555215,150.02325581395348,0.06201550387596899,False,AS_24hr_BSE_Side_008,217,43
2.423245873936808,6.185741616199947,0.728021978021978,0.9868461705677389,0.2684903748733536,0.2794948500155235,189.56603773584905,0.15667036625971142,True,AS_24hr_BSE_Side_008,218,265
1.8692317197309762,1.501014452305961,0.9024390243902439,0.7457587432823265,0.6166666666666667,0.8140182499897121,143.55405405405406,0.06131425543190249,False,AS_24hr_BSE_Side_008,219,74
2.3324384599156054,5.8275190573487485,0.6739811912225705,0.985166774562116,0.2625152625152625,0.2983947806071266,181.34418604651162,0.13968080255357956,False,AS_24hr_BSE_Side_008,220,215
2.290034611362518,4.32974018826033,0.7014388489208633,0.9729630703954641,0.4411764705882353,0.3680320685630116,209.64615384615385,0.20824534942182002,False,AS_24hr_BSE_Side_008,221,195
2.225309281725863,3.6573416091290794,0.7533632286995515,0.9618939960613159,0.340080971659919,0.4464026331083799,208.05357142857142,0.17640056022408962,False,AS_24hr_BSE_Side_008,222,168
2.315970345456918,3.2251204109444074,0.7666666666666667,0.9507150526217024,0.46205357142857145,0.4105595126132395,156.8695652173913,0.1260395945817941,False,AS_24hr_BSE_Side_008,223,207
2.503790683057181,1.9436013171514608,0.9522388059701492,0.8574850930815123,0.7595238095238095,0.7981324612210681,188.12225705329155,0.07223553998401869,False,AS_24hr_BSE_Side_008,224,319
1.99563519459755,3.0275729696444214,0.6827586206896552,0.9438768532669052,0.3473684210526316,0.4509011261628584,171.42424242424244,0.19900970489205783,False,AS_24hr_BSE_Side_008,225,99
1.845098040014257,2.6744042920836195,0.8235294117647058,0.927462958540409,0.5185185185185185,0.6644594547538861,197.87142857142857,0.2781512605042017,False,AS_24hr_BSE_Side_008,226,70
2.8609366207000937,5.540156100373888,0.616822429906542,0.9835749240167616,0.2372549019607843,0.16799574765486633,174.71212121212122,0.15715443202074217,True,AS_24hr_BSE_Side_008,227,726
4.175453826250483,12.553010141314545,0.34843092097610906,0.9968219194143271,0.0937460881756503,0.032308997046657364,158.06436106289223,0.07950667514969668,True,AS_24hr_BSE_Side_008,228,14978
1.8129133566428555,1.5876019457145536,0.8904109589041096,0.7766918081299967,0.5555555555555556,0.7955985872255775,147.8,0.04283559577677225,False,AS_24hr_BSE_Side_008,229,65
2.450249108319361,8.10688442442607,0.6828087167070218,0.9923629862592944,0.3129855715871254,0.24575028215765687,205.7163120567376,0.2363509942984286,True,AS_24hr_BSE_Side_008,230,282
2.503790683057181,1.578119664009601,0.6254901960784314,0.7736071501933626,0.4027777777777778,0.34598423751621854,140.65830721003135,0.048226688794640114,False,AS_24hr_BSE_Side_008,231,319
1.806179973983887,1.7211908625905497,0.8888888888888888,0.8139084886177193,0.6666666666666666,0.8202020099817773,153.15625,0.0585171568627451,False,AS_24hr_BSE_Side_008,232,64
3.8174331441113845,17.97262291131714,0.5273807612012205,0.9984508852255598,0.09162307316732929,0.0691060918618494,167.65605968331303,0.054438035872083304,True,AS_24hr_BSE_Side_008,233,6568
2.8727388274726686,1.6846324407786368,0.8233995584988962,0.8047592816977157,0.7084520417853751,0.597132979494801,155.85120643431637,0.01831992850759607,False,AS_24hr_BSE_Side_008,234,746
2.5514499979728753,1.9381042227184964,0.8127853881278538,0.8566077836264117,0.5579937304075235,0.5830041973880314,169.59550561797752,0.03245208195637806,False,AS_24hr_BSE_Side_008,235,356
2.146128035678238,1.5426538498725133,0.9210526315789473,0.7614415598894901,0.5490196078431373,0.8126984703994153,148.27857142857144,0.02927170868347339,False,AS_24hr_BSE_Side_008,236,140
3.3820170425748683,15.532627941701902,0.49865507966066625,0.9979254168364731,0.12313509094624975,0.09438252139458747,208.4195020746888,0.08885037832560409,True,AS_24hr_BSE_Side_008,237,2410
3.0557604646877348,1.265989832379161,0.8491411501120238,0.6132411347354175,0.5949764521193093,0.5620609113338818,173.84960422163587,0.019218100608757137,False,AS_24hr_BSE_Side_008,238,1137
3.6637951222194074,11.264476013029402,0.5476897493764105,0.9960517356971686,0.15090819833087873,0.11099425158576759,175.8295380611581,0.10249148455738834,True,AS_24hr_BSE_Side_008,239,4611
2.940516484932567,9.236190052932674,0.6488095238095238,0.9941215524035352,0.20373831775700935,0.1548259084138046,176.13990825688074,0.1297040834682497,True,AS_24hr_BSE_Side_008,240,872
3.2821687783046416,11.497150597399893,0.6120166187280282,0.9962102262459523,0.16644936983920033,0.13128744402287132,171.7822454308094,0.0505093943582655,True,AS_24hr_BSE_Side_008,241,1915
2.093421685162235,3.9017212148731626,0.7701863354037267,0.966598041851075,0.43356643356643354,0.48179713333433694,182.3548387096774,0.12469955724225174,False,AS_24hr_BSE_Side_008,242,124
2.7831886910752575,11.717782000930844,0.5699530516431925,0.9963518550621476,0.14591346153846155,0.1295037966900822,209.44481054365733,0.2130245178796395,True,AS_24hr_BSE_Side_008,243,607
1.6127838567197355,1.8333186007510605,0.9761904761904762,0.8381375525894669,0.82,1.0,144.90243902439025,0.04371114299378288,False,AS_24hr_BSE_Side_008,244,41
1.6232492903979006,2.389923038602688,0.875,0.9082520363488645,0.5454545454545454,0.7722839826900522,198.52380952380952,0.33940242763772177,False,AS_24hr_BSE_Side_008,245,42
1.6434526764861874,3.2220758468530004,0.8461538461538461,0.9506194490547184,0.676923076923077,0.6699680817024266,173.79545454545453,0.20472370766488412,False,AS_24hr_BSE_Side_008,246,44
2.0086001717619175,4.9937296215692495,0.6455696202531646,0.979744601875584,0.41975308641975306,0.35555359971746103,156.27450980392157,0.1239523260284506,False,AS_24hr_BSE_Side_008,247,102
1.6127838567197355,1.8628928660882522,0.9534883720930233,0.843709827613343,0.6833333333333333,0.997411239597103,196.82926829268294,0.23414634146341465,False,AS_24hr_BSE_Side_008,248,41
2.7737864449811935,12.454227466721466,0.6681664791901012,0.9967712226053873,0.193359375,0.15668233741626583,192.2895622895623,0.13322109988776656,True,AS_24hr_BSE_Side_008,249,594
3.6122539060964374,12.564713301054569,0.7167862769123052,0.9968278463964187,0.21297066777615978,0.1460968333759129,146.4991452991453,0.09180109650697886,True,AS_24hr_BSE_Side_008,250,4095
2.932473764677153,14.074036454351052,0.596931659693166,0.9974725542874058,0.12566059894304168,0.11064054937923226,189.2967289719626,0.16990562580172258,True,AS_24hr_BSE_Side_008,251,856
1.9294189257142926,1.2614862253911259,0.9550561797752809,0.6095914523609303,0.7727272727272727,1.0,214.68235294117648,0.08844290657439446,False,AS_24hr_BSE_Side_008,252,85
1.9030899869919435,3.434469890578914,0.8421052631578947,0.9566726223157698,0.6015037593984962,0.5596030335159974,183.525,0.21372549019607842,False,AS_24hr_BSE_Side_008,253,80
1.954242509439325,4.536299028537056,0.72,0.9753996275583723,0.4166666666666667,0.3756483969983597,180.98888888888888,0.3218300653594771,False,AS_24hr_BSE_Side_008,254,90
1.9493900066449128,2.3823667874326464,0.6180555555555556,0.9076394628318725,0.3296296296296296,0.406454663122075,163.14606741573033,0.1958140559594624,False,AS_24hr_BSE_Side_008,255,89
2.359835482339888,2.9711927066418755,0.6308539944903582,0.9416601730202052,0.4337121212121212,0.3139478067358911,132.04803493449782,0.05265861803236579,False,AS_24hr_BSE_Side_008,256,229
1.6127838567197355,1.2833884313855635,0.9534883720930233,0.626791122373921,0.7321428571428571,1.0,155.21951219512195,0.07259684361549498,False,AS_24hr_BSE_Side_008,257,41
1.99563519459755,2.2018829145232326,0.8761061946902655,0.8909217932117596,0.5789473684210527,0.6485102869821925,190.14141414141415,0.15294117647058825,False,AS_24hr_BSE_Side_008,258,99
2.0043213737826426,3.5154845925606377,0.7890625,0.9586891545021456,0.3506944444444444,0.5088790673560524,134.96039603960395,0.03762376237623762,False,AS_24hr_BSE_Side_008,259,101
1.7481880270062005,1.2447116797704498,0.9655172413793104,0.5954411811240522,0.6222222222222222,1.0,155.01785714285714,0.04054621848739495,False,AS_24hr_BSE_Side_008,260,56
2.060697840353612,1.1064240474635085,0.905511811023622,0.42792847063342554,0.5867346938775511,0.8176145309246352,135.1391304347826,0.020937766410912193,False,AS_24hr_BSE_Side_008,261,115
3.925569909543376,21.495954853534123,0.5912695627763351,0.9989173410216657,0.09680347458406104,0.07475403024435193,158.20106824925816,0.0513988479664863,True,AS_24hr_BSE_Side_008,262,8425
3.514149134475437,11.651219150031514,0.5850644699140402,0.9963099752338588,0.16099147489282017,0.13542114177376346,179.92102846648302,0.07186421553622979,True,AS_24hr_BSE_Side_008,263,3267
1.6720978579357175,2.2841977114232948,0.8703703703703703,0.8990770269629086,0.5340909090909091,0.7457506122829859,135.63829787234042,0.07684605757196496,False,AS_24hr_BSE_Side_008,264,47
2.7427251313046983,1.6267627456906428,0.39985538684020244,0.7887471322108364,0.2697560975609756,0.17541599623064513,205.11573236889691,0.17143566287274403,True,AS_24hr_BSE_Side_008,265,553
1.9138138523837167,1.4072922158383565,0.9534883720930233,0.7036118988871918,0.6212121212121212,0.9679620470938509,143.0731707317073,0.024533715925394547,False,AS_24hr_BSE_Side_008,266,82
1.9777236052888478,2.0264159627497453,0.9047619047619048,0.8697559538763913,0.6597222222222222,0.7629587626820318,148.26315789473685,0.037399380804953565,False,AS_24hr_BSE_Side_008,267,95
2.699837725867246,11.25122768491841,0.62625,0.9960424135721182,0.19647058823529412,0.16540677278423535,210.68463073852294,0.20504872607725724,True,AS_24hr_BSE_Side_008,268,501
2.0253058652647704,5.144450875254513,0.7910447761194029,0.980925471358008,0.29120879120879123,0.3780908339818245,184.22641509433961,0.3053644099149094,False,AS_24hr_BSE_Side_008,269,106
1.6334684555795864,1.0842096611397751,0.9555555555555556,0.3864011313869037,0.671875,1.0,135.90697674418604,0.031281349749202006,False,AS_24hr_BSE_Side_008,270,43
1.6812412373755872,1.3408174687124248,0.8888888888888888,0.6661546115280087,0.7619047619047619,0.8826102659314882,168.02083333333334,0.14248366013071898,False,AS_24hr_BSE_Side_008,271,48
3.3271545124094315,4.351971978486349,0.41565557729941294,0.9732423860514002,0.22471434617012273,0.07126468732633805,167.96845574387947,0.045134965473948525,True,AS_24hr_BSE_Side_008,272,2124
1.6232492903979006,1.2524833044718782,0.9333333333333333,0.6021090815099112,0.65625,1.0,209.88095238095238,0.13398692810457516,False,AS_24hr_BSE_Side_008,273,42
1.6901960800285136,3.2847384823505132,0.7777777777777778,0.9525320773998087,0.3402777777777778,0.5313555677919105,170.44897959183675,0.2937174869947979,False,AS_24hr_BSE_Side_008,274,49
3.7274599208579087,8.381210599896843,0.5520628683693517,0.9928565096359872,0.3351537978656623,0.10299226483172505,199.3204719985016,0.056286519102864974,True,AS_24hr_BSE_Side_008,275,5339
1.7160033436347992,1.7672619346725786,0.8813559322033898,0.8245102094385406,0.5252525252525253,0.8110399656987515,147.07692307692307,0.06832579185520363,False,AS_24hr_BSE_Side_008,276,52
3.262213705476417,16.04962620486263,0.6072377158034529,0.9980570471037962,0.13653329352045387,0.10567047280569196,187.42974302897758,0.07504583025118193,True,AS_24hr_BSE_Side_008,277,1829
2.5563025007672873,4.4839565239359205,0.45627376425855515,0.9748144806545924,0.1939655172413793,0.1946805034489772,198.3111111111111,0.18674291938997822,True,AS_24hr_BSE_Side_008,278,360
1.954242509439325,4.301012017988271,0.6818181818181818,0.9725955788929999,0.3010033444816054,0.3803912935415934,174.4111111111111,0.23019607843137255,False,AS_24hr_BSE_Side_008,279,90
3.2631624649622166,9.87846555580102,0.4840242936361236,0.9948630192205863,0.17014759120022277,0.11314312641951926,179.85979268957993,0.10556357840462972,True,AS_24hr_BSE_Side_008,280,1833
2.7649229846498886,1.956699863815787,0.43792325056433407,0.8595423154101628,0.2440251572327044,0.18765986959407643,162.26975945017182,0.09882757226601982,True,AS_24hr_BSE_Side_008,281,582
2.2405492482826,6.355299577596848,0.651685393258427,0.9875430592357608,0.29743589743589743,0.2811783166112025,182.44827586206895,0.22641424385846293,False,AS_24hr_BSE_Side_008,282,174
2.0827853703164503,2.1296706635813636,0.9453125,0.8829026012433268,0.6368421052631579,0.7438145629129765,198.94214876033058,0.1270782693242586,False,AS_24hr_BSE_Side_008,283,121
2.9633155113861114,6.004477065906465,0.5293778801843319,0.9860342946286736,0.2823348694316436,0.17697456899990532,182.21980413492926,0.10656510700036272,True,AS_24hr_BSE_Side_008,284,919
2.298853076409707,1.4274119168356774,0.8728070175438597,0.7135850373152876,0.6546052631578947,0.7156511467821238,168.1105527638191,0.06481426741550893,False,AS_24hr_BSE_Side_008,285,199
2.296665190261531,6.835947626619045,0.7471698113207547,0.9892424137679184,0.34494773519163763,0.29279668785082075,202.04040404040404,0.2623885918003565,False,AS_24hr_BSE_Side_008,286,198
2.75815462196739,1.3840997077782926,0.7670682730923695,0.6913800101996065,0.5116071428571428,0.5299095584124962,196.25305410122164,0.021483078397152928,False,AS_24hr_BSE_Side_008,287,573
1.8260748027008264,2.0558565608506263,0.6979166666666666,0.8737277588173086,0.5317460317460317,0.5572554138476858,162.0597014925373,0.1691542288557214,False,AS_24hr_BSE_Side_008,288,67
2.0170333392987803,4.151506332599625,0.8739495798319328,0.9705557935099404,0.45217391304347826,0.4825489918468761,195.01923076923077,0.235105580693816,False,AS_24hr_BSE_Side_008,289,104
2.9836262871245345,3.826293493224195,0.7256970610399397,0.965244230234796,0.3396825396825397,0.34189073324306835,142.3883696780893,0.01584101968928797,True,AS_24hr_BSE_Side_008,290,963
2.439332693830263,1.4307973791671933,0.8957654723127035,0.7152086692191431,0.625,0.7255893465329631,142.11272727272728,0.02009269162210339,False,AS_24hr_BSE_Side_008,291,275
1.9493900066449128,2.6358276230764535,0.7739130434782608,0.9252378828786177,0.5493827160493827,0.5471032735475613,186.2921348314607,0.24111037673496366,False,AS_24hr_BSE_Side_008,292,89
1.6127838567197355,1.8051672676753374,0.9111111111111111,0.8325397665937049,0.6507936507936508,0.9479184945424235,178.82926829268294,0.1356288857006217,False,AS_24hr_BSE_Side_008,293,41
3.6900187807886953,6.623502482978802,0.3403043145973737,0.9885371957993199,0.13832641418848315,0.07153012631410341,184.47815434871376,0.0873401708580533,True,AS_24hr_BSE_Side_008,294,4898
2.3364597338485296,2.463972420677489,0.7948717948717948,0.9139402792029283,0.434,0.552480779824463,169.83870967741936,0.07241348152164091,False,AS_24hr_BSE_Side_008,295,217
1.9344984512435677,2.4090695297235496,0.8686868686868687,0.9097766929179887,0.5733333333333334,0.7269700276572675,153.43023255813952,0.04683082535339718,False,AS_24hr_BSE_Side_008,296,86
1.806179973983887,1.5601295945161748,0.8648648648648649,0.767563932889385,0.5289256198347108,0.8164916782241283,165.328125,0.13131127450980393,False,AS_24hr_BSE_Side_008,297,64
2.3560258571931225,2.1453025247691686,0.6941896024464832,0.8847137498666027,0.48504273504273504,0.44478713904760764,159.54625550660793,0.08302669085255247,False,AS_24hr_BSE_Side_008,298,227
2.4082399653118496,1.6706886542307784,0.7293447293447294,0.8010812876514988,0.6153846153846154,0.506839645986695,134.21875,0.02340686274509804,False,AS_24hr_BSE_Side_008,299,256
2.7489628612561616,1.3860546457228506,0.8564885496183207,0.6924433224963082,0.5837669094693028,0.6447192176921418,137.80392156862746,0.01075110971304743,False,AS_24hr_BSE_Side_008,300,561
2.012837224705172,2.7213659280802327,0.7862595419847328,0.9300383279592935,0.49047619047619045,0.47976037659781884,181.95145631067962,0.229126213592233,False,AS_24hr_BSE_Side_008,301,103
2.8344207036815328,1.1680967697918574,0.4314592545799116,0.5168210478144184,0.23152542372881357,0.1895448806027194,208.66764275256222,0.13154192863089598,True,AS_24hr_BSE_Side_008,302,683
2.0718820073061255,1.920482079685588,0.8194444444444444,0.8537381383886937,0.6941176470588235,0.6749955275889038,125.0,0.017480890661349283,False,AS_24hr_BSE_Side_008,303,118
1.9777236052888478,2.328369539381229,0.7786885245901639,0.9030739492981444,0.5080213903743316,0.5884441654809425,135.7157894736842,0.04755417956656347,False,AS_24hr_BSE_Side_008,304,95
1.6232492903979006,1.4785330561701968,0.8936170212765957,0.7365840166857478,0.6666666666666666,0.9055403018804473,129.33333333333334,0.04948646125116713,False,AS_24hr_BSE_Side_008,305,42
1.6127838567197355,1.2747285249116256,0.9534883720930233,0.6201531582372115,0.7321428571428571,1.0,140.09756097560975,0.029650884744141556,False,AS_24hr_BSE_Side_008,306,41
2.699837725867246,1.2622214249962072,0.8448566610455311,0.6101914170060372,0.5771889400921659,0.6328603067706525,164.32734530938123,0.015506242417126531,False,AS_24hr_BSE_Side_008,307,501
3.4734869700645685,13.368782837594118,0.3099604084184205,0.9971984715468922,0.07106004872689056,0.03833821526322427,177.71731092436974,0.1399848409952216,True,AS_24hr_BSE_Side_008,308,2975
2.0681858617461617,1.6460775001440784,0.7090909090909091,0.794315998244288,0.4588235294117647,0.5145236501737103,152.47008547008548,0.041964136081783135,False,AS_24hr_BSE_Side_008,309,117
1.919078092376074,2.3492245023691534,0.8829787234042553,0.9048773505273618,0.6102941176470589,0.7300079139216744,199.96385542168676,0.19059768485707534,False,AS_24hr_BSE_Side_008,310,83
2.710963118995276,8.202806673638085,0.623030303030303,0.9925412211079838,0.2677083333333333,0.18616627792547577,194.22762645914398,0.11584649423971924,True,AS_24hr_BSE_Side_008,311,514
1.6334684555795864,1.4184541841810867,0.8958333333333334,0.7092144520548407,0.5972222222222222,0.9597517336201397,160.0,0.09138166894664843,False,AS_24hr_BSE_Side_008,312,43
1.8864907251724818,3.07652614698486,0.7623762376237624,0.9456996050568717,0.48125,0.485844272549518,186.53246753246754,0.3284950343773873,False,AS_24hr_BSE_Side_008,313,77
2.161368002234975,1.856889697595688,0.6839622641509434,0.8426031734390967,0.44753086419753085,0.45395356107294976,144.16551724137932,0.04762677484787018,False,AS_24hr_BSE_Side_008,314,145
2.1702617153949575,3.1222718504985436,0.783068783068783,0.9473230566133238,0.47435897435897434,0.5322430639384641,195.5,0.15749867514573396,False,AS_24hr_BSE_Side_008,315,148
2.832508912706236,5.8742767649658525,0.7597765363128491,0.9854037141010265,0.3302574065080136,0.30354938551706745,189.0279411764706,0.08387543252595155,True,AS_24hr_BSE_Side_008,316,680
3.144262773761991,2.0349414891256243,0.7740144364242088,0.8709257549151502,0.5125,0.4408512029290192,151.99784791965567,0.014656651756828986,True,AS_24hr_BSE_Side_008,317,1394
1.9138138523837167,2.255688037398012,0.7592592592592593,0.8963615810388346,0.5125,0.6415488676816874,149.59756097560975,0.10884744141559063,False,AS_24hr_BSE_Side_008,318,82
3.394801777162711,12.569061236185904,0.4914851485148515,0.9968300441514554,0.13333333333333333,0.11094484742994062,201.74415793714746,0.11001880204136448,True,AS_24hr_BSE_Side_008,319,2482
2.1818435879447726,2.031713467648172,0.7102803738317757,0.8704847496145488,0.4720496894409938,0.46366365861757464,152.57236842105263,0.0609391124871001,False,AS_24hr_BSE_Side_008,320,152
1.9912260756924949,4.260855551565406,0.6533333333333333,0.9720691444146538,0.35507246376811596,0.3775466148596364,201.3877551020408,0.3086834733893557,False,AS_24hr_BSE_Side_008,321,98
1.6232492903979006,1.2535277567909415,0.8235294117647058,0.6029902053904718,0.5833333333333334,0.7581450804762417,165.71428571428572,0.17497665732959852,False,AS_24hr_BSE_Side_008,322,42
1.6812412373755872,2.0542481749912467,0.8727272727272727,0.873515630674834,0.5454545454545454,0.7186827792701962,164.4375,0.1951797385620915,False,AS_24hr_BSE_Side_008,323,48
2.439332693830263,10.79308909938781,0.6823821339950372,0.9956985633538497,0.21825396825396826,0.2058464639014509,197.68,0.2407415329768271,True,AS_24hr_BSE_Side_008,324,275
1.6532125137753437,1.2760623632395363,0.9782608695652174,0.6211890331740725,0.7142857142857143,1.0,141.22222222222223,0.03424836601307189,False,AS_24hr_BSE_Side_008,325,45
2.866877814337499,3.7920469700528554,0.3581508515815085,0.9646020600021019,0.15726495726495726,0.11338986417444846,185.5258152173913,0.12947037510656437,True,AS_24hr_BSE_Side_008,326,736
1.9590413923210936,1.4016165397374658,0.9578947368421052,0.7006940250580892,0.6893939393939394,1.0,166.4835164835165,0.033958198664081014,False,AS_24hr_BSE_Side_008,327,91
2.649334858712142,8.472568341329746,0.652046783625731,0.993010271582436,0.2064814814814815,0.19714109953704279,198.4596412556054,0.18348720654180956,True,AS_24hr_BSE_Side_008,328,446
2.876217840591642,7.240703648792854,0.7251687560270009,0.9904171575578913,0.2779009608277901,0.23864019593055547,200.19281914893617,0.08161764705882353,True,AS_24hr_BSE_Side_008,329,752
3.7782236267660965,18.790758633637118,0.6348920863309353,0.9985829368761688,0.13293901331383887,0.0941234112157888,152.17780369938345,0.06414290428719396,True,AS_24hr_BSE_Side_008,330,6001
2.416640507338281,4.52654541685661,0.7054054054054054,0.9752921533590867,0.54375,0.3612038443786267,128.66283524904213,0.014724663811884907,False,AS_24hr_BSE_Side_008,331,261
1.792391689498254,3.9498091478327777,0.7469879518072289,0.967420029332722,0.49206349206349204,0.4633452246877418,192.53225806451613,0.35180265654648957,False,AS_24hr_BSE_Side_008,332,62
1.7708520116421442,1.439561298532314,0.9076923076923077,0.7193420179431133,0.6555555555555556,0.9361550239297056,141.77966101694915,0.09325357261548688,False,AS_24hr_BSE_Side_008,333,59
2.0755469613925306,2.3364924535787193,0.6502732240437158,0.9037825383254511,0.4311594202898551,0.41571173106651566,185.64705882352942,0.23994068215521502,False,AS_24hr_BSE_Side_008,334,119
1.6720978579357175,6.148779161759516,0.6438356164383562,0.9866864806761148,0.3092105263157895,0.5365571270944673,128.61702127659575,0.056487275761368375,False,AS_24hr_BSE_Side_008,335,47
1.863322860120456,3.762065686109464,0.7087378640776699,0.9640250474592278,0.4506172839506173,0.5147971129707608,138.24657534246575,0.057910287402632286,False,AS_24hr_BSE_Side_008,336,73
2.4653828514484184,9.154152136150694,0.47020933977455714,0.9940153984524168,0.18399495904221802,0.1434188396457405,157.66095890410958,0.18033843674456085,True,AS_24hr_BSE_Side_008,337,292
1.6989700043360187,2.0838050582994088,0.8333333333333334,0.8773279333225533,0.5494505494505495,0.6805621337276548,143.18,0.1192156862745098,False,AS_24hr_BSE_Side_008,338,50
1.968482948553935,2.599205801171534,0.808695652173913,0.9230279472416686,0.4696969696969697,0.6358939261982979,180.3763440860215,0.10516550706304027,False,AS_24hr_BSE_Side_008,339,93
1.6901960800285136,1.914107429456582,0.9245283018867925,0.8526780620557805,0.7424242424242424,0.917959147563263,196.55102040816325,0.21552621048419368,False,AS_24hr_BSE_Side_008,340,49
2.2041199826559246,2.897127061466641,0.8290155440414507,0.9385403519619959,0.5818181818181818,0.5753979069605017,196.79375,0.13311274509803922,False,AS_24hr_BSE_Side_008,341,160
1.9138138523837167,1.1421631578800504,0.5189873417721519,0.48316076096650107,0.3037037037037037,0.36293232887919114,147.9512195121951,0.15365853658536585,False,AS_24hr_BSE_Side_008,342,82
1.6334684555795864,2.775191217635995,0.7166666666666667,0.9328227620332308,0.39814814814814814,0.585283435005783,150.13953488372093,0.09557683538531692,False,AS_24hr_BSE_Side_008,343,43
1.9030899869919435,2.0143151486844917,0.9090909090909091,0.8680672367128199,0.5925925925925926,0.8107534016615666,163.6625,0.06975490196078432,False,AS_24hr_BSE_Side_008,344,80
2.305351369446624,3.305622066195466,0.6801346801346801,0.9531446491718443,0.32063492063492066,0.34923937897102053,182.93564356435644,0.13752669384585517,False,AS_24hr_BSE_Side_008,345,202
2.7958800173440754,6.379416937771749,0.45687134502923976,0.9876376564147598,0.3633720930232558,0.15080910760095223,209.0096,0.19323607843137255,True,AS_24hr_BSE_Side_008,346,625
1.6232492903979006,3.7168488030832694,0.7924528301886793,0.9631275762185706,0.6,0.5809130264072421,144.45238095238096,0.0734827264239029,False,AS_24hr_BSE_Side_008,347,42
2.0043213737826426,2.719708028082622,0.808,0.9299497930927944,0.531578947368421,0.6096484449015578,169.82178217821783,0.10498932246165793,False,AS_24hr_BSE_Side_008,348,101
2.0211892990699383,7.7003893998329875,0.6862745098039216,0.9915318729814823,0.26054590570719605,0.28411225890121183,160.21904761904761,0.19469654528478056,False,AS_24hr_BSE_Side_008,349,105
1.6812412373755872,1.4636782227191512,0.9056603773584906,0.7302216931314449,0.6666666666666666,0.9864517666782943,145.25,0.03978758169934641,False,AS_24hr_BSE_Side_008,350,48
1.6334684555795864,1.0899589101047655,1.0,0.39781471223220566,0.8775510204081632,1.0,155.5581395348837,0.03593251253989968,False,AS_24hr_BSE_Side_008,351,43
1.7781512503836436,3.2502641089497617,0.8571428571428571,0.9514939985271228,0.46875,0.6377180472976856,183.16666666666666,0.285359477124183,False,AS_24hr_BSE_Side_008,352,60
1.6532125137753437,1.4719422112368008,0.9574468085106383,0.7337917226613793,0.7142857142857143,1.0,142.42222222222222,0.08854030501089326,False,AS_24hr_BSE_Side_008,353,45
3.6138418218760693,12.044611082873281,0.5084745762711864,0.9965474912151983,0.14660246120920278,0.10486483312417164,183.05742092457422,0.08395496398072612,True,AS_24hr_BSE_Side_008,354,4110
1.792391689498254,1.2546516470782485,0.9393939393939394,0.6039344578422745,0.6888888888888889,1.0,144.0,0.021948134092346614,False,AS_24hr_BSE_Side_008,355,62
1.6232492903979006,2.911548029770578,0.84,0.939167341823479,0.4772727272727273,0.7255696996676028,187.5,0.31587301587301586,False,AS_24hr_BSE_Side_008,356,42
2.1398790864012365,3.345380162142771,0.7040816326530612,0.9542782713176414,0.38333333333333336,0.3703748423052398,140.1014492753623,0.06672350099460074,False,AS_24hr_BSE_Side_008,357,138
2.367355921026019,6.065216554856963,0.7236024844720497,0.9863145414189775,0.3386627906976744,0.31110940344378324,197.27896995708156,0.18406126399057476,False,AS_24hr_BSE_Side_008,358,233
1.9084850188786497,1.7446180964374687,0.7363636363636363,0.8194215505796202,0.525974025974026,0.5758850174338734,133.69135802469137,0.06618252239167273,False,AS_24hr_BSE_Side_008,359,81
1.9294189257142926,1.161062706201005,0.9550561797752809,0.5081307819441419,0.7083333333333334,0.9825984394647075,167.71764705882353,0.05457900807381776,False,AS_24hr_BSE_Side_008,360,85
3.089198366805149,5.614878753788919,0.5895343254920787,0.9840127125310604,0.2966183574879227,0.21044099709152528,195.84771986970685,0.10318068595516382,True,AS_24hr_BSE_Side_008,361,1228
3.826139617935915,13.430088495914971,0.37809625909834677,0.9972240255188256,0.1021135882236411,0.025390563787335393,173.18325623041338,0.11466477054931808,True,AS_24hr_BSE_Side_008,362,6701
1.6434526764861874,3.2601322513780224,0.7586206896551724,0.9517946272320541,0.36666666666666664,0.5216643334320584,136.95454545454547,0.08511586452762923,False,AS_24hr_BSE_Side_008,363,44
1.724275869600789,2.7998985586807175,0.9298245614035088,0.9340448260050795,0.49074074074074076,0.7213958617513141,154.0188679245283,0.0924898261191269,False,AS_24hr_BSE_Side_008,364,53
1.6020599913279623,1.5782337583570407,0.9090909090909091,0.7736446704873192,0.6349206349206349,0.9730841361922956,132.775,0.03529411764705882,False,AS_24hr_BSE_Side_008,365,40
3.5462958351214424,9.629280763683477,0.6579390312324668,0.9945929795214409,0.17572427572427574,0.14618960529931316,149.21262080727686,0.10258948377531797,True,AS_24hr_BSE_Side_008,366,3518
2.7024305364455254,5.544106538175426,0.5466377440347071,0.9835985180531901,0.33201581027667987,0.2134204747028316,187.125,0.12696078431372548,True,AS_24hr_BSE_Side_008,367,504
1.7993405494535817,2.9677847014527283,0.875,0.9415219459272374,0.5625,0.6473589718826308,136.23809523809524,0.04954870837223778,False,AS_24hr_BSE_Side_008,368,63
2.8543060418010806,1.639300110091797,0.9445178335535006,0.7923887655486564,0.6458897922312556,0.7427911298252482,201.9034965034965,0.013404634581105168,False,AS_24hr_BSE_Side_008,369,715
2.060697840353612,2.9384552669175545,0.905511811023622,0.9403115411342138,0.45098039215686275,0.6510760892406103,151.37391304347827,0.041773231031543054,False,AS_24hr_BSE_Side_008,370,115
1.8325089127062364,2.545761338377534,0.9066666666666666,0.919619737552111,0.5666666666666667,0.7480167702608165,200.5,0.21995386389850058,False,AS_24hr_BSE_Side_008,371,68
1.6812412373755872,1.1032978874784507,0.96,0.42247724864108643,0.6666666666666666,1.0,133.85416666666666,0.02434640522875817,False,AS_24hr_BSE_Side_008,372,48
2.3384564936046046,8.826543149034544,0.5463659147869674,0.9935614350805247,0.2831168831168831,0.2050056683108565,181.0137614678899,0.18075193380104335,True,AS_24hr_BSE_Side_008,373,218
2.5224442335063197,2.9575488007175332,0.8451776649746193,0.9411037823012284,0.6098901098901099,0.47519554075121706,214.16816816816817,0.11272448919507742,False,AS_24hr_BSE_Side_008,374,333
3.060320028688285,2.501470174270693,0.5841382816471784,0.9166177046294919,0.382744836775483,0.2596039383857894,193.4638816362054,0.11175276028601171,True,AS_24hr_BSE_Side_008,375,1149
2.48572142648158,2.779590560130648,0.5230769230769231,0.9330428655240162,0.36428571428571427,0.22928085900240178,136.73529411764707,0.04357298474945533,False,AS_24hr_BSE_Side_008,376,306
1.6532125137753437,1.9242710616339396,0.9,0.8543626269585669,0.6428571428571429,0.9247985312609011,126.04444444444445,0.028845315904139433,False,AS_24hr_BSE_Side_008,377,45
1.8512583487190752,3.329295441162685,0.8554216867469879,0.9538246992926737,0.7395833333333334,0.640813103735871,203.43661971830986,0.23148301574150787,False,AS_24hr_BSE_Side_008,378,71
2.53655844257153,8.401599812112856,0.6441947565543071,0.9928912635370857,0.24293785310734464,0.22092409357899295,171.62209302325581,0.12933196534427724,True,AS_24hr_BSE_Side_008,379,344
1.8325089127062364,2.9752732261446595,0.8395061728395061,0.9418250260116583,0.6071428571428571,0.6454748989037751,142.1764705882353,0.04896193771626297,False,AS_24hr_BSE_Side_008,380,68
3.16790781000148,8.53844105334377,0.7367367367367368,0.9931180770997108,0.2633273703041145,0.19363367847041246,198.17527173913044,0.09782342284739984,True,AS_24hr_BSE_Side_008,381,1472
2.6875289612146345,2.9847836392797698,0.8589065255731922,0.9422065151682515,0.48313492063492064,0.5844773201444086,175.60369609856264,0.02093650601924548,False,AS_24hr_BSE_Side_008,382,487
2.0086001717619175,5.4346744629327,0.796875,0.9829255580006331,0.5604395604395604,0.41528155109408876,187.6764705882353,0.2981161091887735,False,AS_24hr_BSE_Side_008,383,102
2.782472624166286,2.6183260589419106,0.3940182054616385,0.9241939806290248,0.20247243568326095,0.16075257835969017,161.43729372937293,0.08767876787678767,True,AS_24hr_BSE_Side_008,384,606
2.3541084391474008,4.288219153525946,0.8014184397163121,0.9724295049003014,0.3498452012383901,0.4155587535877847,185.49557522123894,0.06422002429290301,False,AS_24hr_BSE_Side_008,385,226
2.3404441148401185,2.5046635686832905,0.8390804597701149,0.9168398282267325,0.6016483516483516,0.5625857731837146,130.7579908675799,0.016581609812874924,False,AS_24hr_BSE_Side_008,386,219
2.4313637641589874,1.7467810075198187,0.7479224376731302,0.8199175620191985,0.47202797202797203,0.4705856466848748,169.1851851851852,0.06185911401597676,False,AS_24hr_BSE_Side_008,387,270
2.3483048630481607,5.5971478964588135,0.6676646706586826,0.9839104323725225,0.33037037037037037,0.2788072627384461,187.13452914798205,0.17110700782555174,False,AS_24hr_BSE_Side_008,388,223
3.4139699717480614,9.508883987254356,0.5878087468842057,0.9944548065383947,0.24954304954304954,0.12145003647527762,189.45952197378566,0.0638895187990385,True,AS_24hr_BSE_Side_008,389,2594
1.662757831681574,2.418062233223775,0.8679245283018868,0.91047946306091,0.5476190476190477,0.7612447963953225,204.95652173913044,0.282693947144075,False,AS_24hr_BSE_Side_008,390,46
2.342422680822206,2.4267642300681977,0.6197183098591549,0.9111515827378509,0.4365079365079365,0.31693264446048863,140.28636363636363,0.08408199643493762,False,AS_24hr_BSE_Side_008,391,220
2.1522883443830563,7.568786347934477,0.6926829268292682,0.9912335186429806,0.3837837837837838,0.2751795261265201,187.50704225352112,0.29069317867992267,False,AS_24hr_BSE_Side_008,392,142
2.012837224705172,1.6719819258125477,0.8442622950819673,0.8014270110893496,0.6242424242424243,0.7123100204755468,127.07766990291262,0.022501427755568244,False,AS_24hr_BSE_Side_008,393,103
2.4533183400470375,3.0206127495000357,0.7263427109974424,0.9436101767477214,0.48547008547008547,0.435767947687038,186.58802816901408,0.17598729632698148,False,AS_24hr_BSE_Side_008,394,284
2.103803720955957,2.8494698964299885,0.900709219858156,0.9363970224471244,0.42333333333333334,0.5915492022128445,161.70078740157481,0.03467654778446812,False,AS_24hr_BSE_Side_008,395,127
1.7323937598229686,1.2669873159421483,0.9310344827586207,0.6140413144298466,0.675,1.0,141.94444444444446,0.040522875816993466,False,AS_24hr_BSE_Side_008,396,54
2.5185139398778875,1.4751226631012924,0.6285714285714286,0.7351451582680296,0.4947526236881559,0.26560008680127845,156.5818181818182,0.0760427807486631,False,AS_24hr_BSE_Side_008,397,330
2.167317334748176,3.058723570516013,0.8258426966292135,0.9450472560050123,0.6125,0.5711627306463508,204.3673469387755,0.15059357076163798,False,AS_24hr_BSE_Side_008,398,147
1.724275869600789,3.805689928399803,0.8688524590163934,0.9648600140451382,0.5888888888888889,0.6217973532775902,204.88679245283018,0.36751757306696264,False,AS_24hr_BSE_Side_008,399,53
1.7403626894942439,1.322632043605615,0.9649122807017544,0.6544928643608604,0.6790123456790124,1.0,145.34545454545454,0.024955436720142603,False,AS_24hr_BSE_Side_008,400,55
2.342422680822206,1.3931954036229894,0.8148148148148148,0.6962757395374356,0.6162464985994398,0.5989175933993585,140.8181818181818,0.056702317290552584,False,AS_24hr_BSE_Side_008,401,220
4.174873528887417,27.72439348051313,0.36696842570103777,0.9993492903922231,0.05089330370965163,0.04002169450360756,157.24354860275437,0.09743831748503654,True,AS_24hr_BSE_Side_008,402,14958
1.7634279935629373,4.072748489879176,0.8529411764705882,0.9693878693031048,0.5686274509803921,0.5579692110401097,190.91379310344828,0.3531440162271805,False,AS_24hr_BSE_Side_008,403,58
2.12057393120585,2.7020306931465967,0.8098159509202454,0.9289951000950075,0.55,0.6124660281133425,216.02272727272728,0.18068924539512776,False,AS_24hr_BSE_Side_008,404,132
3.345765693114488,9.906675862422286,0.39420341394025604,0.9948923087505585,0.10936806274974101,0.08057490516600381,183.07307171853856,0.0928989006518259,True,AS_24hr_BSE_Side_008,405,2217
1.6901960800285136,1.9015524907271513,0.9423076923076923,0.8505550086331113,0.7,0.9609358470288317,170.89795918367346,0.10316126450580233,False,AS_24hr_BSE_Side_008,406,49
1.7403626894942439,2.11837564054141,0.9166666666666666,0.8815665243443889,0.7051282051282052,0.8374601021280331,187.6727272727273,0.222602495543672,False,AS_24hr_BSE_Side_008,407,55
2.988112840268352,5.926025358303151,0.6886058032554848,0.9856593697137979,0.3012383900928793,0.24153338380487338,198.33812949640287,0.10789754750821191,True,AS_24hr_BSE_Side_008,408,973
1.7323937598229686,2.508209854904772,0.8307692307692308,0.9170854417930665,0.5192307692307693,0.617792516776285,163.35185185185185,0.16586782861292665,False,AS_24hr_BSE_Side_008,409,54
2.595496221825574,2.4917276981213234,0.6204724409448819,0.9159344226402879,0.3003048780487805,0.3176211525358965,194.99238578680203,0.13234796456653727,False,AS_24hr_BSE_Side_008,410,394
2.0170333392987803,2.181465164821618,0.9122807017543859,0.8887421227835135,0.6797385620915033,0.7480172790486521,132.78846153846155,0.025867269984917042,False,AS_24hr_BSE_Side_008,411,104
1.7323937598229686,1.566420826392096,0.9310344827586207,0.769706392470863,0.7012987012987013,0.9498898157053113,156.22222222222223,0.09615105301379812,False,AS_24hr_BSE_Side_008,412,54
1.8388490907372552,1.609429944050075,0.9078947368421053,0.7835426448526539,0.6272727272727273,0.8483174353883532,180.71014492753622,0.20886615515771526,False,AS_24hr_BSE_Side_008,413,69
2.2095150145426308,2.214320604708042,0.7363636363636363,0.8922175815835788,0.36818181818181817,0.466167449370479,140.57407407407408,0.05589445654805132,False,AS_24hr_BSE_Side_008,414,162
1.6020599913279623,2.916991707529442,0.8163265306122449,0.9394014986101952,0.45454545454545453,0.7696127048829099,139.75,0.08088235294117647,False,AS_24hr_BSE_Side_008,415,40
1.6989700043360187,1.5423249335585627,0.9803921568627451,0.7613238492119352,0.6944444444444444,1.0,160.38,0.1312941176470588,False,AS_24hr_BSE_Side_008,416,50
4.01628102454283,10.110055341347037,0.38194393348539474,0.9950962413885819,0.14257855416392,0.06556740823545304,156.4728376035446,0.07854431312112592,True,AS_24hr_BSE_Side_008,417,10382
1.662757831681574,4.2781698628118825,0.7666666666666667,0.972297981067112,0.38333333333333336,0.558288293640026,143.6304347826087,0.1153452685421995,False,AS_24hr_BSE_Side_008,418,46
1.6020599913279623,1.3793672253034532,1.0,0.6887803344526446,0.8333333333333334,1.0,159.025,0.06235294117647059,False,AS_24hr_BSE_Side_008,419,40
2.322219294733919,2.9128121042854946,0.84,0.9392218375515974,0.625,0.6006316135324993,213.85714285714286,0.12020541549953315,False,AS_24hr_BSE_Side_008,420,210
2.3909351071033793,1.914728358314906,0.7214076246334311,0.8527818435966437,0.43386243386243384,0.368968674770794,156.8821138211382,0.06792603220149848,False,AS_24hr_BSE_Side_008,421,246
4.343408593803857,21.929662516439183,0.2803952237439438,0.9989597635890227,0.04130528445385235,0.015592849573591624,162.3653514739229,0.08578524743230626,True,AS_24hr_BSE_Side_008,422,22050
2.0086001717619175,1.7222627207541936,0.9026548672566371,0.8141664770829155,0.68,0.7994412014600171,132.7058823529412,0.02575932333717801,False,AS_24hr_BSE_Side_008,423,102
2.9185545305502734,2.7318969866152543,0.7278314310798947,0.930596752806447,0.4051808406647116,0.29792341760680313,187.7201447527141,0.1076326308569266,True,AS_24hr_BSE_Side_008,424,829
1.8388490907372552,1.616034685696582,0.7931034482758621,0.785549675991394,0.4928571428571429,0.7131052324348346,132.56521739130434,0.05137823245240125,False,AS_24hr_BSE_Side_008,425,69
2.9041743682841634,1.538206686002203,0.9491124260355029,0.7598420806307079,0.7277676950998185,0.8228712475617325,208.6496259351621,0.016771796000195592,False,AS_24hr_BSE_Side_008,426,802
2.4265112613645754,1.3560008840682765,0.7478991596638656,0.6753879223772358,0.4643478260869565,0.4784692319275973,143.7078651685393,0.053947271792612175,False,AS_24hr_BSE_Side_008,427,267
2.2068258760318495,4.2591193169239805,0.5962962962962963,0.9720460401844958,0.314453125,0.30541075520931416,149.77018633540374,0.0833516015101693,False,AS_24hr_BSE_Side_008,428,161
2.3364597338485296,2.1000384617548873,0.5833333333333334,0.8793468805510112,0.3522727272727273,0.312610835672391,159.09677419354838,0.10129212975512786,False,AS_24hr_BSE_Side_008,429,217
2.2068258760318495,3.843989074498483,0.8385416666666666,0.9655691791133342,0.4586894586894587,0.49862900338121957,174.416149068323,0.1888685909146267,False,AS_24hr_BSE_Side_008,430,161
3.215373152783422,15.019927018154752,0.6008049762166118,0.9977812088175906,0.14962638964825953,0.10935887218871858,183.8940316686967,0.13560937164147024,True,AS_24hr_BSE_Side_008,431,1642
1.7403626894942439,1.414385837376935,0.8870967741935484,0.7071928977075853,0.6111111111111112,0.9101839956900596,159.3272727272727,0.06666666666666667,False,AS_24hr_BSE_Side_008,432,55
1.7160033436347992,1.3107884980211397,0.9285714285714286,0.6465169947965125,0.65,1.0,151.8653846153846,0.029411764705882353,False,AS_24hr_BSE_Side_008,433,52
2.4313637641589874,4.757794969364703,0.5567010309278351,0.9776624058248451,0.2631578947368421,0.27174114270096394,198.75925925925927,0.2277124183006536,False,AS_24hr_BSE_Side_008,434,270
4.055340099544181,23.09427036921278,0.3957012471260364,0.9990620812308613,0.05590224120790968,0.022371334577033282,156.78307949643454,0.05640029759592894,True,AS_24hr_BSE_Side_008,435,11359
1.7481880270062005,5.33226074821783,0.9180327868852459,0.982257402724324,0.7777777777777778,0.5120680736881187,166.41071428571428,0.2935574229691877,False,AS_24hr_BSE_Side_008,436,56
2.342422680822206,1.0184832947967626,0.944206008583691,0.18964804268661367,0.7612456747404844,0.9264270201529875,179.06363636363636,0.019554367201426025,False,AS_24hr_BSE_Side_008,437,220
2.7363965022766426,4.975231827012453,0.7152230971128609,0.9795921319829013,0.3440656565656566,0.29783864467495674,197.99449541284403,0.09435509983810038,True,AS_24hr_BSE_Side_008,438,545
1.6532125137753437,2.2487791346743937,0.8490566037735849,0.895686662856508,0.625,0.7446959964736851,161.51111111111112,0.12688453159041393,False,AS_24hr_BSE_Side_008,439,45
1.9590413923210936,4.737052076739266,0.875,0.9774640912346727,0.3192982456140351,0.48078810339654904,157.58241758241758,0.10101271277741866,False,AS_24hr_BSE_Side_008,440,91
1.7160033436347992,1.2865504551329734,0.9454545454545454,0.6291643739958324,0.6419753086419753,1.0,160.32692307692307,0.06116138763197587,False,AS_24hr_BSE_Side_008,441,52
1.845098040014257,3.64063443307917,0.875,0.9615364402839462,0.5882352941176471,0.604641416389669,196.0,0.30935574229691876,False,AS_24hr_BSE_Side_008,442,70
2.0253058652647704,2.5317638689846382,0.8617886178861789,0.9186890554088949,0.4818181818181818,0.606351914613761,202.58490566037736,0.2,False,AS_24hr_BSE_Side_008,443,106
1.8750612633917,2.7698421798473274,0.635593220338983,0.9325536596925913,0.43859649122807015,0.43670726396107223,142.21333333333334,0.06138562091503268,False,AS_24hr_BSE_Side_008,444,75
2.307496037913213,2.7299037926395022,0.7777777777777778,0.9304915820223058,0.5638888888888889,0.46354099221225403,184.52216748768473,0.12156862745098039,False,AS_24hr_BSE_Side_008,445,203
3.1209028176145273,12.805008942004054,0.5126115638339154,0.9969459656730819,0.1434154814895234,0.11669655581103608,215.58591975775929,0.14297546422051033,True,AS_24hr_BSE_Side_008,446,1321
1.8325089127062364,2.6484247984837186,0.9066666666666666,0.9259757716222211,0.44155844155844154,0.6578243047076552,121.25,0.018685121107266434,False,AS_24hr_BSE_Side_008,447,68
1.6020599913279623,1.2991198923515763,0.9523809523809523,0.6383431827184427,0.7142857142857143,1.0,143.8,0.04598039215686275,False,AS_24hr_BSE_Side_008,448,40
1.6020599913279623,2.5787932685025723,0.8695652173913043,0.9217526843000706,0.5555555555555556,0.7355085549429068,185.025,0.3390196078431373,False,AS_24hr_BSE_Side_008,449,40
1.7481880270062005,5.320492979484926,0.7777777777777778,0.9821781175970009,0.2916666666666667,0.5868913344788852,176.89285714285714,0.3044817927170868,False,AS_24hr_BSE_Side_008,450,56
2.6180480967120925,2.6882483119745397,0.6316590563165906,0.9282369590479654,0.36276223776223776,0.28489515554928996,172.60481927710845,0.06472005669737775,False,AS_24hr_BSE_Side_008,451,415
1.8750612633917,2.6975528992597373,0.8823529411764706,0.9287501273786561,0.4807692307692308,0.6717875476647558,152.21333333333334,0.07315032679738562,False,AS_24hr_BSE_Side_008,452,75
4.091526272631091,16.87229634501076,0.42859126570853295,0.9982420621618922,0.1037339517375815,0.029151410273033185,155.14701117770937,0.052659430854797774,True,AS_24hr_BSE_Side_008,453,12346
1.7160033436347992,1.9831324181798549,0.8524590163934426,0.8635561079910661,0.6190476190476191,0.8130744101510485,179.98076923076923,0.13250377073906486,False,AS_24hr_BSE_Side_008,454,52
2.514547752660286,2.359754761293552,0.7767220902612827,0.9057684978958274,0.4579831932773109,0.5009597795366586,159.52293577981652,0.03245187983450261,False,AS_24hr_BSE_Side_008,455,327
1.8573324964312685,3.27267317824315,0.8089887640449438,0.9521726292974488,0.4235294117647059,0.5643114363247179,149.86111111111111,0.08387799564270153,False,AS_24hr_BSE_Side_008,456,72
2.765668554759014,7.369446131177875,0.6858823529411765,0.9907506024370891,0.35592185592185593,0.234613410007796,211.28644939965696,0.13652170988463996,True,AS_24hr_BSE_Side_008,457,583
1.863322860120456,1.367974858942759,0.9012345679012346,0.6823693343855826,0.5615384615384615,0.8315937045648574,129.34246575342465,0.04856298683857104,False,AS_24hr_BSE_Side_008,458,73
3.313234291694724,9.534653987219059,0.4591517857142857,0.9944848238283946,0.1532216014897579,0.10161721957506362,179.6796305298979,0.06714709218641272,True,AS_24hr_BSE_Side_008,459,2057
2.1583624920952498,6.707141705749331,0.7619047619047619,0.9888229055007551,0.28125,0.31952404975987697,152.53472222222223,0.07883986928104576,False,AS_24hr_BSE_Side_008,460,144
1.8512583487190752,1.0945056074320414,0.9594594594594594,0.4064915871164368,0.71,1.0,156.9718309859155,0.03004694835680751,False,AS_24hr_BSE_Side_008,461,71
2.3502480183341627,1.1525103318186738,0.9333333333333333,0.49713853476864134,0.7320261437908496,0.8286194840097671,177.54910714285714,0.02501750700280112,False,AS_24hr_BSE_Side_008,462,224
2.6599162000698504,1.7781390769959495,0.6021080368906456,0.826875031550934,0.3795681063122924,0.27873120650198197,194.60831509846827,0.09571373407130905,False,AS_24hr_BSE_Side_008,463,457
1.9030899869919435,3.3257025820646606,0.8695652173913043,0.9537224544651243,0.45454545454545453,0.6090618924567515,167.575,0.14387254901960783,False,AS_24hr_BSE_Side_008,464,80
1.6334684555795864,1.5325953904270606,1.0,0.7577991131879039,0.6825396825396826,1.0,149.65116279069767,0.04505243958048336,False,AS_24hr_BSE_Side_008,465,43
2.2121876044039577,2.170130355489969,0.7990196078431373,0.8875030648364157,0.5451505016722408,0.5766793388738415,141.6319018404908,0.0741489233730302,False,AS_24hr_BSE_Side_008,466,163
1.6812412373755872,2.1438388247689466,0.8421052631578947,0.8845459971802342,0.5454545454545454,0.7943423962385974,133.875,0.039133986928104575,False,AS_24hr_BSE_Side_008,467,48
2.012837224705172,2.9045394842547583,0.8306451612903226,0.9388638454234521,0.4660633484162896,0.6264229126737902,142.50485436893203,0.030649152865029505,False,AS_24hr_BSE_Side_008,468,103
3.5839917991983166,19.460393363163742,0.5427924741830528,0.9986788450539194,0.09068349404424277,0.07686485286232894,207.49152984102165,0.105809788079944,True,AS_24hr_BSE_Side_008,469,3837
1.8976270912904414,2.290392194691934,0.7383177570093458,0.899652605072179,0.4340659340659341,0.561665634287358,149.126582278481,0.05445519980143956,False,AS_24hr_BSE_Side_008,470,79
1.6901960800285136,2.7954832974251214,0.765625,0.9338289321812998,0.4537037037037037,0.6251264411403482,155.6734693877551,0.10140056022408964,False,AS_24hr_BSE_Side_008,471,49
1.6720978579357175,2.831609211580646,0.8545454545454545,0.9355644208002274,0.4351851851851852,0.6397284057039956,138.91489361702128,0.07768043387567793,False,AS_24hr_BSE_Side_008,472,47
1.7993405494535817,1.7988418071077452,0.875,0.8312403115364391,0.6057692307692307,0.8958211382304696,166.9047619047619,0.09735449735449736,False,AS_24hr_BSE_Side_008,473,63
2.0453229787866576,1.9033669571930452,0.8283582089552238,0.8508647657186825,0.578125,0.6853860065699695,158.36936936936937,0.0516869810987458,False,AS_24hr_BSE_Side_008,474,111
2.4149733479708178,1.4203033873509912,0.6265060240963856,0.7101256937364766,0.38980509745127434,0.35826092041574525,177.54615384615386,0.12351432880844646,False,AS_24hr_BSE_Side_008,475,260
2.311753861055754,1.7090375439681766,0.5694444444444444,0.8109433644640863,0.3366174055829228,0.3429538457088774,189.81951219512194,0.14632233381157342,False,AS_24hr_BSE_Side_008,476,205
1.7781512503836436,1.4188445303854715,0.8571428571428571,0.709407199305535,0.6,0.8166745604731857,139.65,0.03869281045751634,False,AS_24hr_BSE_Side_008,477,60
1.8388490907372552,3.0697079221780244,0.5948275862068966,0.9454511550978151,0.3317307692307692,0.4962806947534326,156.6231884057971,0.08485365160556976,False,AS_24hr_BSE_Side_008,478,69
1.8129133566428555,1.4750589971156676,0.9154929577464789,0.7351181755281587,0.6565656565656566,0.9350215988108153,139.55384615384617,0.05659125188536954,False,AS_24hr_BSE_Side_008,479,65
1.7403626894942439,1.140339997335038,0.9649122807017544,0.4806154838481292,0.7638888888888888,1.0,142.3272727272727,0.03244206773618539,False,AS_24hr_BSE_Side_008,480,55
4.159236233412904,2.467899475977868,0.2384840421136142,0.914226786908699,0.1216425837562596,0.04695567716859434,168.9332594081364,0.04771192003033107,True,AS_24hr_BSE_Side_008,481,14429
3.0678145111618402,1.3858293813736462,0.8640059127864006,0.6923211111903445,0.6408991228070176,0.6087912822815345,162.6852010265184,0.019040909777084485,False,AS_24hr_BSE_Side_008,482,1169
2.4653828514484184,2.638831007150253,0.41714285714285715,0.925414821703229,0.22021116138763197,0.19415596140862024,190.4554794520548,0.19885844748858447,True,AS_24hr_BSE_Side_008,483,292
2.9740509027928774,7.727139596390612,0.78369384359401,0.9915906504544544,0.3530734632683658,0.25252604601583706,161.1104033970276,0.08844344531867948,True,AS_24hr_BSE_Side_008,484,942
3.1065308538223815,2.3137981088929447,0.6135381661065771,0.901782654013546,0.29379310344827586,0.28483507469686864,187.04225352112675,0.041667433796679865,True,AS_24hr_BSE_Side_008,485,1278
2.5390760987927767,12.420322226356035,0.6006944444444444,0.9967535418381526,0.15585585585585585,0.14980016671791724,186.635838150289,0.2301824776153236,True,AS_24hr_BSE_Side_008,486,346
1.7634279935629373,1.3168164414252534,0.90625,0.6506155346318512,0.5858585858585859,0.9046215002024535,144.55172413793105,0.0521974306964165,False,AS_24hr_BSE_Side_008,487,58
4.057666103909829,10.774594288260998,0.40096906709736313,0.995683751637807,0.20733478576615832,0.043949129979934685,169.48257443082312,0.07296727447546443,True,AS_24hr_BSE_Side_008,488,11420
2.290034611362518,5.2667299283305296,0.7647058823529411,0.9818090197779376,0.3482142857142857,0.35352941694673695,198.92307692307693,0.17920563097033684,False,AS_24hr_BSE_Side_008,489,195
1.7075701760979363,1.9573038244988783,0.75,0.8596360595308123,0.53125,0.6338016877112919,154.3921568627451,0.1384083044982699,False,AS_24hr_BSE_Side_008,490,51
1.6532125137753437,4.079082458145952,0.9,0.9694843591697166,0.75,0.5767045382684372,192.42222222222222,0.3731590413943355,False,AS_24hr_BSE_Side_008,491,45
1.863322860120456,1.6900060386492792,0.8795180722891566,0.8061480667158909,0.7604166666666666,0.8146729831891885,143.3972602739726,0.05570776255707762,False,AS_24hr_BSE_Side_008,492,73
1.9242792860618816,3.010122552787944,0.8316831683168316,0.9432046064221374,0.49411764705882355,0.6214646130073254,179.60714285714286,0.13977591036414566,False,AS_24hr_BSE_Side_008,493,84
2.255272505103306,2.254270702582261,0.7692307692307693,0.8962236712801303,0.48,0.5073707616941293,164.78333333333333,0.12618736383442267,False,AS_24hr_BSE_Side_008,494,180
2.187520720836463,1.4036182205095442,0.6875,0.7017285208352491,0.47530864197530864,0.4613056674868507,143.51298701298703,0.06717596129360835,False,AS_24hr_BSE_Side_008,495,154
1.968482948553935,1.365498122198424,0.9117647058823529,0.6809461544321401,0.5535714285714286,0.8075595648229474,143.23655913978496,0.03512544802867384,False,AS_24hr_BSE_Side_008,496,93
1.99563519459755,1.3256917962994883,0.99,0.6565033120285445,0.7615384615384615,1.0,140.46464646464648,0.021113091701326997,False,AS_24hr_BSE_Side_008,497,99
1.7708520116421442,1.5286702691949523,0.9516129032258065,0.7563533344835943,0.6555555555555556,0.9763791953766093,174.16949152542372,0.13160518444666003,False,AS_24hr_BSE_Side_008,498,59
3.481729196960016,2.2333118538113035,0.42638166221347207,0.8941510255878139,0.25905673274094326,0.06009849354275148,161.58641160949867,0.07285555383103108,True,AS_24hr_BSE_Side_008,499,3032
2.0718820073061255,3.5931862357496422,0.8805970149253731,0.960492888883098,0.5959595959595959,0.5841080636274124,201.14406779661016,0.14901960784313725,False,AS_24hr_BSE_Side_008,500,118
1.9867717342662448,2.5374761532963026,0.8584070796460177,0.919070835754397,0.5388888888888889,0.6284269757004782,190.61855670103094,0.20557913887204368,False,AS_24hr_BSE_Side_008,501,97
1.9344984512435677,2.217920247627408,0.8958333333333334,0.8925881931400561,0.5512820512820513,0.7563937421357108,143.6046511627907,0.03543091655266758,False,AS_24hr_BSE_Side_008,502,86
1.8325089127062364,1.51348713293644,0.8,0.7506273471785577,0.5151515151515151,0.5980787728514925,148.77941176470588,0.10853517877739331,False,AS_24hr_BSE_Side_008,503,68
1.6020599913279623,3.026106504707576,0.7843137254901961,0.9438208257974324,0.6153846153846154,0.6238768966913473,134.15,0.059313725490196076,False,AS_24hr_BSE_Side_008,504,40
1.724275869600789,3.158839895798517,0.726027397260274,0.9485685118268046,0.4732142857142857,0.5644837027833327,157.0754716981132,0.1462079171291158,False,AS_24hr_BSE_Side_008,505,53
1.662757831681574,4.55902893403791,0.8070175438596491,0.9756473698871632,0.575,0.5742280929224847,181.02173913043478,0.35268542199488495,False,AS_24hr_BSE_Side_008,506,46
3.550228353055094,10.44284218833094,0.474979930425475,0.9954045121732199,0.13010811801356056,0.10787586014371393,182.11464788732394,0.10218392709196354,True,AS_24hr_BSE_Side_008,507,3550
1.6127838567197355,1.2909145130274258,0.9111111111111111,0.6323967833396829,0.7321428571428571,1.0,180.21951219512195,0.13868962219033956,False,AS_24hr_BSE_Side_008,508,41
1.7323937598229686,1.4990174895802701,0.9642857142857143,0.7449649351568239,0.75,1.0,143.90740740740742,0.04742193173565723,False,AS_24hr_BSE_Side_008,509,54
2.979548374704095,1.472406898138956,0.9226305609284333,0.7339901726147281,0.6445945945945946,0.745492243919991,205.9412997903564,0.01291980104410737,False,AS_24hr_BSE_Side_008,510,954
2.143014800254095,1.7090673116950197,0.852760736196319,0.81095071784429,0.6289592760180995,0.7313730630687529,164.46762589928056,0.09566934687544082,False,AS_24hr_BSE_Side_008,511,139
2.846955325019824,2.5130096844694685,0.8015963511972634,0.9174161164238898,0.563301282051282,0.41409793906996617,160.3669985775249,0.05792541767773966,True,AS_24hr_BSE_Side_008,512,703
1.6532125137753437,2.1017347734626446,0.9,0.8795548915818755,0.6428571428571429,0.8824921044142333,157.4,0.08793028322440087,False,AS_24hr_BSE_Side_008,513,45
2.1492191126553797,1.8350100529000606,0.9337748344370861,0.8384645506391699,0.6409090909090909,0.8065624524579273,197.04964539007094,0.06046446947573356,False,AS_24hr_BSE_Side_008,514,141
1.8976270912904414,3.6590039284239615,0.8229166666666666,0.9619292970338239,0.3798076923076923,0.540167958813608,190.84810126582278,0.24035740878629935,False,AS_24hr_BSE_Side_008,515,79
2.0453229787866576,2.366988111069489,0.7985611510791367,0.9063732583457144,0.555,0.5570189087572472,146.97297297297297,0.06853912736265678,False,AS_24hr_BSE_Side_008,516,111
1.6989700043360187,3.911593716218894,0.6944444444444444,0.9667693303473042,0.44642857142857145,0.5188557010892367,172.82,0.29568627450980395,False,AS_24hr_BSE_Side_008,517,50
1.6020599913279623,2.349221515895147,0.8888888888888888,0.9048770959637378,0.5194805194805194,0.7696127048829099,172.925,0.24166666666666667,False,AS_24hr_BSE_Side_008,518,40
1.6989700043360187,1.991560640562124,0.9615384615384616,0.8647986646238388,0.5681818181818182,0.9025536672336212,135.16,0.039450980392156866,False,AS_24hr_BSE_Side_008,519,50
1.8750612633917,1.623900925834623,0.8522727272727273,0.7879016355835182,0.5952380952380952,0.7354100870118608,157.4,0.07560784313725491,False,AS_24hr_BSE_Side_008,520,75
2.1760912590556813,2.490085078687949,0.9375,0.9158183772313847,0.6521739130434783,0.6805766004759664,209.61333333333334,0.11947712418300653,False,AS_24hr_BSE_Side_008,521,150
1.6434526764861874,1.3232023180278927,0.9166666666666666,0.6548690968009448,0.6111111111111112,0.948661268636659,138.20454545454547,0.043048128342245986,False,AS_24hr_BSE_Side_008,522,44
1.6232492903979006,1.3371370641542422,0.9333333333333333,0.6638491668197297,0.5833333333333334,1.0,144.66666666666666,0.05788982259570495,False,AS_24hr_BSE_Side_008,523,42
2.578639209968072,6.9553579506358,0.4815756035578145,0.9896105404615636,0.14833659491193738,0.15044597908641769,184.48812664907652,0.21301671064204045,True,AS_24hr_BSE_Side_008,524,379
1.8750612633917,3.0590140238463563,0.8928571428571429,0.945057994361601,0.7352941176470589,0.6478300889889311,184.34666666666666,0.20852287581699347,False,AS_24hr_BSE_Side_008,525,75
1.6334684555795864,1.0566257347903363,0.9347826086956522,0.32297088549973996,0.671875,1.0,138.53488372093022,0.042225262197902416,False,AS_24hr_BSE_Side_008,526,43
3.744214724814166,3.469179789051809,0.3485990702349541,0.9575544131924398,0.16412304052055604,0.07282413354986784,187.05910974950442,0.07777200626150622,True,AS_24hr_BSE_Side_008,527,5549
1.7481880270062005,1.5510983228949609,0.6086956521739131,0.7644319229335493,0.358974358974359,0.5417376627004219,118.03571428571429,0.018417366946778712,False,AS_24hr_BSE_Side_008,528,56
1.8260748027008264,2.673754953666085,0.8271604938271605,0.9274263434503608,0.5982142857142857,0.6359826209787196,157.19402985074626,0.10816505706760315,False,AS_24hr_BSE_Side_008,529,67
1.8195439355418688,1.9640723021526287,0.9166666666666666,0.8606800338513224,0.55,0.8512891804007785,140.72727272727272,0.06090314913844326,False,AS_24hr_BSE_Side_008,530,66
2.9175055095525466,4.9158559589652695,0.5695592286501377,0.9790908698106996,0.23282657657657657,0.21205068692460938,187.7944377267231,0.10373426274983996,True,AS_24hr_BSE_Side_008,531,827
1.7323937598229686,2.7050041156583657,0.8571428571428571,0.9291570639476034,0.6428571428571429,0.6814439147447785,127.29629629629629,0.030864197530864196,False,AS_24hr_BSE_Side_008,532,54
1.9493900066449128,2.2965336201914015,0.9368421052631579,0.9002183025227768,0.5393939393939394,0.7971878898955103,178.8426966292135,0.10209297202026879,False,AS_24hr_BSE_Side_008,533,89
2.2576785748691846,2.3583349403005993,0.8080357142857143,0.905649089051841,0.5801282051282052,0.5308741553926596,155.18232044198896,0.0322391940201495,False,AS_24hr_BSE_Side_008,534,181
1.7993405494535817,3.9779399735715715,0.7777777777777778,0.9678868110887767,0.35,0.4937725067841284,142.63492063492063,0.10202303143479614,False,AS_24hr_BSE_Side_008,535,63
3.1792644643390253,4.546987428082157,0.5955853370122192,0.9755165953292209,0.2693404634581105,0.14334911433414455,176.52349437458636,0.06243625180052167,True,AS_24hr_BSE_Side_008,536,1511
2.0644579892269186,3.9062465658886163,0.6590909090909091,0.9666767219552724,0.34523809523809523,0.35274299936970716,158.7155172413793,0.1370182555780933,False,AS_24hr_BSE_Side_008,537,116
2.12057393120585,2.479505352898787,0.6839378238341969,0.9150650635751535,0.3142857142857143,0.3604160917997532,150.90151515151516,0.17379679144385027,False,AS_24hr_BSE_Side_008,538,132
2.037426497940624,1.8458026691818443,0.8934426229508197,0.8405269583465912,0.6411764705882353,0.7749563814850888,144.93577981651376,0.023637344846195358,False,AS_24hr_BSE_Side_008,539,109
1.8573324964312685,3.049938841341434,0.7272727272727273,0.9447209663992006,0.34285714285714286,0.4829277266569112,169.51388888888889,0.16928104575163397,False,AS_24hr_BSE_Side_008,540,72
2.1398790864012365,1.1476877428545191,0.9387755102040817,0.4907203319095049,0.6571428571428571,0.9183168846230286,171.5072463768116,0.027308894572321683,False,AS_24hr_BSE_Side_008,541,138
1.9590413923210936,1.8344511303184865,0.9479166666666666,0.8383566117314545,0.6363636363636364,0.8922975722410578,150.5164835164835,0.04443007972419737,False,AS_24hr_BSE_Side_008,542,91
1.6020599913279623,1.305134522595414,0.9523809523809523,0.6425967622088564,0.7142857142857143,1.0,193.05,0.17166666666666666,False,AS_24hr_BSE_Side_008,543,40
1.8325089127062364,2.1784572435341145,0.8717948717948718,0.8884153659594723,0.7472527472527473,0.7588734637926687,151.75,0.04953863898500577,False,AS_24hr_BSE_Side_008,544,68
3.5060989599284405,4.297149829414621,0.3997257883584694,0.9725456001122529,0.1725585149313963,0.11122567785761919,179.86747739320236,0.10434527412461711,True,AS_24hr_BSE_Side_008,545,3207
1.7853298350107671,3.6310359972672157,0.8591549295774648,0.9613287239890901,0.3696969696969697,0.609767172945247,188.80327868852459,0.3210543233686917,False,AS_24hr_BSE_Side_008,546,61
2.1367205671564067,1.5325751256624547,0.6227272727272727,0.757791684439189,0.37950138504155123,0.37140669789536607,172.36496350364965,0.18105052239874053,False,AS_24hr_BSE_Side_008,547,137
1.7993405494535817,1.958635185857258,0.875,0.8598423653805451,0.65625,0.838463242481896,155.57142857142858,0.07457205104263928,False,AS_24hr_BSE_Side_008,548,63
1.6127838567197355,1.0903124764458716,0.9761904761904762,0.39850016009581274,0.640625,1.0,151.29268292682926,0.03500717360114778,False,AS_24hr_BSE_Side_008,549,41
2.9849771264154934,8.354695216917296,0.5826296743063932,0.9928109305215215,0.26863181312569523,0.13571174777001901,204.20910973084887,0.16840823285836073,True,AS_24hr_BSE_Side_008,550,966
1.6901960800285136,2.2252047874433223,0.8305084745762712,0.8933322339025435,0.5104166666666666,0.7336553371716588,147.71428571428572,0.08523409363745499,False,AS_24hr_BSE_Side_008,551,49
1.6812412373755872,1.525125031014542,0.9230769230769231,0.7550354704582012,0.6857142857142857,0.9864517666782943,159.16666666666666,0.046405228758169936,False,AS_24hr_BSE_Side_008,552,48
2.214843848047698,1.9276629883974479,0.8541666666666666,0.8549181693204959,0.5734265734265734,0.6785007967871353,208.08536585365854,0.12080344332855093,False,AS_24hr_BSE_Side_008,553,164
2.123851640967086,5.101014703876865,0.806060606060606,0.9805960141851919,0.31971153846153844,0.4186494128687906,187.7593984962406,0.2321391714580569,False,AS_24hr_BSE_Side_008,554,133
1.8260748027008264,1.3654919812059445,0.9710144927536232,0.6809426123671007,0.7613636363636364,1.0,212.1492537313433,0.15065847234416155,False,AS_24hr_BSE_Side_008,555,67
1.6127838567197355,1.159047458941032,1.0,0.5055839081977815,0.7321428571428571,1.0,206.97560975609755,0.10616929698708752,False,AS_24hr_BSE_Side_008,556,41
2.4409090820652177,8.363819270257718,0.6258503401360545,0.992826663647225,0.20535714285714285,0.2078079087001042,197.11231884057972,0.23421426541631146,True,AS_24hr_BSE_Side_008,557,276
1.9444826721501687,1.277667752047064,0.9263157894736842,0.6224292238835009,0.6666666666666666,0.9353198027032721,167.1590909090909,0.04893048128342246,False,AS_24hr_BSE_Side_008,558,88
2.113943352306837,1.3174877124524245,0.8666666666666667,0.651066886404138,0.5158730158730159,0.735999057402429,155.8230769230769,0.081236802413273,False,AS_24hr_BSE_Side_008,559,130
3.485437481076301,13.183699081812204,0.6190283400809716,0.9971191445890881,0.1422325581395349,0.10499251752347123,166.31131458469588,0.11838187204247297,True,AS_24hr_BSE_Side_008,560,3058
2.4771212547196626,3.8877651248676366,0.45454545454545453,0.9663536205347313,0.1976284584980237,0.19447158593015315,144.09333333333333,0.047568627450980394,True,AS_24hr_BSE_Side_008,561,300
1.792391689498254,1.8017971659960876,0.9117647058823529,0.8318493944074142,0.5299145299145299,0.7705040125117667,146.11290322580646,0.07577482605945604,False,AS_24hr_BSE_Side_008,562,62
1.6127838567197355,1.8581359512450133,0.8913043478260869,0.8428339164350024,0.5694444444444444,0.9284911185692181,142.3658536585366,0.05155428024868484,False,AS_24hr_BSE_Side_008,563,41
1.8129133566428555,1.5222380149066124,0.7065217391304348,0.753953759476085,0.5,0.5644233517579738,169.03076923076924,0.20935143288084465,False,AS_24hr_BSE_Side_008,564,65
4.445604203273597,33.57982783165887,0.3425540535563004,0.9995564838965575,0.04474739374498797,0.02967277486319239,156.3890322580645,0.06763440860215053,True,AS_24hr_BSE_Side_008,565,27900
2.2576785748691846,2.9906794574860034,0.7418032786885246,0.9424411108666106,0.3577075098814229,0.410614548953833,152.5027624309392,0.07143321416964575,False,AS_24hr_BSE_Side_008,566,181
1.6989700043360187,1.5199215143836855,0.9433962264150944,0.7530802172732418,0.7142857142857143,1.0,159.58,0.059921568627450975,False,AS_24hr_BSE_Side_008,567,50
1.6901960800285136,1.4302814635867278,0.9607843137254902,0.7149622235207482,0.7777777777777778,1.0,143.6734693877551,0.03817527010804322,False,AS_24hr_BSE_Side_008,568,49
2.03342375548695,3.462166268743279,0.6708074534161491,0.9573784383299331,0.3176470588235294,0.4496126437044555,169.5,0.11067538126361655,False,AS_24hr_BSE_Side_008,569,108
1.8388490907372552,1.2030976626303262,0.8023255813953488,0.5559918870438165,0.575,0.9391757445441636,164.31884057971016,0.07036089798238136,False,AS_24hr_BSE_Side_008,570,69
2.6263403673750423,8.557240299811372,0.6351351351351351,0.9931483856191476,0.2554347826086957,0.2101173922666984,194.65484633569739,0.1216798776248088,True,AS_24hr_BSE_Side_008,571,423
1.9242792860618816,1.2668075449366112,0.8484848484848485,0.6138973190299045,0.5384615384615384,0.8126064940506328,134.5,0.06979458450046686,False,AS_24hr_BSE_Side_008,572,84
3.977311973396926,10.004716287661068,0.3216633904968481,0.9949921737915857,0.1289976214746857,0.037630675941025545,163.82731008323674,0.10311399240973389,True,AS_24hr_BSE_Side_008,573,9491
4.025018972282759,21.867836349930624,0.3029774332866173,0.9989538701418904,0.052648843693619815,0.01830155913211929,172.97318984234872,0.06838256118080197,True,AS_24hr_BSE_Side_008,574,10593
1.6434526764861874,1.3604170853000819,0.9361702127659575,0.6779926445836554,0.6875,1.0,152.0909090909091,0.06916221033868093,False,AS_24hr_BSE_Side_008,575,44
1.806179973983887,2.444187509946481,0.9014084507042254,0.9124743510094359,0.7619047619047619,0.7142338482754529,179.4375,0.16703431372549019,False,AS_24hr_BSE_Side_008,576,64
2.0791812460476247,4.025401851300117,0.7947019867549668,0.9686518000828803,0.38461538461538464,0.43154843022037626,161.39166666666668,0.09934640522875816,False,AS_24hr_BSE_Side_008,577,120
2.3979400086720375,4.854957403656147,0.5707762557077626,0.9785572475592025,0.24801587301587302,0.2653400503738111,209.088,0.22073725490196078,True,AS_24hr_BSE_Side_008,578,250
1.6334684555795864,1.2393352957769816,0.9555555555555556,0.5907097232993677,0.671875,1.0,161.7906976744186,0.07168262653898769,False,AS_24hr_BSE_Side_008,579,43
1.6812412373755872,1.4778214136018744,0.8888888888888888,0.7362848257991105,0.5454545454545454,0.8664515205442763,132.52083333333334,0.04027777777777778,False,AS_24hr_BSE_Side_008,580,48
1.6334684555795864,1.145577667146207,0.86,0.48785971674067535,0.5972222222222222,0.8273336577491281,139.37209302325581,0.08727770177838577,False,AS_24hr_BSE_Side_008,581,43
1.6532125137753437,2.8056156786746014,0.8490566037735849,0.9343227906001834,0.6923076923076923,0.7053892954058976,136.11111111111111,0.04461873638344227,False,AS_24hr_BSE_Side_008,582,45
2.1398790864012365,1.867658389333395,0.6244343891402715,0.8445797209946254,0.33014354066985646,0.3959004508774015,132.8840579710145,0.0240977550440466,False,AS_24hr_BSE_Side_008,583,138
1.9731278535996986,1.7617727013028521,0.8785046728971962,0.8232974923755769,0.6527777777777778,0.736739930757271,142.87234042553192,0.04267834793491865,False,AS_24hr_BSE_Side_008,584,94
2.146128035678238,2.2178653865528504,0.7821229050279329,0.8925825594509162,0.45751633986928103,0.5426075163058143,158.07857142857142,0.07156862745098039,False,AS_24hr_BSE_Side_008,585,140
1.6434526764861874,1.640282585119987,0.9565217391304348,0.7926699170954689,0.7333333333333333,1.0,151.3409090909091,0.062121212121212126,False,AS_24hr_BSE_Side_008,586,44
1.662757831681574,2.8297830888488655,0.8846153846153846,0.9354783617462122,0.5897435897435898,0.7298835779790925,176.84782608695653,0.2225916453537937,False,AS_24hr_BSE_Side_008,587,46
1.6720978579357175,3.3001675803718444,0.7014925373134329,0.9529858136807454,0.44761904761904764,0.4995458037165204,182.4255319148936,0.35619524405506886,False,AS_24hr_BSE_Side_008,588,47
2.123851640967086,2.850815973365168,0.751412429378531,0.9364591087198663,0.5037878787878788,0.47829951016091693,148.1578947368421,0.05555064130915524,False,AS_24hr_BSE_Side_008,589,133
1.6434526764861874,1.9339966767077252,0.9361702127659575,0.8559467569466483,0.5714285714285714,0.8867595629174773,132.70454545454547,0.02976827094474153,False,AS_24hr_BSE_Side_008,590,44
2.143014800254095,2.8810508896828146,0.7393617021276596,0.93782976358608,0.3861111111111111,0.4492389196431857,183.3453237410072,0.14368740301876146,False,AS_24hr_BSE_Side_008,591,139
1.724275869600789,1.13919753149484,0.9464285714285714,0.4790073484483679,0.7361111111111112,1.0,139.8490566037736,0.02967073621901591,False,AS_24hr_BSE_Side_008,592,53
2.8169038393756605,1.0694247168344324,0.8378033205619413,0.35443096491129567,0.5846702317290553,0.6016480204796046,153.0625,0.020361071257771403,False,AS_24hr_BSE_Side_008,593,656
2.03342375548695,2.152042783924709,0.47368421052631576,0.8854814238190594,0.2608695652173913,0.27608337535868205,177.03703703703704,0.30668119099491653,False,AS_24hr_BSE_Side_008,594,108
2.322219294733919,5.636007608501743,0.4861111111111111,0.9841333220176329,0.2978723404255319,0.20117213297494657,187.47142857142856,0.23096171802054155,True,AS_24hr_BSE_Side_008,595,210
3.1085650237328344,16.258923531794157,0.6263414634146341,0.9981067946357565,0.16512345679012347,0.11454325031027682,197.59267912772586,0.1624671675523792,True,AS_24hr_BSE_Side_008,596,1284
2.56702636615906,1.0702389312535503,0.8405466970387244,0.3563021460205586,0.615,0.6894128544749062,181.72357723577235,0.08892077156065678,False,AS_24hr_BSE_Side_008,597,369
2.0043213737826426,2.4483635578618954,0.8347107438016529,0.9127869265174536,0.531578947368421,0.6543414901623537,157.40594059405942,0.0539701028926422,False,AS_24hr_BSE_Side_008,598,101
1.9777236052888478,2.6854193887428908,0.8260869565217391,0.9280798226208249,0.625,0.5994182583403145,195.25263157894736,0.17176470588235293,False,AS_24hr_BSE_Side_008,599,95
2.399673721481038,1.2305912350580719,0.8685121107266436,0.5827973601306958,0.49604743083003955,0.6689005267987587,188.62549800796813,0.07465041793609874,False,AS_24hr_BSE_Side_008,600,251
1.7634279935629373,1.2700527671725304,0.9508196721311475,0.6164821794615589,0.725,1.0,194.6551724137931,0.0861392832995267,False,AS_24hr_BSE_Side_008,601,58
3.975431808509263,32.65053362811985,0.5408344302638356,0.9995308720386487,0.06518230352191368,0.04762070019802287,169.984126984127,0.09973524224504617,True,AS_24hr_BSE_Side_008,602,9450
2.0293837776852097,1.8030996044223386,0.8991596638655462,0.8321167284823625,0.6294117647058823,0.7916275427593311,146.05607476635515,0.043577056991020706,False,AS_24hr_BSE_Side_008,603,107
2.326335860928751,1.636415041577488,0.9137931034482759,0.791559645596117,0.6883116883116883,0.7935455687775085,155.04716981132074,0.026026637069922306,False,AS_24hr_BSE_Side_008,604,212
3.029789470831856,5.953270432946351,0.4234875444839858,0.9857912726782802,0.24586776859504134,0.10663551705445497,182.12885154061624,0.08653448307427546,True,AS_24hr_BSE_Side_008,605,1071
1.6434526764861874,1.3383238942110152,0.9777777777777777,0.6645955628931335,0.7857142857142857,1.0,178.54545454545453,0.07433155080213903,False,AS_24hr_BSE_Side_008,606,44
1.9344984512435677,1.4828919036454982,0.8958333333333334,0.7384045669776425,0.6013986013986014,0.8432702331069337,150.87209302325581,0.09580483356133151,False,AS_24hr_BSE_Side_008,607,86
2.4216039268698313,3.712388582876527,0.6804123711340206,0.9630372215809483,0.4835164835164835,0.3362704903997923,140.27651515151516,0.06525549613784908,False,AS_24hr_BSE_Side_008,608,264
2.444044795918076,1.3239447417195294,0.7743732590529248,0.6553578517175854,0.5295238095238095,0.46955640895522266,142.09712230215828,0.037311327408661304,False,AS_24hr_BSE_Side_008,609,278
2.060697840353612,1.9393512931237504,0.8455882352941176,0.8568075433487875,0.5133928571428571,0.6351825192749331,137.28695652173914,0.0674850809889173,False,AS_24hr_BSE_Side_008,610,115
1.806179973983887,1.2530927712748565,0.927536231884058,0.6026236658821889,0.6464646464646465,0.9582437056935948,147.65625,0.04007352941176471,False,AS_24hr_BSE_Side_008,611,64
2.2576785748691846,5.02540742599408,0.8116591928251121,0.9800017556607689,0.43509615384615385,0.41876591024339244,191.8232044198895,0.1300617484562886,False,AS_24hr_BSE_Side_008,612,181
1.8976270912904414,1.3615531674191486,0.9404761904761905,0.6786570176584841,0.7314814814814815,0.996927208608102,151.40506329113924,0.03191859022089849,False,AS_24hr_BSE_Side_008,613,79
2.8488047010518036,7.296072056764261,0.6573556797020484,0.9905627404298785,0.299660441426146,0.2339102944785053,209.23087818696885,0.13081708604121534,True,AS_24hr_BSE_Side_008,614,706
2.374748346010104,1.4648507165517626,0.6422764227642277,0.7307329573434685,0.3847402597402597,0.34499873852924706,143.51476793248946,0.06385372714486638,False,AS_24hr_BSE_Side_008,615,237
1.8388490907372552,2.6968759598281165,0.8625,0.9287129812805301,0.6160714285714286,0.7438366765446531,140.3768115942029,0.03296391020176186,False,AS_24hr_BSE_Side_008,616,69
1.8512583487190752,2.944815165047836,0.9102564102564102,0.940577216698202,0.696078431372549,0.6830312755835825,184.40845070422534,0.20182270091135046,False,AS_24hr_BSE_Side_008,617,71
2.406540180433955,5.204196168464576,0.5323590814196242,0.981365052040639,0.24519230769230768,0.21305342525839827,155.58823529411765,0.08728950403690888,True,AS_24hr_BSE_Side_008,618,255
2.530199698203082,1.682690644043363,0.7197452229299363,0.8042535616568801,0.48428571428571426,0.47633903321431365,154.87610619469027,0.04753311354040141,False,AS_24hr_BSE_Side_008,619,339
2.9929950984313414,6.749592569227487,0.6680244399185336,0.988963839787894,0.29285714285714287,0.21247850399972878,184.6768292682927,0.08550534034752112,True,AS_24hr_BSE_Side_008,620,984
2.6522463410033232,1.9817298404988575,0.8439849624060151,0.8633476135036307,0.5276145710928319,0.521835423327185,168.2739420935412,0.04937333508013451,False,AS_24hr_BSE_Side_008,621,449
1.724275869600789,1.799731593519138,0.9137931034482759,0.8314240542472011,0.5888888888888889,0.9155998591043562,143.62264150943398,0.05549389567147614,False,AS_24hr_BSE_Side_008,622,53
2.7267272090265724,9.034427658379483,0.6468446601941747,0.9938552377070183,0.17814171122994651,0.2060174045994396,211.80863039399625,0.13844682338226097,True,AS_24hr_BSE_Side_008,623,533
1.9731278535996986,2.060307355676903,0.9215686274509803,0.874311915438802,0.6266666666666667,0.7916739990398257,148.72340425531914,0.07584480600750938,False,AS_24hr_BSE_Side_008,624,94
2.285557309007774,2.1416978218704497,0.5230352303523035,0.8842999424003688,0.32166666666666666,0.26498681937837576,160.27461139896374,0.1353449151681398,False,AS_24hr_BSE_Side_008,625,193
2.3541084391474008,4.76170991612998,0.8188405797101449,0.9776995401681664,0.5707070707070707,0.4290878174905961,200.9867256637168,0.12984556654520213,False,AS_24hr_BSE_Side_008,626,226
2.322219294733919,3.051031747153477,0.5645161290322581,0.944761719723015,0.3167420814479638,0.2878997354346599,195.33333333333334,0.23023342670401495,False,AS_24hr_BSE_Side_008,627,210
2.0827853703164503,1.6139836710031363,0.7289156626506024,0.7849296042751636,0.4801587301587302,0.5355464852973433,134.7603305785124,0.023983146977799383,False,AS_24hr_BSE_Side_008,628,121
3.3121773564397787,17.03989869350219,0.5899942495687176,0.9982765035178771,0.10296552762306187,0.09383564494552017,217.34600389863547,0.12648778809769523,True,AS_24hr_BSE_Side_008,629,2052
3.740441644949766,9.439124152546718,0.44745404262241745,0.9943723073874554,0.17624066895203921,0.08543519356456235,186.1490638065806,0.06668662738682093,True,AS_24hr_BSE_Side_008,630,5501
2.2671717284030137,2.340583837651875,0.9158415841584159,0.9041364448509747,0.6187290969899666,0.6983172582990476,173.17297297297299,0.07082140964493906,False,AS_24hr_BSE_Side_008,631,185
1.9344984512435677,3.221629197456842,0.8349514563106796,0.9506054000260734,0.5308641975308642,0.5947442889407478,169.75581395348837,0.11623347013223895,False,AS_24hr_BSE_Side_008,632,86
1.9444826721501687,2.9399249758458543,0.8543689320388349,0.9403730959970078,0.5146198830409356,0.6085755514742536,192.23863636363637,0.20704099821746882,False,AS_24hr_BSE_Side_008,633,88
1.6334684555795864,1.5546908797678447,0.8958333333333334,0.7656858838490731,0.6825396825396826,0.9941584211054686,175.13953488372093,0.19443684450524396,False,AS_24hr_BSE_Side_008,634,43
1.6334684555795864,1.6849561869394178,0.9555555555555556,0.8048433970523258,0.7166666666666667,0.9941584211054686,159.0,0.0943000455996352,False,AS_24hr_BSE_Side_008,635,43
1.7781512503836436,1.7859082453962523,0.9230769230769231,0.8285337131036405,0.6666666666666666,0.9520220582335989,144.88333333333333,0.03222222222222222,False,AS_24hr_BSE_Side_008,636,60
1.7403626894942439,2.410008797194036,0.7971014492753623,0.9098504892754811,0.5288461538461539,0.6835116240023736,139.56363636363636,0.0506951871657754,False,AS_24hr_BSE_Side_008,637,55
1.9242792860618816,3.517271935427522,0.7924528301886793,0.9587320324153414,0.4666666666666667,0.4979523182760557,170.91666666666666,0.17679738562091504,False,AS_24hr_BSE_Side_008,638,84
1.7993405494535817,3.3070840604094403,0.7875,0.9531870846923188,0.4375,0.5664490341705142,159.9206349206349,0.123062558356676,False,AS_24hr_BSE_Side_008,639,63
1.6334684555795864,1.2762391193028928,0.9772727272727273,0.6213259310662348,0.6825396825396826,1.0,149.8372093023256,0.0533515731874145,False,AS_24hr_BSE_Side_008,640,43
2.885926339801431,1.534665511464785,0.791967044284243,0.7585560559226986,0.532917532917533,0.49045918652195547,135.0559167750325,0.04223463117366582,False,AS_24hr_BSE_Side_008,641,769
1.9777236052888478,1.1548606169477478,0.95,0.5002078617194388,0.7196969696969697,1.0,184.77894736842106,0.05180598555211559,False,AS_24hr_BSE_Side_008,642,95
2.298853076409707,6.381051563201283,0.7397769516728625,0.9876440289075287,0.37335834896810505,0.28905678591412,195.32663316582915,0.2061089762538181,False,AS_24hr_BSE_Side_008,643,199
1.7160033436347992,1.9329387093713393,0.896551724137931,0.8557757324958635,0.65,0.8605375959251472,141.96153846153845,0.07292609351432881,False,AS_24hr_BSE_Side_008,644,52
2.294466226161593,3.911080716364314,0.8491379310344828,0.9667604624512837,0.46904761904761905,0.48291929047112214,190.7969543147208,0.19882552005573803,False,AS_24hr_BSE_Side_008,645,197
2.1583624920952498,3.996392971811132,0.8089887640449438,0.968187547801039,0.5142857142857142,0.44260040107218435,157.20833333333334,0.06827342047930283,False,AS_24hr_BSE_Side_008,646,144
2.0211892990699383,3.3703645898629495,0.6176470588235294,0.9549695554074603,0.3125,0.34815082732812286,145.44761904761904,0.1627264239028945,False,AS_24hr_BSE_Side_008,647,105
2.576341350205793,1.3602908850841984,0.6829710144927537,0.6779187005732573,0.48333333333333334,0.3679629802420063,135.44297082228115,0.0702449680137307,False,AS_24hr_BSE_Side_008,648,377
1.6020599913279623,2.8377659147873233,0.7272727272727273,0.9358532844600782,0.5128205128205128,0.7473024132641384,140.675,0.13058823529411764,False,AS_24hr_BSE_Side_008,649,40
1.8260748027008264,1.9607657107558685,0.9305555555555556,0.8601715320357419,0.6442307692307693,0.8777816005617554,158.34328358208955,0.05367281240854551,False,AS_24hr_BSE_Side_008,650,67
1.8325089127062364,1.873017245571383,0.85,0.8455489445298427,0.5811965811965812,0.7588734637926687,149.72058823529412,0.06949250288350634,False,AS_24hr_BSE_Side_008,651,68
2.0253058652647704,1.349828105122265,0.8983050847457628,0.6716869789432091,0.5888888888888889,0.8307918368113906,150.33018867924528,0.0318534961154273,False,AS_24hr_BSE_Side_008,652,106
2.1931245983544616,3.898940739122006,0.7155963302752294,0.9665495599304567,0.4431818181818182,0.3562186935227174,184.44871794871796,0.2496732026143791,False,AS_24hr_BSE_Side_008,653,156
1.9138138523837167,1.646544880894823,0.6307692307692307,0.7944478560042652,0.41414141414141414,0.4810130468751168,142.34146341463415,0.05786704925872788,False,AS_24hr_BSE_Side_008,654,82
1.8864907251724818,2.3697099966090263,0.7,0.9065992913104728,0.42777777777777776,0.5164643743414189,148.36363636363637,0.09111280875986758,False,AS_24hr_BSE_Side_008,655,77
2.0755469613925306,1.2418984797421935,0.9834710743801653,0.5929778147356995,0.8321678321678322,1.0,177.42016806722688,0.02820893063107596,False,AS_24hr_BSE_Side_008,656,119
1.724275869600789,1.7960749769942352,0.8833333333333333,0.8306669485139802,0.6883116883116883,0.8770863958467847,132.20754716981133,0.02589715131335553,False,AS_24hr_BSE_Side_008,657,53
1.9777236052888478,1.9641994478988722,0.9223300970873787,0.8606995296308405,0.6597222222222222,0.8000960628593983,161.61052631578949,0.07430340557275542,False,AS_24hr_BSE_Side_008,658,95
1.9444826721501687,1.4890574784000188,0.9361702127659575,0.7409449679151788,0.6666666666666666,0.9353198027032721,144.26136363636363,0.031060606060606063,False,AS_24hr_BSE_Side_008,659,88
2.8027737252919755,2.0760281128377547,0.7820197044334976,0.8763422068424827,0.48659003831417624,0.4730248707627513,173.296062992126,0.026018218310946428,False,AS_24hr_BSE_Side_008,660,635
1.6901960800285136,1.2330458094402759,0.9423076923076923,0.5850463222956129,0.6805555555555556,1.0,149.59183673469389,0.04353741496598639,False,AS_24hr_BSE_Side_008,661,49
1.7075701760979363,1.330006586963188,0.9622641509433962,0.6593045710895389,0.796875,1.0,143.49019607843138,0.02637447135717032,False,AS_24hr_BSE_Side_008,662,51
2.5276299008713385,5.947029893191163,0.6633858267716536,0.9857612215857717,0.28656462585034015,0.28077855457957746,210.05637982195844,0.19357654040844827,True,AS_24hr_BSE_Side_008,663,337
1.8692317197309762,2.033497722350407,0.8505747126436781,0.8707287978238473,0.5481481481481482,0.6803454133221887,150.13513513513513,0.07827239003709592,False,AS_24hr_BSE_Side_008,664,74
2.012837224705172,2.43073068914714,0.5754189944134078,0.9114553867102971,0.2985507246376812,0.32421721447733404,174.55339805825244,0.2757281553398058,False,AS_24hr_BSE_Side_008,665,103
1.6989700043360187,1.1102236008961934,0.9433962264150944,0.43440126389588396,0.78125,1.0,161.52,0.04015686274509804,False,AS_24hr_BSE_Side_008,666,50
2.1335389083702174,2.4355417178126837,0.7046632124352331,0.9118217541248924,0.5375494071146245,0.4449307739214715,164.7941176470588,0.14662629757785467,False,AS_24hr_BSE_Side_008,667,136
4.088100634642659,13.240935930934063,0.23406328823664296,0.9971440326071499,0.04713329228874865,0.03400873854903317,167.81802596130296,0.11311303523777051,True,AS_24hr_BSE_Side_008,668,12249
2.967079734144497,1.0335961264615796,0.8853868194842407,0.2528867549512342,0.756734693877551,0.6968130867762301,160.57605177993528,0.013719144615775112,False,AS_24hr_BSE_Side_008,669,927
2.103803720955957,4.4331849495616344,0.7383720930232558,0.9742266248611872,0.5291666666666667,0.3764282406015422,192.1811023622047,0.21655087231743092,False,AS_24hr_BSE_Side_008,670,127
1.7481880270062005,2.230737602951847,0.875,0.8938920814039697,0.5656565656565656,0.8384632424818955,183.67857142857142,0.19908963585434175,False,AS_24hr_BSE_Side_008,671,56
3.747489492258673,13.301191512658988,0.397709489258785,0.9971698862075559,0.10278140338621615,0.06537033448389011,175.71758182793775,0.06660424141038994,True,AS_24hr_BSE_Side_008,672,5591
3.738384123512156,7.665618798324254,0.3797336662505202,0.9914545455272645,0.24303089488636365,0.05977372359341016,189.8228310502283,0.05921246306741875,True,AS_24hr_BSE_Side_008,673,5475
1.7481880270062005,3.55409219975703,0.9180327868852459,0.9596005866025401,0.3916083916083916,0.628715123115431,166.19642857142858,0.18837535014005602,False,AS_24hr_BSE_Side_008,674,56
1.7781512503836436,1.357546020770032,0.9523809523809523,0.6763032945001041,0.6818181818181818,0.9929279952982464,190.48333333333332,0.1349019607843137,False,AS_24hr_BSE_Side_008,675,60
3.04883008652835,11.012046987748047,0.5895679662802951,0.9958682692284885,0.23196517412935325,0.14368376402138486,216.0875781948168,0.12104995706951234,True,AS_24hr_BSE_Side_008,676,1119
2.3324384599156054,1.416741970290015,0.9388646288209607,0.7083664808223952,0.6825396825396826,0.8708865069423899,148.0418604651163,0.02258093935248518,False,AS_24hr_BSE_Side_008,677,215
2.9138138523837167,3.315900464094426,0.5355976485956891,0.9534417592787741,0.38443506797937177,0.1933829829357394,204.47560975609755,0.14333811573409852,True,AS_24hr_BSE_Side_008,678,820
1.7781512503836436,1.6024035177805633,0.8333333333333334,0.7813744003351465,0.6,0.8298757520103456,158.81666666666666,0.08699346405228758,False,AS_24hr_BSE_Side_008,679,60
2.100370545117563,2.4185455579833484,0.8235294117647058,0.9105169972744009,0.4666666666666667,0.5868913344788852,146.36507936507937,0.1382197323373794,False,AS_24hr_BSE_Side_008,680,126
1.724275869600789,1.2281998609599254,0.9298245614035088,0.5805848717257864,0.6625,0.9155998591043558,133.8490566037736,0.04476507584165742,False,AS_24hr_BSE_Side_008,681,53
1.6812412373755872,1.2885803109070217,0.9230769230769231,0.6306740126386056,0.6666666666666666,0.9673740686372484,205.8125,0.17549019607843136,False,AS_24hr_BSE_Side_008,682,48
1.9294189257142926,1.723600851330558,0.9659090909090909,0.814487765801343,0.6439393939393939,0.9682940395618204,189.10588235294117,0.06735870818915801,False,AS_24hr_BSE_Side_008,683,85
3.5921767573958667,11.768696855497316,0.36260780858759156,0.9963834098476141,0.0992234685073339,0.050432674372544645,168.57289002557545,0.070076726342711,True,AS_24hr_BSE_Side_008,684,3910
2.0569048513364727,1.9553835415321787,0.8085106382978723,0.8593376650822281,0.4789915966386555,0.6153791965994191,201.30701754385964,0.13295493636050912,False,AS_24hr_BSE_Side_008,685,114
1.6232492903979006,2.7177561855466177,0.8936170212765957,0.929845342591109,0.7,0.7868221264827969,132.78571428571428,0.053314659197012136,False,AS_24hr_BSE_Side_008,686,42
1.7160033436347992,1.3221232356553605,0.9285714285714286,0.6541565897359105,0.6419753086419753,1.0,170.17307692307693,0.106184012066365,False,AS_24hr_BSE_Side_008,687,52
3.640481436970422,13.104843723155712,0.6229508196721312,0.9970843196791045,0.19572714650423254,0.11989231419174945,185.15286041189933,0.06409027684300266,True,AS_24hr_BSE_Side_008,688,4370
1.919078092376074,1.196529629179923,0.9764705882352941,0.5491096713998337,0.7545454545454545,1.0,168.36144578313252,0.03642806520198441,False,AS_24hr_BSE_Side_008,689,83
1.6020599913279623,2.972889279587398,0.8888888888888888,0.9417288005226948,0.5555555555555556,0.7355085549429068,136.925,0.06450980392156863,False,AS_24hr_BSE_Side_008,690,40
1.7323937598229686,1.8359790528419369,0.8571428571428571,0.8386514171228011,0.4909090909090909,0.723407289543919,142.62962962962962,0.05991285403050109,False,AS_24hr_BSE_Side_008,691,54
1.8388490907372552,1.1568450868205227,0.9324324324324325,0.5027704330583587,0.69,0.9925613895068655,168.1014492753623,0.05410628019323672,False,AS_24hr_BSE_Side_008,692,69
1.6020599913279623,3.8885566036093486,0.7407407407407407,0.9663675542644076,0.5128205128205128,0.6018515032979276,146.75,0.09490196078431372,False,AS_24hr_BSE_Side_008,693,40
1.9344984512435677,3.2794744422577278,0.7166666666666667,0.9523757562351303,0.41148325358851673,0.4919458929885231,188.15116279069767,0.20925672594619243,False,AS_24hr_BSE_Side_008,694,86
1.6434526764861874,2.6796430342742568,0.9361702127659575,0.9277573368023079,0.7333333333333333,0.7882307225933133,168.0681818181818,0.16372549019607843,False,AS_24hr_BSE_Side_008,695,44
2.380211241711606,8.557785524020959,0.6997084548104956,0.993149261647396,0.2777777777777778,0.24365948706326518,185.73333333333332,0.20238562091503268,True,AS_24hr_BSE_Side_008,696,240
1.724275869600789,1.74794084939174,0.9636363636363636,0.8201826625669202,0.7571428571428571,0.9928945881806723,200.43396226415095,0.18986311505734368,False,AS_24hr_BSE_Side_008,697,53
2.436162647040756,2.82733431567207,0.7668539325842697,0.9353626849533723,0.5571428571428572,0.45928218015417743,201.2051282051282,0.13145155498096675,False,AS_24hr_BSE_Side_008,698,273
2.357934847000454,2.0234314917191245,0.8085106382978723,0.8693425756102925,0.6514285714285715,0.5514115495343579,151.1578947368421,0.05168558651530788,False,AS_24hr_BSE_Side_008,699,228
2.6009728956867484,1.7566025299117862,0.5121951219512195,0.8221431939516645,0.296875,0.29784710621007326,157.73182957393485,0.08814192343604108,False,AS_24hr_BSE_Side_008,700,399
1.6901960800285136,3.5667382515886397,0.8166666666666667,0.9598925303542507,0.7,0.596014033417781,150.48979591836735,0.10900360144057623,False,AS_24hr_BSE_Side_008,701,49
3.1711411510283822,3.6720572690139903,0.45130858186244677,0.9622047887461984,0.2848089110812368,0.1469706025856876,205.63317599460552,0.10159321989078841,True,AS_24hr_BSE_Side_008,702,1483
1.6901960800285136,1.8135156889707187,0.9423076923076923,0.8342309919653323,0.7424242424242424,0.9609358470288317,139.6122448979592,0.0617046818727491,False,AS_24hr_BSE_Side_008,703,49
2.5998830720736876,5.447759489039078,0.42071881606765327,0.9830081901089756,0.26322751322751325,0.1708503972402171,168.20603015075378,0.13286038033303774,True,AS_24hr_BSE_Side_008,704,398
1.9867717342662448,1.8339658317235823,0.9065420560747663,0.8382627997167107,0.7185185185185186,0.7927147758829106,143.95876288659792,0.04265211239134829,False,AS_24hr_BSE_Side_008,705,97
1.6989700043360187,2.9343344989071656,0.8928571428571429,0.9401384385994297,0.6410256410256411,0.7312036299092933,145.66,0.06831372549019608,False,AS_24hr_BSE_Side_008,706,50
1.724275869600789,1.823140778326129,0.6708860759493671,0.8361479340913487,0.4076923076923077,0.5078691640176053,153.32075471698113,0.22671106178320385,False,AS_24hr_BSE_Side_008,707,53
2.271841606536499,1.2661654885045357,0.9639175257731959,0.6133822587810716,0.7857142857142857,0.9384012246631103,179.11229946524065,0.027534864213064905,False,AS_24hr_BSE_Side_008,708,187
2.9694159123539814,1.358525510310478,0.8291814946619217,0.6768813096746574,0.6685796269727403,0.45459366941527163,145.6137339055794,0.020996381385172094,False,AS_24hr_BSE_Side_008,709,932
1.8692317197309762,3.924478981950372,0.7551020408163265,0.9669909037953626,0.5873015873015873,0.4171715151707284,182.35135135135135,0.3543190249072602,False,AS_24hr_BSE_Side_008,710,74
1.6127838567197355,2.2443350916025544,0.8723404255319149,0.8952489626641218,0.45555555555555555,0.7400940071315693,140.29268292682926,0.06446676231468197,False,AS_24hr_BSE_Side_008,711,41
2.4082399653118496,1.7743566159322322,0.5589519650655022,0.8260583751014542,0.3395225464190981,0.2713536376071139,134.68359375,0.06527267156862746,False,AS_24hr_BSE_Side_008,712,256
2.513217600067939,8.039135786000122,0.5959780621572212,0.9922332183776582,0.22861150070126227,0.19694455556586707,184.2361963190184,0.1450018044027427,True,AS_24hr_BSE_Side_008,713,326
1.8573324964312685,3.158677335515439,0.9,0.9485630743468391,0.48,0.6533535364569276,143.41666666666666,0.05947712418300653,False,AS_24hr_BSE_Side_008,714,72
2.2068258760318495,1.4168917386971092,0.8341968911917098,0.7084408166669524,0.5570934256055363,0.6660891968459072,157.06211180124222,0.14578005115089512,False,AS_24hr_BSE_Side_008,715,161
2.374748346010104,2.2634367592972584,0.7292307692307692,0.8971106037070814,0.4647058823529412,0.4357850646031192,169.70464135021098,0.08192272689666583,False,AS_24hr_BSE_Side_008,716,237
2.5514499979728753,7.856192798236679,0.6729678638941399,0.9918657847129415,0.36475409836065575,0.22407699483014512,200.0365168539326,0.16771315267680106,True,AS_24hr_BSE_Side_008,717,356
3.256958152560932,16.011940834703225,0.4761528326745718,0.998047881599489,0.11837536849000983,0.08221946321039797,210.1754288876591,0.1337435029352084,True,AS_24hr_BSE_Side_008,718,1807
4.194431082563702,37.447760919847205,0.4821731225540045,0.9996433881769172,0.059539573820395736,0.04092500066120245,172.18156835176072,0.06854436796128306,True,AS_24hr_BSE_Side_008,719,15647
2.383815365980431,10.256755681683453,0.659400544959128,0.9952358465655058,0.3265856950067476,0.19501418321141312,207.5082644628099,0.29478204504942473,True,AS_24hr_BSE_Side_008,720,242
3.2317243833285163,3.409995516374841,0.6956344349245206,0.9560341005560854,0.43943298969072164,0.30069049988904306,190.3008797653959,0.047063423609913176,True,AS_24hr_BSE_Side_008,721,1705
1.9637878273455553,2.449957334062143,0.5679012345679012,0.9129057707295208,0.3607843137254902,0.36181550190212797,137.31521739130434,0.10153452685421994,False,AS_24hr_BSE_Side_008,722,92
2.705007959333336,1.7464418225672393,0.6152912621359223,0.8198399197754529,0.4043062200956938,0.21702509493632166,133.21696252465483,0.0427891866805894,False,AS_24hr_BSE_Side_008,723,507
2.2833012287035497,6.458275425392302,0.8,0.9879395447297069,0.41025641025641024,0.3614790135643565,199.38020833333334,0.18845996732026143,False,AS_24hr_BSE_Side_008,724,192
2.1583624920952498,3.0383322159300077,0.7272727272727273,0.944285340430348,0.3850267379679144,0.48069282004105246,193.94444444444446,0.175,False,AS_24hr_BSE_Side_008,725,144
1.8573324964312685,2.1297441116348317,0.75,0.8829112132739245,0.5714285714285714,0.5811920728611042,145.66666666666666,0.08257080610021787,False,AS_24hr_BSE_Side_008,726,72
1.9493900066449128,2.0602181103702093,0.8811881188118812,0.8743002432025879,0.6953125,0.7273362376657635,200.7078651685393,0.17034589116545495,False,AS_24hr_BSE_Side_008,727,89
4.180039810927176,9.51855925859634,0.20554846419162978,0.9944661051359864,0.1256933603480918,0.02126420591591333,185.21635727026492,0.0790697252673944,True,AS_24hr_BSE_Side_008,728,15137
1.7481880270062005,2.580862431223217,0.7567567567567568,0.9218834149430319,0.4,0.5787520727007354,147.21428571428572,0.13207282913165266,False,AS_24hr_BSE_Side_008,729,56
1.8388490907372552,1.8598408456462532,0.9583333333333334,0.8431487235403522,0.7040816326530612,0.8707338910627724,137.05797101449275,0.027280477408354646,False,AS_24hr_BSE_Side_008,730,69
2.0,2.344806832249138,0.8130081300813008,0.9044996505003283,0.5882352941176471,0.6081775851201848,174.49,0.16666666666666666,False,AS_24hr_BSE_Side_008,731,100
2.1271047983648077,1.9226345463342176,0.8758169934640523,0.8540934103731711,0.5877192982456141,0.7222761931665472,138.4402985074627,0.0369915130231197,False,AS_24hr_BSE_Side_008,732,134
1.6020599913279623,1.2152751782756137,1.0,0.5682457442044344,0.8163265306122449,1.0,118.3,0.02676470588235294,False,AS_24hr_BSE_Side_008,733,40
2.1818435879447726,2.4330058249159054,0.5714285714285714,0.9116289311153393,0.3438914027149321,0.3385530447801751,196.92105263157896,0.20895252837977296,False,AS_24hr_BSE_Side_008,734,152
2.747411807886423,13.190505783743863,0.6280898876404495,0.9971221213294009,0.15817770232031692,0.14965700654731098,198.05187835420392,0.16777158090427582,True,AS_24hr_BSE_Side_008,735,559
3.1981069988734014,11.131503323563745,0.6575,0.9959566507611387,0.21789560894780446,0.16658273681010374,200.3149556400507,0.11152613136509357,True,AS_24hr_BSE_Side_008,736,1578
2.0530784434834195,1.3479862866814973,0.889763779527559,0.6705688401700036,0.6726190476190477,0.8262601017975014,158.23008849557522,0.04476834981780323,False,AS_24hr_BSE_Side_008,737,113
1.9395192526186185,3.695336533835378,0.5403726708074534,0.9626886819949886,0.3020833333333333,0.35770576402695764,193.7816091954023,0.36592292089249495,False,AS_24hr_BSE_Side_008,738,87
1.8129133566428555,1.7189268233747497,0.9848484848484849,0.8133616933623451,0.65,1.0,150.16923076923078,0.054057315233785826,False,AS_24hr_BSE_Side_008,739,65
2.690196080028514,11.595399553182736,0.7446808510638298,0.9962742959924891,0.2149122807017544,0.19741243795316368,200.33469387755102,0.13138055222088835,True,AS_24hr_BSE_Side_008,740,490
1.919078092376074,6.393352122459063,0.6484375,0.9876918239432434,0.34156378600823045,0.30344950641235674,201.59036144578315,0.3961256791873376,False,AS_24hr_BSE_Side_008,741,83
1.6532125137753437,2.6318021391534607,0.8181818181818182,0.924999724780232,0.5357142857142857,0.6737651055658092,126.24444444444444,0.025533769063180826,False,AS_24hr_BSE_Side_008,742,45
1.6434526764861874,1.612432458385442,0.8979591836734694,0.7844587354368016,0.6285714285714286,0.9042474527884365,153.9318181818182,0.07878787878787878,False,AS_24hr_BSE_Side_008,743,44
1.7075701760979363,2.2322119065202126,0.8793103448275862,0.8940405005521368,0.5151515151515151,0.7636004529745837,163.66666666666666,0.11810841983852365,False,AS_24hr_BSE_Side_008,744,51
2.8750612633917,5.173269318527544,0.5900865460267506,0.9811394313971598,0.29296875,0.23409114812331677,192.74533333333332,0.13721830065359478,True,AS_24hr_BSE_Side_008,745,750
2.69196510276736,10.605039166488886,0.7420814479638009,0.9955443192205214,0.24575424575424576,0.2006444753311549,197.65447154471545,0.1306631595727722,True,AS_24hr_BSE_Side_008,746,492
1.6334684555795864,1.5927067590346753,0.9555555555555556,0.7783247068394257,0.6825396825396826,1.0,149.90697674418604,0.057729138166894664,False,AS_24hr_BSE_Side_008,747,43
1.8750612633917,3.447089972023769,0.7075471698113207,0.956996407935506,0.39473684210526316,0.46382905350718107,144.21333333333334,0.0815686274509804,False,AS_24hr_BSE_Side_008,748,75
2.0293837776852097,1.141651459575326,0.9727272727272728,0.4824489743402611,0.7430555555555556,1.0,209.9158878504673,0.08290269378779548,False,AS_24hr_BSE_Side_008,749,107
3.5743785644130823,10.978504121524256,0.5294117647058824,0.9958429303453873,0.17974137931034484,0.0923567105748589,176.21529443112178,0.1075939248601119,True,AS_24hr_BSE_Side_008,750,3753
2.5276299008713385,1.1364237497309284,0.6505791505791506,0.47505991690787935,0.4985207100591716,0.34702957473494256,162.27893175074183,0.052097515564089134,False,AS_24hr_BSE_Side_008,751,337
1.6232492903979006,2.4732088495491156,0.84,0.9146118356950345,0.4375,0.7255696996676028,146.97619047619048,0.12698412698412698,False,AS_24hr_BSE_Side_008,752,42
1.8750612633917,2.8931274322973164,0.8928571428571429,0.9383647194716143,0.5208333333333334,0.6596457053509107,196.85333333333332,0.20339869281045753,False,AS_24hr_BSE_Side_008,753,75
2.3820170425748683,1.342724389189967,0.9488188976377953,0.667338571670719,0.6750700280112045,0.9020966135631109,164.39834024896265,0.01882678382556342,False,AS_24hr_BSE_Side_008,754,241
2.123851640967086,3.243137593022922,0.8866666666666667,0.9512751239186502,0.665,0.5600672440015788,203.37593984962405,0.17443609022556392,False,AS_24hr_BSE_Side_008,755,133
2.9180303367848803,9.827245294797377,0.5621181262729125,0.9948091910294102,0.21904761904761905,0.16875493257354762,205.08937198067633,0.11393861892583121,True,AS_24hr_BSE_Side_008,756,828
2.2430380486862944,3.8045505347482944,0.8536585365853658,0.9648385797513775,0.3472222222222222,0.4861842688813782,136.84,0.02738375350140056,False,AS_24hr_BSE_Side_008,757,175
3.1408221801093106,6.080203621645561,0.5391812865497077,0.9863823898715163,0.24022928608650337,0.18609217563911956,197.5177151120752,0.06602016077580707,True,AS_24hr_BSE_Side_008,758,1383
1.7481880270062005,2.149152842871658,0.9655172413793104,0.8851532432909786,0.5656565656565656,0.9106256107157351,144.01785714285714,0.04103641456582633,False,AS_24hr_BSE_Side_008,759,56
1.7993405494535817,1.6837992903764583,0.9402985074626866,0.8045425498721875,0.6363636363636364,0.9432711477921328,160.06349206349208,0.061935885465297234,False,AS_24hr_BSE_Side_008,760,63
2.5899496013257077,6.065399032554101,0.6559865092748736,0.9863153705738151,0.3353448275862069,0.27091929419650285,198.5835475578406,0.11646756388930894,True,AS_24hr_BSE_Side_008,761,389
2.5646660642520893,1.3482968113793403,0.9084158415841584,0.6707578068016207,0.6648550724637681,0.7659053427688779,189.58310626702996,0.02168082491852327,False,AS_24hr_BSE_Side_008,762,367
2.0755469613925306,3.130633257173836,0.8321678321678322,0.947611832600121,0.4131944444444444,0.5595014232846123,143.2436974789916,0.03806228373702422,False,AS_24hr_BSE_Side_008,763,119
3.6994908452722046,15.147223601908097,0.5814844929724706,0.9978183859523317,0.11303287572254335,0.08824111439520933,183.59428685577308,0.07406328092563434,True,AS_24hr_BSE_Side_008,764,5006
1.845098040014257,2.350826030358379,0.8641975308641975,0.9050137129156647,0.7142857142857143,0.754616918233706,151.4,0.05663865546218488,False,AS_24hr_BSE_Side_008,765,70
1.6532125137753437,1.3902292831177183,0.9183673469387755,0.6946935671928263,0.625,0.970221752014765,144.77777777777777,0.054117647058823534,False,AS_24hr_BSE_Side_008,766,45
3.0681858617461617,10.680985356451876,0.5045278137128072,0.9956075966692359,0.17105263157894737,0.10933534415876492,209.22478632478632,0.14814144461203282,True,AS_24hr_BSE_Side_008,767,1170
3.644635503768153,10.335449043201129,0.49847474861597557,0.9953082885621286,0.17301960784313725,0.1266277736059147,165.84134179510426,0.04352390094750502,True,AS_24hr_BSE_Side_008,768,4412
1.9637878273455553,1.4939750503385834,0.6301369863013698,0.7429425200573532,0.4423076923076923,0.40982736999705405,135.40217391304347,0.06751918158567774,False,AS_24hr_BSE_Side_008,769,92
3.4352071032407476,2.0946890914662117,0.46949327817993797,0.8786872732223509,0.2725090036014406,0.13197220538518584,193.27386196769456,0.06370533529123838,True,AS_24hr_BSE_Side_008,770,2724
1.7481880270062005,2.471307822404026,0.9491525423728814,0.9144742723457031,0.509090909090909,0.792491852194727,156.41071428571428,0.07920168067226892,False,AS_24hr_BSE_Side_008,771,56
1.9242792860618816,2.595258588116133,0.8,0.9227838283887698,0.6176470588235294,0.6214646130073254,208.71428571428572,0.261671335200747,False,AS_24hr_BSE_Side_008,772,84
1.6989700043360187,4.290188674109665,0.8620689655172413,0.9724551713991071,0.625,0.5661531210787915,208.02,0.41458823529411765,False,AS_24hr_BSE_Side_008,773,50
1.7075701760979363,3.375150786776498,0.7083333333333334,0.9551001774136562,0.3541666666666667,0.6176069997868853,132.15686274509804,0.06443675509419454,False,AS_24hr_BSE_Side_008,774,51
2.1958996524092336,1.7701822208395221,0.9515151515151515,0.8251500660942085,0.6709401709401709,0.87605245452536,184.87898089171975,0.02902460347196203,False,AS_24hr_BSE_Side_008,775,157
1.6127838567197355,1.5142217514475371,0.9534883720930233,0.7509093825609535,0.7592592592592593,1.0,148.17073170731706,0.040363462458154,False,AS_24hr_BSE_Side_008,776,41
2.113943352306837,3.841018727995437,0.7428571428571429,0.9655149549208755,0.37142857142857144,0.3965544448702941,164.3,0.1048868778280543,False,AS_24hr_BSE_Side_008,777,130
1.8692317197309762,1.2892104175111752,0.9736842105263158,0.631140452429891,0.6851851851851852,1.0,160.75675675675674,0.032750397456279806,False,AS_24hr_BSE_Side_008,778,74
1.845098040014257,1.2480448560595165,0.9090909090909091,0.5983253509537206,0.5833333333333334,0.8263090645923118,151.4,0.07557422969187676,False,AS_24hr_BSE_Side_008,779,70
2.515873843711679,7.315852890692659,0.6666666666666666,0.9906139464077139,0.2501906941266209,0.2279531379590686,198.14634146341464,0.16101147776183644,True,AS_24hr_BSE_Side_008,780,328
2.3502480183341627,3.6592982507969607,0.7516778523489933,0.9619355421092667,0.45252525252525255,0.4351716043019816,187.29910714285714,0.13375350140056022,False,AS_24hr_BSE_Side_008,781,224
1.6232492903979006,1.3645914614404469,0.9545454545454546,0.680422483506884,0.6666666666666666,1.0,157.35714285714286,0.058450046685340803,False,AS_24hr_BSE_Side_008,782,42
3.786041210242554,14.074110057108106,0.3975793857365955,0.9974725807561722,0.10817031070195628,0.0698358372260529,191.6417348608838,0.09897756811398864,True,AS_24hr_BSE_Side_008,783,6110
1.6434526764861874,1.5692631947029336,0.9361702127659575,0.7706639811720831,0.7333333333333333,1.0,159.77272727272728,0.07237076648841355,False,AS_24hr_BSE_Side_008,784,44
1.7481880270062005,4.529277290635764,0.7671232876712328,0.9753223268468517,0.3111111111111111,0.4528535908534187,141.73214285714286,0.08326330532212885,False,AS_24hr_BSE_Side_008,785,56
1.6127838567197355,1.670291376614091,0.9761904761904762,0.8009748942460382,0.6507936507936508,1.0,159.8780487804878,0.0599713055954089,False,AS_24hr_BSE_Side_008,786,41
3.7065471026403576,17.80879006153682,0.5639547772112614,0.9984222291806542,0.13022113022113022,0.08634723692616225,179.25432389937106,0.07945107288198298,True,AS_24hr_BSE_Side_008,787,5088
1.8692317197309762,1.0264449746403814,0.9487179487179487,0.22552947681198035,0.74,1.0,157.83783783783784,0.030524642289348175,False,AS_24hr_BSE_Side_008,788,74
2.957607287060095,1.285879280410194,0.9133937562940584,0.6286628357168779,0.6144986449864499,0.7715873191137286,192.89966923925027,0.015720863869252224,False,AS_24hr_BSE_Side_008,789,907
1.9777236052888478,8.473765810507702,0.76,0.9930122538983331,0.260989010989011,0.3240244402888179,189.8842105263158,0.38229102167182666,False,AS_24hr_BSE_Side_008,790,95
2.1335389083702174,2.1428529608730127,0.7727272727272727,0.8844327968776019,0.5396825396825397,0.5348576984640153,152.26470588235293,0.07811418685121106,False,AS_24hr_BSE_Side_008,791,136
2.503790683057181,2.784453041106519,0.8137755102040817,0.9332848675923893,0.4938080495356037,0.468533658349147,157.15987460815046,0.017296699243960906,False,AS_24hr_BSE_Side_008,792,319
2.0569048513364727,1.613583576011037,0.8976377952755905,0.7848083128598614,0.6477272727272727,0.7385636621634487,160.03508771929825,0.04303405572755418,False,AS_24hr_BSE_Side_008,793,114
2.2624510897304293,1.5123378190675238,0.8394495412844036,0.7501850634691535,0.56656346749226,0.6527417228176782,162.62841530054644,0.04701596485588771,False,AS_24hr_BSE_Side_008,794,183
1.8808135922807914,2.1550031961635816,0.8837209302325582,0.8858161136682056,0.6785714285714286,0.7918918256946218,164.03947368421052,0.06764705882352941,False,AS_24hr_BSE_Side_008,795,76
1.6232492903979006,1.5550451036361062,0.9545454545454546,0.7658089423794907,0.65625,1.0,152.02380952380952,0.06311858076563959,False,AS_24hr_BSE_Side_008,796,42
1.662757831681574,2.9067700383321458,0.9019607843137255,0.9389606856588959,0.46464646464646464,0.7174584311950493,132.67391304347825,0.04356351236146632,False,AS_24hr_BSE_Side_008,797,46
1.7075701760979363,1.585284113206868,0.9444444444444444,0.7759440356837927,0.6296296296296297,0.98125619872571,163.2941176470588,0.07589388696655132,False,AS_24hr_BSE_Side_008,798,51
4.140162229613637,14.944695306532418,0.48975031919421197,0.9977587886146686,0.16439285714285715,0.06902216768584106,174.15707147512492,0.0742769350480434,True,AS_24hr_BSE_Side_008,799,13809
1.6532125137753437,3.3803841131788146,0.8181818181818182,0.9552423473789081,0.5357142857142857,0.6851946290138454,197.42222222222222,0.386318082788671,False,AS_24hr_BSE_Side_008,800,45
1.7708520116421442,1.9349849931971916,0.8676470588235294,0.8561062379137216,0.5363636363636364,0.8030633177986326,140.57627118644066,0.03230309072781655,False,AS_24hr_BSE_Side_008,801,59
1.6532125137753437,5.6349726968229605,0.7758620689655172,0.9841274463723529,0.3,0.47160910806338996,138.9111111111111,0.09699346405228758,False,AS_24hr_BSE_Side_008,802,45
3.0382226383687185,18.046878504955025,0.42048517520215634,0.9984636167464391,0.09054726368159204,0.072096386876308,204.03663003663004,0.21133376427494074,True,AS_24hr_BSE_Side_008,803,1092
3.4305587695227575,9.574139714976559,0.5745043700703475,0.9945303463098137,0.19717588527948493,0.12972490355438746,193.76549165120593,0.08457201062243079,True,AS_24hr_BSE_Side_008,804,2695
1.6334684555795864,2.1351384247298717,0.86,0.8835410592969912,0.4777777777777778,0.7761961538209141,168.27906976744185,0.17382580939352485,False,AS_24hr_BSE_Side_008,805,43
1.8195439355418688,3.7676178092871035,0.8571428571428571,0.9641329686581327,0.4,0.5911730419449851,162.1818181818182,0.14260249554367202,False,AS_24hr_BSE_Side_008,806,66
2.7535830588929064,6.619322790461119,0.7539893617021277,0.9885226310623992,0.21038961038961038,0.2843044051785907,206.11463844797177,0.08407511152609193,True,AS_24hr_BSE_Side_008,807,567
1.6334684555795864,1.4701200770926455,0.9347826086956522,0.7330112219571121,0.671875,1.0,157.53488372093022,0.07587779297765618,False,AS_24hr_BSE_Side_008,808,43
1.7323937598229686,3.3670176215731873,0.7397260273972602,0.9548778701382593,0.5625,0.5821330512088589,182.27777777777777,0.20319535221496007,False,AS_24hr_BSE_Side_008,809,54
1.9242792860618816,1.2670152433223558,0.9438202247191011,0.614063675549056,0.7,0.924020716204538,172.95238095238096,0.06498599439775911,False,AS_24hr_BSE_Side_008,810,84
1.662757831681574,2.183597075106484,0.8846153846153846,0.8889728270723911,0.5111111111111111,0.8303493738549313,146.1304347826087,0.08252344416027281,False,AS_24hr_BSE_Side_008,811,46
1.724275869600789,1.4802890903885413,0.9464285714285714,0.7373199314206126,0.654320987654321,1.0,144.58490566037736,0.03669996300406955,False,AS_24hr_BSE_Side_008,812,53
3.0948203803548,1.04486136108302,0.8422477995937712,0.28987414989345617,0.6575052854122622,0.5725488409280952,151.43408360128618,0.028239076981274824,False,AS_24hr_BSE_Side_008,813,1244
1.7993405494535817,2.1338183525668857,0.9264705882352942,0.8833874089668579,0.6923076923076923,0.871369539610863,149.17460317460316,0.05004668534080299,False,AS_24hr_BSE_Side_008,814,63
1.724275869600789,1.6442779067486466,0.9636363636363636,0.793807040115485,0.654320987654321,0.9322992635626204,165.39622641509433,0.08671846096929338,False,AS_24hr_BSE_Side_008,815,53
2.123851640967086,1.4568231830795006,0.9300699300699301,0.7272005096724954,0.6820512820512821,0.9197789584781333,170.0751879699248,0.027981719003390828,False,AS_24hr_BSE_Side_008,816,133
2.123851640967086,1.5271286701106461,0.726775956284153,0.7557816890383438,0.5911111111111111,0.5020334883987748,141.37593984962405,0.09591626124133865,False,AS_24hr_BSE_Side_008,817,133
4.038103310305898,18.378756916935597,0.38231483102784103,0.9985186437008289,0.07004902212412094,0.04936716178365654,169.52477786937803,0.055010444225322266,True,AS_24hr_BSE_Side_008,818,10917
3.7344797894255772,12.742069579479503,0.4513767573413194,0.9969156736103062,0.14040262899135744,0.09365968752250417,189.45705860670844,0.07240953144988184,True,AS_24hr_BSE_Side_008,819,5426
2.413299764081252,1.466872288191439,0.9119718309859155,0.731610748633375,0.5873015873015873,0.756360254501905,158.86872586872587,0.02075857369975017,False,AS_24hr_BSE_Side_008,820,259
2.3560258571931225,4.867030320395116,0.7027863777089783,0.978664653488178,0.4266917293233083,0.3717470584468627,198.48898678414096,0.13094929601796665,False,AS_24hr_BSE_Side_008,821,227
4.003848122034298,2.5526394299207995,0.24731578173260774,0.9200711180100518,0.10614078461489905,0.06760465625913813,196.45227475468332,0.04811335972589056,True,AS_24hr_BSE_Side_008,822,10089
2.1522883443830563,1.4664613106062545,0.6893203883495146,0.7314326762592941,0.4034090909090909,0.4378284820638793,146.76760563380282,0.04617508975421154,False,AS_24hr_BSE_Side_008,823,142
3.7477224620355085,11.095626990782831,0.33790395650860766,0.9959304076456137,0.15553578379580715,0.07457725054273184,181.37468716481945,0.09088238799273732,True,AS_24hr_BSE_Side_008,824,5594
2.146128035678238,3.261974072727565,0.8187134502923976,0.9518504251452561,0.5303030303030303,0.543964505377477,149.32857142857142,0.05184873949579832,False,AS_24hr_BSE_Side_008,825,140
1.8195439355418688,1.4770974787622146,0.8918918918918919,0.735979898075195,0.6111111111111112,0.8202139488028484,131.4848484848485,0.04379084967320261,False,AS_24hr_BSE_Side_008,826,66
2.5514499979728753,3.9785793798450584,0.4930747922437673,0.9678973033861087,0.21152703505644682,0.18822604241644086,198.06741573033707,0.22123815818462214,True,AS_24hr_BSE_Side_008,827,356
1.6720978579357175,1.998272862324062,0.7966101694915254,0.8657757536585087,0.5595238095238095,0.7138806167100183,143.10638297872342,0.061159783062161036,False,AS_24hr_BSE_Side_008,828,47
2.292256071356476,1.8279606804743405,0.7686274509803922,0.8370948884393542,0.49122807017543857,0.5622933939997876,158.62755102040816,0.03961584633853541,False,AS_24hr_BSE_Side_008,829,196
3.0507663112330423,3.6940465846614194,0.4469184890656064,0.962662114036331,0.27753086419753087,0.17869081482261523,182.2090747330961,0.08676993929244295,True,AS_24hr_BSE_Side_008,830,1124
2.060697840353612,3.9083082811530527,0.8518518518518519,0.9667124753028437,0.6845238095238095,0.5266202038491093,200.40869565217392,0.2166069906223359,False,AS_24hr_BSE_Side_008,831,115
1.6127838567197355,1.4198335235992017,0.9111111111111111,0.7098946045796214,0.6507936507936508,0.8839798185023413,124.53658536585365,0.036824485891917745,False,AS_24hr_BSE_Side_008,832,41
1.8573324964312685,5.62054080235842,0.782608695652174,0.9840451680115468,0.36,0.4268162728080479,189.61111111111111,0.3426470588235294,False,AS_24hr_BSE_Side_008,833,72
2.6972293427597176,1.6785525288177074,0.6926286509040334,0.8031689006036253,0.38544891640866874,0.36074243738088296,152.94779116465864,0.03549098354201118,False,AS_24hr_BSE_Side_008,834,498
1.8750612633917,1.43845936324056,0.9259259259259259,0.7188277560750695,0.6410256410256411,0.8986474041951636,152.10666666666665,0.03848366013071895,False,AS_24hr_BSE_Side_008,835,75
2.718501688867274,14.105176186484206,0.65375,0.9974837156180194,0.14059139784946237,0.13833624673653805,205.6902485659656,0.23836838750796685,True,AS_24hr_BSE_Side_008,836,523
1.6020599913279623,1.5476058591136266,0.8163265306122449,0.7632025229593914,0.5555555555555556,0.8220431388985787,186.7,0.3236274509803922,False,AS_24hr_BSE_Side_008,837,40
2.4099331233312946,1.9073070217707464,0.4469565217391304,0.851533968258044,0.2824175824175824,0.17020944588991543,185.98832684824902,0.2490882734416724,False,AS_24hr_BSE_Side_008,838,257
1.9030899869919435,1.2657639211481304,0.9411764705882353,0.6130595010183556,0.7272727272727273,1.0,154.8125,0.03245098039215687,False,AS_24hr_BSE_Side_008,839,80
2.4149733479708178,1.9848273473846512,0.9090909090909091,0.8638074043424122,0.6018518518518519,0.6792402506261552,200.12692307692308,0.06844645550527903,False,AS_24hr_BSE_Side_008,840,260
3.346744054604849,11.468892756273192,0.5296781883194279,0.996191492491305,0.1807091737150293,0.10554165045970149,206.15526552655265,0.10773018478318419,True,AS_24hr_BSE_Side_008,841,2222
1.7993405494535817,1.603642525332343,0.9,0.7817592478519038,0.5833333333333334,0.8575082884968451,140.0,0.03597883597883598,False,AS_24hr_BSE_Side_008,842,63
1.9294189257142926,1.1753990053181864,0.8947368421052632,0.5255302349552191,0.7727272727272727,0.844878900700548,180.14117647058825,0.0772318339100346,False,AS_24hr_BSE_Side_008,843,85
2.1492191126553797,3.5363501268587996,0.8650306748466258,0.9591855530371016,0.705,0.552554948067953,149.48936170212767,0.047809762202753445,False,AS_24hr_BSE_Side_008,844,141
1.7075701760979363,1.638807570678857,0.864406779661017,0.7922475892702123,0.5795454545454546,0.7509684195050722,145.37254901960785,0.07197231833910034,False,AS_24hr_BSE_Side_008,845,51
3.0565237240791006,12.215674998543353,0.3990889978976875,0.9966436712371389,0.09743370402053037,0.08738339870204585,200.2396839332748,0.1763018815954828,True,AS_24hr_BSE_Side_008,846,1139
2.255272505103306,2.364766250733595,0.8910891089108911,0.9061881279910873,0.5454545454545454,0.6737651055658089,185.15,0.051307189542483665,False,AS_24hr_BSE_Side_008,847,180
2.093421685162235,2.0901885053626748,0.7560975609756098,0.8781280107459013,0.47692307692307695,0.5355395402308497,151.4516129032258,0.05249841872232764,False,AS_24hr_BSE_Side_008,848,124
2.2833012287035497,1.5889876468290378,0.6486486486486487,0.7771369549053538,0.41830065359477125,0.3654371354740509,136.375,0.05273692810457516,False,AS_24hr_BSE_Side_008,849,192
1.6334684555795864,2.472946679239458,0.86,0.9145928844444711,0.5972222222222222,0.7563937421357109,143.0,0.1077063383492932,False,AS_24hr_BSE_Side_008,850,43
3.840670561333409,31.586393357369957,0.40357621294193025,0.9994987218322312,0.05711106532042036,0.04331229413285109,205.62086881223843,0.09302024172347537,True,AS_24hr_BSE_Side_008,851,6929
1.6532125137753437,3.22505271938031,0.7758620689655172,0.9507129300589657,0.46875,0.6368238097993343,144.9111111111111,0.08644880174291938,False,AS_24hr_BSE_Side_008,852,45
2.4983105537896004,1.3386558293078203,0.9292035398230089,0.6648038116681066,0.7208237986270023,0.8429427796368486,189.46349206349205,0.027538126361655774,False,AS_24hr_BSE_Side_008,853,315
2.0530784434834195,3.1684647518565296,0.8625954198473282,0.9488889084724133,0.5380952380952381,0.6005178278719873,199.98230088495575,0.21644976574700678,False,AS_24hr_BSE_Side_008,854,113
2.322219294733919,9.335550832548114,0.670926517571885,0.9942463784565561,0.25210084033613445,0.20915551992120152,179.7952380952381,0.22629318394024275,True,AS_24hr_BSE_Side_008,855,210
1.8864907251724818,3.3482402785656182,0.8191489361702128,0.9543582174363395,0.6111111111111112,0.5764434792063032,166.58441558441558,0.09666412019353195,False,AS_24hr_BSE_Side_008,856,77
3.683227206041435,17.61954771774236,0.5384701284198772,0.9983881276452407,0.13113594952544125,0.08154567779501395,170.253836582331,0.06566716275892356,True,AS_24hr_BSE_Side_008,857,4822
1.9731278535996986,3.9289144635577142,0.7768595041322314,0.9670666602391541,0.3533834586466165,0.48972257641641115,186.7659574468085,0.25611180642469755,False,AS_24hr_BSE_Side_008,858,94
1.7403626894942439,2.500892928397945,0.8870967741935484,0.9165774564268003,0.6547619047619048,0.7521326008797072,162.56363636363636,0.11065953654188948,False,AS_24hr_BSE_Side_008,859,55
1.8920946026904804,1.3096355546744818,0.9512195121951219,0.6457236353540995,0.7222222222222222,1.0,157.14102564102564,0.05585721468074409,False,AS_24hr_BSE_Side_008,860,78
1.7558748556724915,1.1818259645734734,0.9827586206896551,0.5329475570249739,0.7916666666666666,1.0,160.140350877193,0.037289301685586515,False,AS_24hr_BSE_Side_008,861,57
2.2810333672477277,2.075156222672786,0.8414096916299559,0.8762309338951474,0.6496598639455783,0.6680261212597217,146.78534031413614,0.02172261574786983,False,AS_24hr_BSE_Side_008,862,191
2.5352941200427703,1.5103710378500392,0.9320652173913043,0.7494252464285717,0.6483931947069943,0.8272273959282914,182.76384839650146,0.020716858171840165,False,AS_24hr_BSE_Side_008,863,343
2.3010299956639813,1.671916647420345,0.78125,0.8014095833564597,0.5797101449275363,0.5620519565950607,145.25,0.026666666666666665,False,AS_24hr_BSE_Side_008,864,200
1.7853298350107671,1.768467070108991,0.7721518987341772,0.8247747080152417,0.5041322314049587,0.6063248581498051,156.37704918032787,0.12799742847958856,False,AS_24hr_BSE_Side_008,865,61
1.792391689498254,1.4577189648296058,0.9253731343283582,0.7275984411325368,0.7045454545454546,0.9837561268413856,139.6290322580645,0.03257432005060089,False,AS_24hr_BSE_Side_008,866,62
2.1760912590556813,3.751377258814786,0.6976744186046512,0.963815902516124,0.44642857142857145,0.41294327402171405,149.40666666666667,0.05783006535947712,False,AS_24hr_BSE_Side_008,867,150
1.724275869600789,2.253211104653199,0.8983050847457628,0.8961203861493854,0.5520833333333334,0.7313315961853515,131.50943396226415,0.03522012578616353,False,AS_24hr_BSE_Side_008,868,53
2.113943352306837,1.7055928539691465,0.935251798561151,0.8100893836464046,0.7647058823529411,0.9093549294634957,169.6,0.02904977375565611,False,AS_24hr_BSE_Side_008,869,130
2.155336037465062,1.5002817988109063,0.9533333333333334,0.7454679740922269,0.680952380952381,0.926443892012045,179.3986013986014,0.05336624160153572,False,AS_24hr_BSE_Side_008,870,143
2.3364597338485296,1.4907639616966657,0.9559471365638766,0.7416410039124323,0.7091503267973857,0.9057300238738231,178.29493087557603,0.044619137977771756,False,AS_24hr_BSE_Side_008,871,217
1.8325089127062364,4.0120792110392305,0.8717948717948718,0.9684398651191526,0.6666666666666666,0.5949109078033135,179.69117647058823,0.238638985005767,False,AS_24hr_BSE_Side_008,872,68
1.7853298350107671,1.7166978321613546,0.8970588235294118,0.8128208864075167,0.6354166666666666,0.8774818081147652,135.45901639344262,0.04120861459337834,False,AS_24hr_BSE_Side_008,873,61
1.8260748027008264,3.8588105822708165,0.8072289156626506,0.9658378347601251,0.41358024691358025,0.5058081762814725,200.7910447761194,0.33684518583552825,False,AS_24hr_BSE_Side_008,874,67
2.69284691927723,1.5376487446008993,0.614713216957606,0.7596401904460092,0.3474277660324172,0.2932904053151051,147.10344827586206,0.055848546315077754,False,AS_24hr_BSE_Side_008,875,493
1.9822712330395684,1.7513694551375727,0.9504950495049505,0.8209627511731106,0.6713286713286714,0.8711380486092368,152.04166666666666,0.02892156862745098,False,AS_24hr_BSE_Side_008,876,96
1.7160033436347992,1.3276904726834,0.9285714285714286,0.6578057767751674,0.6419753086419753,1.0,141.19230769230768,0.038838612368024134,False,AS_24hr_BSE_Side_008,877,52
1.6127838567197355,1.07731648394939,0.9318181818181818,0.37200097363563045,0.7321428571428571,1.0,147.65853658536585,0.04285031085604974,False,AS_24hr_BSE_Side_008,878,41
1.724275869600789,1.5742732121435836,0.9464285714285714,0.7723363802343458,0.6022727272727273,0.9155998591043558,142.75471698113208,0.03936366999630041,False,AS_24hr_BSE_Side_008,879,53
2.0530784434834195,1.5044031027173654,0.9416666666666667,0.7470966186732881,0.6848484848484848,0.8964874381699725,172.141592920354,0.049106368211001214,False,AS_24hr_BSE_Side_008,880,113
2.1583624920952498,3.9270431141107696,0.8275862068965517,0.9670347302846898,0.32653061224489793,0.47317814774855177,138.04166666666666,0.033442265795206975,False,AS_24hr_BSE_Side_008,881,144
2.1958996524092336,1.6173485035376425,0.8674033149171271,0.7859453802588713,0.6709401709401709,0.7294591879590124,172.98726114649682,0.07505932309229424,False,AS_24hr_BSE_Side_008,882,157
1.8808135922807914,1.0792845714422339,0.926829268292683,0.3761970089477559,0.6909090909090909,0.9590692133445031,167.3421052631579,0.05361197110423117,False,AS_24hr_BSE_Side_008,883,76
1.8692317197309762,1.1302301369282841,0.891566265060241,0.4660173946045755,0.5606060606060606,0.7865189250004789,184.27027027027026,0.19162692103868573,False,AS_24hr_BSE_Side_008,884,74
2.2405492482826,1.448681540180791,0.8969072164948454,0.7235396383376733,0.6444444444444445,0.7998655535004111,170.08045977011494,0.027834122154608967,False,AS_24hr_BSE_Side_008,885,174
1.6127838567197355,1.96154742752322,0.9111111111111111,0.8602920071046285,0.5324675324675324,0.9284911185692181,163.4878048780488,0.1384026781444285,False,AS_24hr_BSE_Side_008,886,41
2.5728716022004803,7.606858841491057,0.7069943289224953,0.9913214350730826,0.3831967213114754,0.2537885647964576,201.0427807486631,0.15964139666561813,True,AS_24hr_BSE_Side_008,887,374
2.484299839346786,1.171103872550553,0.6301652892561983,0.5204449554457157,0.4066666666666667,0.28021062746560743,145.91803278688525,0.05956927033108325,False,AS_24hr_BSE_Side_008,888,305
1.8750612633917,1.2092632385257298,0.9615384615384616,0.5622757500042559,0.75,1.0,163.56,0.04318954248366013,False,AS_24hr_BSE_Side_008,889,75
1.6232492903979006,1.8758918582084942,0.9767441860465116,0.8460649850914851,0.5833333333333334,1.0,148.64285714285714,0.06741363211951447,False,AS_24hr_BSE_Side_008,890,42
2.505149978319906,1.5506435792045818,0.9523809523809523,0.7642724282503491,0.6625258799171843,0.864963676615374,185.496875,0.018186274509803924,False,AS_24hr_BSE_Side_008,891,320
2.3096301674258988,6.599299637763848,0.6455696202531646,0.9884524702446785,0.4146341463414634,0.2790877654404235,196.77450980392157,0.225278738946559,False,AS_24hr_BSE_Side_008,892,204
2.287801729930226,1.1012396196743781,0.9371980676328503,0.4188236672853055,0.7607843137254902,0.9511303792020069,195.10824742268042,0.03402061855670103,False,AS_24hr_BSE_Side_008,893,194
2.0043213737826426,1.5105877878430338,0.926605504587156,0.7495091657630177,0.6558441558441559,0.9165098219743013,158.62376237623764,0.034556396816152204,False,AS_24hr_BSE_Side_008,894,101
1.6720978579357175,1.4676941455811274,0.9591836734693877,0.7319662727744636,0.746031746031746,1.0,153.85106382978722,0.045807259073842296,False,AS_24hr_BSE_Side_008,895,47
2.093421685162235,2.6782568714587374,0.6294416243654822,0.9276796219020207,0.34444444444444444,0.39856355915934105,153.1290322580645,0.07817836812144212,False,AS_24hr_BSE_Side_008,896,124
2.5658478186735176,2.0232714084330636,0.7965367965367965,0.8693203452439159,0.4717948717948718,0.5494638423229202,157.50271739130434,0.03864023870417732,False,AS_24hr_BSE_Side_008,897,368
1.724275869600789,1.9481390557591078,0.9636363636363636,0.8582030373167399,0.5888888888888889,0.9155998591043562,150.43396226415095,0.0489086200517943,False,AS_24hr_BSE_Side_008,898,53
1.845098040014257,2.2693812643924987,0.8333333333333334,0.8976796120506819,0.5555555555555556,0.6863827478777368,129.05714285714285,0.03540616246498599,False,AS_24hr_BSE_Side_008,899,70
1.8976270912904414,1.130182742639961,0.9753086419753086,0.4659469442188762,0.7181818181818181,1.0,157.873417721519,0.03981136758500869,False,AS_24hr_BSE_Side_008,900,79
2.5010592622177517,4.463612793545928,0.8567567567567568,0.9745813819769842,0.4696296296296296,0.3968938946341104,211.993690851735,0.13679717943959918,False,AS_24hr_BSE_Side_008,901,317
2.0293837776852097,4.199678839744231,0.84251968503937,0.971237348388566,0.5572916666666666,0.489985754885693,193.18691588785046,0.17731354223932563,False,AS_24hr_BSE_Side_008,902,107
2.0755469613925306,3.5898715892541864,0.6761363636363636,0.9604183947637842,0.2982456140350877,0.38372504722610845,171.25210084033614,0.2149612786290987,False,AS_24hr_BSE_Side_008,903,119
1.9030899869919435,2.8563429581262763,0.8247422680412371,0.9367130723139533,0.7142857142857143,0.616402636505529,138.5625,0.03691176470588235,False,AS_24hr_BSE_Side_008,904,80
2.842609239610562,12.04643442854811,0.5333333333333333,0.9965485380877925,0.15675675675675677,0.12883463152423155,199.58908045977012,0.15322289835474417,True,AS_24hr_BSE_Side_008,905,696
2.100370545117563,1.3947415491368522,0.6666666666666666,0.6970950623817596,0.47368421052631576,0.4716355738960664,143.36507936507937,0.10354808590102708,False,AS_24hr_BSE_Side_008,906,126
2.6757783416740852,9.55389254018411,0.6528925619834711,0.9945070744255808,0.19676214196762143,0.19245916993769963,214.83544303797467,0.18442127906014727,True,AS_24hr_BSE_Side_008,907,474
2.296665190261531,5.755183924052585,0.7443609022556391,0.9847886655893286,0.34375,0.3376675746167681,207.5909090909091,0.187106357694593,False,AS_24hr_BSE_Side_008,908,198
1.7481880270062005,3.064773098704422,0.9491525423728814,0.9452702581903841,0.8,0.7572119781421084,211.83928571428572,0.28718487394957987,False,AS_24hr_BSE_Side_008,909,56
3.230704313612569,2.282129876598008,0.2661555312157722,0.8988837613464238,0.13885714285714285,0.10473123855143268,217.114050558495,0.14911643669813604,True,AS_24hr_BSE_Side_008,910,1701
2.0492180226701815,1.8560435067615537,0.9572649572649573,0.8424462006753561,0.6153846153846154,0.9040765577839399,164.94642857142858,0.031057422969187672,False,AS_24hr_BSE_Side_008,911,112
3.061452479087193,10.420507910077909,0.5589519650655022,0.995384746324173,0.1841726618705036,0.12954238806081092,211.10850694444446,0.1188963779956427,True,AS_24hr_BSE_Side_008,912,1152
2.1492191126553797,4.021067378042502,0.592436974789916,0.9685830840281074,0.440625,0.3410045108962478,156.9290780141844,0.060381031845362254,False,AS_24hr_BSE_Side_008,913,141
2.916453948549925,1.3571175630705052,0.8056640625,0.6760499043247429,0.5749128919860628,0.5129870274176525,177.61939393939394,0.033967914438502674,False,AS_24hr_BSE_Side_008,914,825
2.699837725867246,4.59203352155078,0.5096642929806714,0.9760004632699191,0.3795454545454545,0.20558743163906987,205.4550898203593,0.1740753786544558,True,AS_24hr_BSE_Side_008,915,501
1.662757831681574,1.7092022187766367,0.9387755102040817,0.8109840376484259,0.6571428571428571,0.9917822353928708,160.67391304347825,0.07655583972719522,False,AS_24hr_BSE_Side_008,916,46
3.084576277934331,3.81366848536522,0.22928854500849216,0.9650095556776368,0.15793578577927986,0.07710135962536256,196.28559670781894,0.17274590494634068,True,AS_24hr_BSE_Side_008,917,1215
2.989004615698537,3.6619626815332613,0.6890459363957597,0.9619920069571649,0.4482758620689655,0.31839386748101034,214.94564102564104,0.08890497737556562,True,AS_24hr_BSE_Side_008,918,975
3.6012993101943374,17.680910980501423,0.4719300319111216,0.9983993054924769,0.10241612803939673,0.06941633277544122,192.282243926872,0.11727974936531085,True,AS_24hr_BSE_Side_008,919,3993
1.6532125137753437,1.3942825934105283,0.9375,0.6968522406108357,0.6428571428571429,1.0,141.9111111111111,0.033464052287581696,False,AS_24hr_BSE_Side_008,920,45
2.57978359661681,4.132992198303479,0.56047197640118,0.9702873588350462,0.3117309269893355,0.2820153182919933,217.4657894736842,0.1709391124871001,True,AS_24hr_BSE_Side_008,921,380
3.3604040547299387,17.463262027389703,0.5298059149722736,0.9983591241568862,0.1453473630831643,0.09516026964459663,205.90492804186655,0.0976116569610836,True,AS_24hr_BSE_Side_008,922,2293
1.8388490907372552,3.3315813208807707,0.8214285714285714,0.9538895725843987,0.5798319327731093,0.5638898921228952,163.53623188405797,0.10093776641091219,False,AS_24hr_BSE_Side_008,923,69
2.374748346010104,1.5922348437083773,0.915057915057915,0.778174554970071,0.6171875,0.7500824715782392,172.9957805907173,0.03327541987259038,False,AS_24hr_BSE_Side_008,924,237
2.3820170425748683,3.8012279778263354,0.599502487562189,0.9647759629336704,0.2975308641975309,0.29004347233139377,205.14107883817428,0.17609633064844193,False,AS_24hr_BSE_Side_008,925,241
3.563836918664545,16.88240263798719,0.5812440495080927,0.9982441680869257,0.13207615201557654,0.09173012213185053,192.04859404859405,0.10950843892020364,True,AS_24hr_BSE_Side_008,926,3663
2.583198773968623,3.8984553498888546,0.4255555555555556,0.9665410855273644,0.2166289592760181,0.13850776629149217,172.51436031331593,0.23548866021604464,True,AS_24hr_BSE_Side_008,927,383
1.8512583487190752,1.458892265835655,0.9102564102564102,0.7281182181621451,0.5916666666666667,0.9157807849765951,205.1549295774648,0.16614194973764154,False,AS_24hr_BSE_Side_008,928,71
2.143014800254095,6.971836430035957,0.6177777777777778,0.9896598512893195,0.234006734006734,0.3104280351124833,185.0863309352518,0.2535759627592044,False,AS_24hr_BSE_Side_008,929,139
1.6532125137753437,3.9781822920338596,0.7894736842105263,0.9678907880071982,0.34615384615384615,0.5740957112513402,176.06666666666666,0.2756427015250545,False,AS_24hr_BSE_Side_008,930,45
1.6127838567197355,1.9522975110081773,0.9761904761904762,0.8588560597509,0.82,1.0,138.9268292682927,0.04514586322333811,False,AS_24hr_BSE_Side_008,931,41
2.3010299956639813,3.909421339365775,0.6756756756756757,0.9667317534056209,0.38095238095238093,0.35058272375776567,203.065,0.18670588235294117,False,AS_24hr_BSE_Side_008,932,200
1.6127838567197355,3.874696676869441,0.7884615384615384,0.9661222894780668,0.37962962962962965,0.5518115571083158,183.9268292682927,0.24017216642754663,False,AS_24hr_BSE_Side_008,933,41
1.6901960800285136,1.1826223326497993,0.9423076923076923,0.5338511274063577,0.6805555555555556,1.0,156.20408163265307,0.039775910364145656,False,AS_24hr_BSE_Side_008,934,49
1.6532125137753437,2.520436811042383,0.9183673469387755,0.9179238428980722,0.45,0.7635949388533224,169.17777777777778,0.21237472766884533,False,AS_24hr_BSE_Side_008,935,45
1.6812412373755872,2.301412981019064,0.7741935483870968,0.9006642736370338,0.5,0.7186827792701962,199.08333333333334,0.3894607843137255,False,AS_24hr_BSE_Side_008,936,48
1.9138138523837167,3.633912675693713,0.44324324324324327,0.9613911546263185,0.36444444444444446,0.2774615287858534,144.9268292682927,0.11898613103778095,False,AS_24hr_BSE_Side_008,937,82
2.8095597146352675,6.717490104595909,0.6298828125,0.9888575098267497,0.33523908523908524,0.25673579374224653,218.3937984496124,0.11879616963064295,True,AS_24hr_BSE_Side_008,938,645
3.0678145111618402,7.317655256480479,0.4618727775582774,0.9906185913692075,0.3382523148148148,0.14292773000056416,205.22155688622755,0.1169761317700733,True,AS_24hr_BSE_Side_008,939,1169
1.863322860120456,2.066119462312201,0.8588235294117647,0.8750684845065846,0.5214285714285715,0.6624278911299405,213.23287671232876,0.2607574536663981,False,AS_24hr_BSE_Side_008,940,73
2.230448921378274,2.704413385220393,0.7053941908713693,0.9291249313217222,0.46703296703296704,0.433257204054672,202.93529411764706,0.21866205305651673,False,AS_24hr_BSE_Side_008,941,170
1.9777236052888478,2.619285853268998,0.8260869565217391,0.9242518024183191,0.37109375,0.5910790683152363,188.03157894736842,0.19228070175438597,False,AS_24hr_BSE_Side_008,942,95
2.0718820073061255,3.4284787233092606,0.7108433734939759,0.9565176187491928,0.5130434782608696,0.4612633672972294,170.46610169491527,0.14985044865403788,False,AS_24hr_BSE_Side_008,943,118
1.6532125137753437,2.041500481500199,1.0,0.8718147161998537,0.8181818181818182,0.9900221959334338,193.2888888888889,0.20453159041394336,False,AS_24hr_BSE_Side_008,944,45
1.9637878273455553,3.197661079303732,0.7301587301587301,0.9498425327092304,0.48677248677248675,0.4889171695948923,130.42391304347825,0.01947996589940324,False,AS_24hr_BSE_Side_008,945,92
1.6127838567197355,1.5217697565607462,0.9761904761904762,0.7537775844697266,0.6833333333333333,1.0,134.78048780487805,0.02735533237685318,False,AS_24hr_BSE_Side_008,946,41
2.359835482339888,7.224499857259543,0.7633333333333333,0.9903739136029429,0.2869674185463659,0.2872912840211928,195.45414847161572,0.18379998287524615,False,AS_24hr_BSE_Side_008,947,229
2.2121876044039577,2.6759591371062514,0.8109452736318408,0.927550519446184,0.4630681818181818,0.5591140871117809,158.9754601226994,0.05278479489955491,False,AS_24hr_BSE_Side_008,948,163
2.4345689040341987,2.657525534354115,0.5386138613861386,0.9265019784833061,0.2518518518518518,0.20347009463613994,177.68382352941177,0.2125432525951557,False,AS_24hr_BSE_Side_008,949,272
1.806179973983887,1.7296561165034452,0.9696969696969697,0.8159307780693652,0.6666666666666666,0.9582437056935952,160.125,0.07475490196078431,False,AS_24hr_BSE_Side_008,950,64
1.7634279935629373,3.4038015648288042,0.8923076923076924,0.9558702474209403,0.4027777777777778,0.6511692346552679,179.4655172413793,0.23840432724814065,False,AS_24hr_BSE_Side_008,951,58
2.9400181550076634,13.328306142916245,0.46231422505307856,0.9971814057171103,0.11860021786492375,0.10053940545109416,201.8955223880597,0.18199950473874968,True,AS_24hr_BSE_Side_008,952,871
2.385606273598312,11.74512374053219,0.6183206106870229,0.9963688514050213,0.2574152542372881,0.18113191283404445,187.30864197530863,0.2737674493665779,True,AS_24hr_BSE_Side_008,953,243
1.9444826721501687,1.6141013660084282,0.9263157894736842,0.7849652635532375,0.6518518518518519,0.8628811687605833,182.375,0.1161319073083779,False,AS_24hr_BSE_Side_008,954,88
1.954242509439325,2.3805569226696024,0.7317073170731707,0.9074918115175308,0.5882352941176471,0.5532505013402305,193.87777777777777,0.21154684095860565,False,AS_24hr_BSE_Side_008,955,90
2.1398790864012365,6.010296084000169,0.696969696969697,0.9860615150697194,0.40588235294117647,0.33189547898075483,173.7608695652174,0.15484512645637966,False,AS_24hr_BSE_Side_008,956,138
3.942057683841395,25.737131076720875,0.37671114937580713,0.9992448838863004,0.05904420049793875,0.03810057648290358,193.8924694320649,0.07457164559344479,True,AS_24hr_BSE_Side_008,957,8751
3.1293675957229854,8.91913519549614,0.5693153000845309,0.9936948442311353,0.2405357142857143,0.15552326057981972,208.4595397178916,0.11152160938614496,True,AS_24hr_BSE_Side_008,958,1347
1.8692317197309762,1.433429970731979,0.8705882352941177,0.716460769132207,0.6166666666666667,0.8258328870684924,183.95945945945945,0.13025967143614203,False,AS_24hr_BSE_Side_008,959,74
2.100370545117563,3.7203269440409974,0.8235294117647058,0.9631978047474692,0.42857142857142855,0.5103799994174006,194.87301587301587,0.13075007780890133,False,AS_24hr_BSE_Side_008,960,126
2.561101383649056,1.2933615336416429,0.896551724137931,0.6341878323670241,0.5833333333333334,0.7326946366159327,156.81593406593407,0.02570566688213747,False,AS_24hr_BSE_Side_008,961,364
3.7712934426290596,4.411925608266281,0.29741162251989123,0.9739743167231626,0.15889157923056227,0.08373879251521806,202.05875380968507,0.0712621926522048,True,AS_24hr_BSE_Side_008,962,5906
1.9444826721501687,1.6269679198897,0.9361702127659575,0.7888075428612354,0.676923076923077,0.9353198027032721,144.86363636363637,0.02446524064171123,False,AS_24hr_BSE_Side_008,963,88
2.3138672203691533,3.9260151867615183,0.8142292490118577,0.9670171713635147,0.36013986013986016,0.45006301993979414,181.75728155339806,0.1390824290881401,False,AS_24hr_BSE_Side_008,964,206
3.3807537708039,7.212793441455591,0.4483208955223881,0.9903424893571356,0.23542666797295975,0.13344998918856846,209.72201414898043,0.07250250911850382,True,AS_24hr_BSE_Side_008,965,2403
3.812646016233119,13.279920563352583,0.4449924647211947,0.997160799829552,0.12393162393162394,0.07840150104675332,172.089131773399,0.08228110209601082,True,AS_24hr_BSE_Side_008,966,6496
2.5185139398778875,1.6894012243243028,0.746606334841629,0.8059925355011331,0.5288461538461539,0.5386757210319655,167.9212121212121,0.04046345811051694,False,AS_24hr_BSE_Side_008,967,330
1.7558748556724915,1.2864517278241032,0.8769230769230769,0.6290906738855658,0.5757575757575758,0.8199420174187149,187.03508771929825,0.27994496044031647,False,AS_24hr_BSE_Side_008,968,57
3.793580867368156,31.626223572483596,0.47625248965834227,0.999499983976956,0.061927245198820625,0.045862682931499296,207.55332153771917,0.10420825882226785,True,AS_24hr_BSE_Side_008,969,6217
2.380211241711606,1.6346937164030044,0.933852140077821,0.7910624572214343,0.6349206349206349,0.8326498010170699,157.63333333333333,0.03647058823529412,False,AS_24hr_BSE_Side_008,970,240
2.60422605308447,5.324884836955762,0.6525974025974026,0.9822077698927869,0.5037593984962406,0.2711356872793658,212.7810945273632,0.16676421812506095,True,AS_24hr_BSE_Side_008,971,402
1.9590413923210936,1.9050789545781597,0.9191919191919192,0.8511561157003346,0.7109375,0.7761277795311586,216.01098901098902,0.20124973066149537,False,AS_24hr_BSE_Side_008,972,91
2.369215857410143,2.0259690445764207,0.8210526315789474,0.869694180132184,0.5969387755102041,0.5643475529073475,156.66666666666666,0.0562761856879504,False,AS_24hr_BSE_Side_008,973,234
3.437750562820388,12.426588159423574,0.526720492118416,0.9967568202998264,0.17396825396825397,0.09534404015180843,203.5985401459854,0.09639187061685987,True,AS_24hr_BSE_Side_008,974,2740
3.280350693046006,1.0575703245687171,0.6080994897959183,0.3254373739288019,0.41912087912087914,0.2616516721772187,173.9024646040902,0.042396948291639674,True,AS_24hr_BSE_Side_008,975,1907
2.311753861055754,2.744180135093554,0.9111111111111111,0.931239564678871,0.7592592592592593,0.6167797803145195,205.0,0.12329029172644668,False,AS_24hr_BSE_Side_008,976,205
1.806179973983887,4.806324276485476,0.7441860465116279,0.9781162343515204,0.64,0.43484029802517915,160.828125,0.1881127450980392,False,AS_24hr_BSE_Side_008,977,64
2.5211380837040362,11.157082645180619,0.6680080482897385,0.9959752069216722,0.30970149253731344,0.192944016492782,189.11144578313252,0.1793408929836995,True,AS_24hr_BSE_Side_008,978,332
2.103803720955957,5.2594642047071645,0.7791411042944786,0.981758257703892,0.503968253968254,0.39634221631062794,200.6535433070866,0.2671916010498688,False,AS_24hr_BSE_Side_008,979,127
1.7481880270062005,2.3748247114834697,0.8888888888888888,0.9070217798994952,0.717948717948718,0.7745507018763227,147.91071428571428,0.052310924369747894,False,AS_24hr_BSE_Side_008,980,56
1.6720978579357175,2.363212564470321,0.7704918032786885,0.9060583384864005,0.4519230769230769,0.6470147360965562,160.27659574468086,0.13341677096370463,False,AS_24hr_BSE_Side_008,981,47
2.0791812460476247,2.9106489866353917,0.8108108108108109,0.9391285378825609,0.5,0.49646399764912336,186.475,0.16029411764705884,False,AS_24hr_BSE_Side_008,982,120
2.930949031167523,1.2891113012866529,0.6980360065466449,0.6310671492824569,0.4838343732274532,0.40297228772862864,145.03048065650646,0.024458083350573524,False,AS_24hr_BSE_Side_008,983,853
3.458033192496506,6.19260125579883,0.6168886978942845,0.9868754894977236,0.3233108108108108,0.22299167764430758,177.09857192615814,0.07369707897091264,True,AS_24hr_BSE_Side_008,984,2871
1.6532125137753437,5.708602598603953,0.8035714285714286,0.984537451348453,0.4411764705882353,0.5767045382684372,196.24444444444444,0.46736383442265794,False,AS_24hr_BSE_Side_008,985,45
3.3803921600570273,2.7579064552964607,0.5192474048442907,0.9319472510781465,0.2982608695652174,0.19294263929284697,211.42940441482716,0.08265020293831818,True,AS_24hr_BSE_Side_008,986,2401
2.0170333392987803,3.8919568694781237,0.8387096774193549,0.9664273159011134,0.4727272727272727,0.5218915901869704,219.23076923076923,0.27873303167420815,False,AS_24hr_BSE_Side_008,987,104
2.6766936096248664,2.164707306491264,0.6814921090387375,0.8869027301879784,0.4455909943714822,0.30384539493427,138.86526315789473,0.021845201238390094,False,AS_24hr_BSE_Side_008,988,475
2.0086001717619175,2.334013598583966,0.8571428571428571,0.9035671424684429,0.6296296296296297,0.7422244593773952,175.85294117647058,0.10265282583621683,False,AS_24hr_BSE_Side_008,989,102
1.7403626894942439,1.2669769486429265,0.9649122807017544,0.6140330128737744,0.6111111111111112,1.0,145.61818181818182,0.03771836007130125,False,AS_24hr_BSE_Side_008,990,55
1.9294189257142926,1.1069217122533352,0.9444444444444444,0.42878565299585764,0.7727272727272727,1.0,163.6705882352941,0.03764705882352941,False,AS_24hr_BSE_Side_008,991,85
2.0969100130080562,1.2359525975359775,0.9541984732824428,0.5876812880800117,0.6868131868131868,0.9797073547304134,165.496,0.03322352941176471,False,AS_24hr_BSE_Side_008,992,125
2.0791812460476247,2.8989409729103994,0.8823529411764706,0.9386197545044557,0.6349206349206349,0.6226268413070839,156.75,0.05222222222222222,False,AS_24hr_BSE_Side_008,993,120
2.1958996524092336,2.4486328053036868,0.839572192513369,0.912807021056081,0.548951048951049,0.6174460195503705,177.48407643312103,0.08555014362432871,False,AS_24hr_BSE_Side_008,994,157
2.0170333392987803,3.993761744251845,0.8455284552845529,0.9681449258828819,0.38095238095238093,0.5002482581738915,185.5096153846154,0.232315233785822,False,AS_24hr_BSE_Side_008,995,104
1.9822712330395684,1.3431701390816884,0.9696969696969697,0.6676142981378255,0.7272727272727273,1.0,153.8125,0.021241830065359478,False,AS_24hr_BSE_Side_008,996,96
1.6232492903979006,1.7127728189912717,0.9333333333333333,0.8118625627472597,0.7777777777777778,0.9710384578239462,148.88095238095238,0.05826330532212885,False,AS_24hr_BSE_Side_008,997,42
1.9590413923210936,1.9709609161814499,0.7777777777777778,0.861730235465428,0.4375,0.5988506139182966,134.53846153846155,0.03878474466709761,False,AS_24hr_BSE_Side_008,998,91
2.2528530309798933,1.0719262894119947,0.8731707317073171,0.36013560168951014,0.5541795665634675,0.6896004495905607,131.65921787709496,0.014043159163106583,False,AS_24hr_BSE_Side_008,999,179
4.165867268352943,10.27729426556858,0.2090282632577649,0.9952549146619282,0.0881045877407677,0.027631708896051998,178.3673469387755,0.06361420822509606,True,AS_24hr_BSE_Side_008,1000,14651
1.6532125137753437,1.622170996865621,0.9574468085106383,0.7873879307056385,0.7142857142857143,0.9900221959334335,187.88888888888889,0.25376906318082787,False,AS_24hr_BSE_Side_008,1001,45
1.7708520116421442,1.1801938365611677,0.9672131147540983,0.5310851739065243,0.7283950617283951,1.0,179.08474576271186,0.06095048188767033,False,AS_24hr_BSE_Side_008,1002,59
2.187520720836463,2.883691290968052,0.806282722513089,0.9379473261926115,0.6695652173913044,0.5430051739554602,156.01298701298703,0.03328240387063917,False,AS_24hr_BSE_Side_008,1003,154
1.6127838567197355,1.8547950245829403,0.9318181818181818,0.8422141547748626,0.6833333333333333,0.9479184945424235,145.82926829268294,0.0708751793400287,False,AS_24hr_BSE_Side_008,1004,41
1.6020599913279623,1.6681080787726321,0.9302325581395349,0.8003885826038588,0.6349206349206349,1.0,185.35,0.18892156862745096,False,AS_24hr_BSE_Side_008,1005,40
2.130333768495006,1.3478279333067982,0.9246575342465754,0.6704724050347171,0.6887755102040817,0.9084702464588125,132.3111111111111,0.02245461147421932,False,AS_24hr_BSE_Side_008,1006,135
2.1335389083702174,1.89049973429197,0.7431693989071039,0.8486463415338658,0.4927536231884058,0.547508080108609,176.38970588235293,0.06658016147635525,False,AS_24hr_BSE_Side_008,1007,136
2.247973266361807,2.5437796539966055,0.8509615384615384,0.9194889665803366,0.6145833333333334,0.6241033492864705,175.59322033898306,0.0581588567630442,False,AS_24hr_BSE_Side_008,1008,177
1.9777236052888478,2.0469166118603956,0.9223300970873787,0.8725416750177851,0.5621301775147929,0.8000960628593983,198.61052631578949,0.11062951496388028,False,AS_24hr_BSE_Side_008,1009,95
1.7481880270062005,1.8476189878511962,0.8615384615384616,0.840870006674023,0.509090909090909,0.8484834600550276,151.0,0.06169467787114846,False,AS_24hr_BSE_Side_008,1010,56
1.9867717342662448,2.675552456323835,0.708029197080292,0.927527632807382,0.46411483253588515,0.46657770233526413,146.71134020618555,0.08392965433596118,False,AS_24hr_BSE_Side_008,1011,97
1.6812412373755872,1.306589937956592,0.96,0.6436130420743601,0.75,1.0,143.0625,0.031127450980392157,False,AS_24hr_BSE_Side_008,1012,48
1.7634279935629373,2.096735310577453,0.8529411764705882,0.8789402383011049,0.48333333333333334,0.7207940762206849,136.70689655172413,0.043340094658553076,False,AS_24hr_BSE_Side_008,1013,58
1.6127838567197355,1.2833884313855635,0.9534883720930233,0.6267911223739209,0.7321428571428571,1.0,190.26829268292684,0.09870875179340029,False,AS_24hr_BSE_Side_008,1014,41
1.9777236052888478,1.995313019541029,0.8407079646017699,0.8653462445849548,0.5588235294117647,0.7146986601662888,159.70526315789473,0.060020639834881324,False,AS_24hr_BSE_Side_008,1015,95
1.724275869600789,4.7510366815511755,0.8412698412698413,0.9775980821267588,0.5196078431372549,0.5098684169849278,186.9056603773585,0.3366629670736219,False,AS_24hr_BSE_Side_008,1016,53
1.7853298350107671,1.516068687938685,0.9242424242424242,0.7516161843332175,0.6161616161616161,0.9514122674543045,154.0327868852459,0.040437158469945354,False,AS_24hr_BSE_Side_008,1017,61
1.6020599913279623,1.6183759439118606,0.975609756097561,0.7862540218722222,0.7142857142857143,1.0,158.875,0.06568627450980392,False,AS_24hr_BSE_Side_008,1018,40
2.515873843711679,4.450569153109569,0.7387387387387387,0.9744302133197723,0.5093167701863354,0.36390239000430424,225.3780487804878,0.18338115734098517,False,AS_24hr_BSE_Side_008,1019,328
2.924795995797912,4.114109512758834,0.3134550875885203,0.9700097610441297,0.2228404875463699,0.12217805986029022,193.9191438763377,0.13027441654426336,True,AS_24hr_BSE_Side_008,1020,841
1.9637878273455553,5.497671300336416,0.7863247863247863,0.9833179229462398,0.5897435897435898,0.37131715766126105,189.59782608695653,0.3280903665814152,False,AS_24hr_BSE_Side_008,1021,92
2.0086001717619175,2.3109644970516983,0.8717948717948718,0.9015284855477569,0.6296296296296297,0.6681621138604404,163.1764705882353,0.063360246059208,False,AS_24hr_BSE_Side_008,1022,102
1.863322860120456,3.3435440346059613,0.7849462365591398,0.9542268360809553,0.5488721804511278,0.5250505901014576,200.2054794520548,0.3106634434595756,False,AS_24hr_BSE_Side_008,1023,73
1.6434526764861874,1.2470012118464613,0.88,0.5974262759628168,0.6111111111111112,0.948661268636659,146.72727272727272,0.05115864527629233,False,AS_24hr_BSE_Side_008,1024,44
1.7558748556724915,4.560408267828405,0.8636363636363636,0.9756622826830632,0.6705882352941176,0.5557865625431294,195.96491228070175,0.4154798761609907,False,AS_24hr_BSE_Side_008,1025,57
1.7853298350107671,2.089502659419958,0.5700934579439252,0.8780424356615352,0.3388888888888889,0.37098832692331274,140.37704918032787,0.12941176470588237,False,AS_24hr_BSE_Side_008,1026,61
1.6434526764861874,1.2560698398275496,0.9565217391304348,0.6051202646649665,0.7857142857142857,1.0,184.75,0.09420677361853833,False,AS_24hr_BSE_Side_008,1027,44
1.8129133566428555,2.937928381559213,0.6701030927835051,0.9402894504567811,0.42483660130718953,0.4523989507654751,173.63076923076923,0.329894419306184,False,AS_24hr_BSE_Side_008,1028,65
1.7075701760979363,3.654834664255993,0.8360655737704918,0.9618406650595075,0.5666666666666667,0.6203411368225884,180.07843137254903,0.27989234909650135,False,AS_24hr_BSE_Side_008,1029,51
1.7075701760979363,2.0011607503020645,0.9272727272727272,0.8661927817434052,0.6375,0.9377734075522062,136.7058823529412,0.036601307189542485,False,AS_24hr_BSE_Side_008,1030,51
1.6020599913279623,1.738457185000608,0.8695652173913043,0.8179968637406131,0.5714285714285714,0.9058449937260664,144.125,0.035,False,AS_24hr_BSE_Side_008,1031,40
2.4533183400470375,3.9099794454402206,0.8045325779036827,0.966741413428759,0.355,0.42404274787964497,202.03169014084506,0.10327257663628832,False,AS_24hr_BSE_Side_008,1032,284
2.8898617212581885,11.146163598851185,0.5128883013879709,0.9959673015214446,0.16458112407211029,0.11924103806230876,194.2306701030928,0.14174247018394986,True,AS_24hr_BSE_Side_008,1033,776
2.307496037913213,1.1306506164255528,0.7689393939393939,0.46664157337904644,0.5342105263157895,0.6192350177589977,170.79802955665025,0.031836182748961654,False,AS_24hr_BSE_Side_008,1034,203
2.0211892990699383,3.1987532733417483,0.7954545454545454,0.9498776823101163,0.5072463768115942,0.5261622713865045,209.14285714285714,0.2523249299719888,False,AS_24hr_BSE_Side_008,1035,105
1.7075701760979363,2.840651132131676,0.7285714285714285,0.9359879783412549,0.4857142857142857,0.6203411368225884,188.66666666666666,0.32679738562091504,False,AS_24hr_BSE_Side_008,1036,51
3.3406423775607053,8.801478100766726,0.2738065483629093,0.9935245914075712,0.11116184677828514,0.062335877118932646,202.1442263806481,0.14685209547077618,True,AS_24hr_BSE_Side_008,1037,2191
3.0232524596337114,13.054819900240602,0.4747974797479748,0.997061899113109,0.09144491635607177,0.09608853082150523,205.5090047393365,0.16401077966731714,True,AS_24hr_BSE_Side_008,1038,1055
2.2833012287035497,3.5228051738999624,0.7441860465116279,0.9588643478348364,0.5161290322580645,0.3808088232934396,149.828125,0.07367238562091503,False,AS_24hr_BSE_Side_008,1039,192
1.7993405494535817,1.2917712046433358,0.9545454545454546,0.6330255571074357,0.7,1.0,158.0793650793651,0.04755680049797697,False,AS_24hr_BSE_Side_008,1040,63
1.6812412373755872,1.626977674444842,0.9230769230769231,0.7888104142681901,0.6666666666666666,0.9864517666782943,155.41666666666666,0.055392156862745096,False,AS_24hr_BSE_Side_008,1041,48
1.6812412373755872,1.4999549428819214,0.8727272727272727,0.7453380802280547,0.6,0.8292225139058319,169.66666666666666,0.22540849673202615,False,AS_24hr_BSE_Side_008,1042,48
1.662757831681574,1.7226068829664454,0.92,0.8142491949904974,0.575,0.927066815777363,133.80434782608697,0.034185848252344414,False,AS_24hr_BSE_Side_008,1043,46
2.093421685162235,1.858072972164612,0.779874213836478,0.8428222685537636,0.5740740740740741,0.5964498462842551,135.75,0.05407969639468691,False,AS_24hr_BSE_Side_008,1044,124
2.155336037465062,3.981613912886409,0.7044334975369458,0.9679470279184964,0.4612903225806452,0.369912687710718,200.76223776223776,0.2654326066090772,False,AS_24hr_BSE_Side_008,1045,143
1.9344984512435677,3.761087032671592,0.6935483870967742,0.9640059737449735,0.3233082706766917,0.44739642661688084,152.7674418604651,0.10054719562243503,False,AS_24hr_BSE_Side_008,1046,86
2.03342375548695,5.242715993737056,0.7297297297297297,0.9816404310021895,0.3776223776223776,0.3704559595587261,188.30555555555554,0.27011619462599856,False,AS_24hr_BSE_Side_008,1047,108
3.9322707758994904,31.564734089354666,0.5427900780308317,0.999498033483612,0.07276995305164319,0.055532276230817995,187.88370733987844,0.0966967338595092,True,AS_24hr_BSE_Side_008,1048,8556
2.0681858617461617,1.8745553795158647,0.8602941176470589,0.8458253994815697,0.5735294117647058,0.7579995480098553,168.65811965811966,0.06509133567957098,False,AS_24hr_BSE_Side_008,1049,117
2.0827853703164503,4.387755741585522,0.6994219653179191,0.9736829181478903,0.3601190476190476,0.41038153131864596,189.1487603305785,0.2071949440933398,False,AS_24hr_BSE_Side_008,1050,121
1.8388490907372552,1.3974863558790356,0.9583333333333334,0.698540528674046,0.71875,0.9925613895068652,147.47826086956522,0.04796817277635692,False,AS_24hr_BSE_Side_008,1051,69
4.174786417367337,34.33593141690906,0.3074819581799864,0.9995758060589459,0.040233085558864595,0.02765510603863294,187.4076228686058,0.09492503654755115,True,AS_24hr_BSE_Side_008,1052,14955
1.7993405494535817,1.3534838243036338,0.9402985074626866,0.673887361629651,0.7159090909090909,0.9996231611452789,139.4920634920635,0.02072829131652661,False,AS_24hr_BSE_Side_008,1053,63
1.6434526764861874,2.976446312767396,0.8,0.9418722879584126,0.4583333333333333,0.6329376976565518,184.3181818181818,0.28030303030303033,False,AS_24hr_BSE_Side_008,1054,44
1.6532125137753437,4.865298903931219,0.7377049180327869,0.9786492998717883,0.26785714285714285,0.4455061502242977,147.9777777777778,0.21089324618736383,False,AS_24hr_BSE_Side_008,1055,45
3.97377419397058,14.047989248035462,0.15302340702210662,0.9974631610960504,0.05500245390170371,0.026327244024974116,200.59751434034416,0.08953081976363947,True,AS_24hr_BSE_Side_008,1056,9414
1.792391689498254,1.7440242354560624,0.8157894736842105,0.8192849871942782,0.512396694214876,0.7062850641509748,135.11290322580646,0.04939911448450348,False,AS_24hr_BSE_Side_008,1057,62
2.6665179805548807,3.0559681184357013,0.7631578947368421,0.944945225684126,0.5858585858585859,0.42628764309521905,151.64655172413794,0.03333333333333333,False,AS_24hr_BSE_Side_008,1058,464
1.9590413923210936,2.486078187480865,0.8666666666666667,0.9155342765654773,0.5055555555555555,0.7132269542437407,138.04395604395606,0.04249084249084249,False,AS_24hr_BSE_Side_008,1059,91
2.7466341989375787,7.473420985114298,0.6172566371681416,0.9910073385252243,0.3780487804878049,0.20241148305443551,201.28494623655914,0.141295944901258,True,AS_24hr_BSE_Side_008,1060,558
1.9731278535996986,2.4395938714769323,0.6714285714285714,0.9121285386107041,0.47,0.424772096167633,152.30851063829786,0.09724655819774718,False,AS_24hr_BSE_Side_008,1061,94
1.7075701760979363,1.8233663807397502,0.8947368421052632,0.836192449241119,0.6071428571428571,0.7954430432814676,183.54901960784315,0.24321414840445985,False,AS_24hr_BSE_Side_008,1062,51
2.315970345456918,4.969302937224227,0.7840909090909091,0.979542896762309,0.4928571428571429,0.40114198526894135,213.71497584541063,0.1707113763379748,False,AS_24hr_BSE_Side_008,1063,207
2.45484486000851,3.7359305524527513,0.8482142857142857,0.9635103912285331,0.35185185185185186,0.4626574925665129,211.27017543859648,0.12649466804265566,False,AS_24hr_BSE_Side_008,1064,285
1.6020599913279623,1.5022899534035334,0.975609756097561,0.7462636690907645,0.7407407407407407,1.0,148.6,0.050686274509803925,False,AS_24hr_BSE_Side_008,1065,40
1.9294189257142926,1.329254097139889,0.6343283582089553,0.6588188556977448,0.3794642857142857,0.42594088636050365,177.3764705882353,0.2850288350634372,False,AS_24hr_BSE_Side_008,1066,85
1.8195439355418688,3.144233628252833,0.5739130434782609,0.9480764487955876,0.29333333333333333,0.4164379478995869,135.45454545454547,0.05769459298871064,False,AS_24hr_BSE_Side_008,1067,66
3.8632038590286295,5.345698636713149,0.2634276638752527,0.9823472929394437,0.13622788023594415,0.05216985954453241,200.18004932858318,0.09337933035642319,True,AS_24hr_BSE_Side_008,1068,7298
1.9444826721501687,1.066725330079707,0.9263157894736842,0.34812413928236075,0.7272727272727273,0.9820715413787476,161.02272727272728,0.04131016042780748,False,AS_24hr_BSE_Side_008,1069,88
1.8325089127062364,1.9803617759664145,0.9444444444444444,0.8631437738311024,0.6538461538461539,0.8581145593082398,173.10294117647058,0.10420991926182238,False,AS_24hr_BSE_Side_008,1070,68
1.8512583487190752,1.8398137757064144,0.922077922077922,0.8393876238333406,0.5916666666666667,0.8507195426380884,150.2112676056338,0.07285280309306821,False,AS_24hr_BSE_Side_008,1071,71
1.845098040014257,1.1780990531499402,0.9859154929577465,0.5286738283297403,0.7777777777777778,1.0,136.4857142857143,0.026778711484593837,False,AS_24hr_BSE_Side_008,1072,70
1.9030899869919435,3.070495340662426,0.851063829787234,0.9454799358178927,0.5228758169934641,0.616402636505529,169.525,0.1417156862745098,False,AS_24hr_BSE_Side_008,1073,80
1.9822712330395684,1.7706135915331112,0.9142857142857143,0.8252442724617214,0.6713286713286714,0.8443465028491655,167.19791666666666,0.05625,False,AS_24hr_BSE_Side_008,1074,96
1.9030899869919435,2.5046480614651356,0.898876404494382,0.9168387517701515,0.5555555555555556,0.6946748944713527,205.0625,0.28215686274509805,False,AS_24hr_BSE_Side_008,1075,80
1.8512583487190752,1.4117047212318585,0.9594594594594594,0.705847894033989,0.7171717171717171,1.0,154.54929577464787,0.037392985363159346,False,AS_24hr_BSE_Side_008,1076,71
1.8512583487190752,2.2956081419275494,0.8875,0.900133368237707,0.6339285714285714,0.7923531754305806,148.69014084507043,0.04429715548191107,False,AS_24hr_BSE_Side_008,1077,71
2.5477747053878224,3.507312297158837,0.4602346805736636,0.9584922427281626,0.18385416666666668,0.1889095627743692,177.0056657223796,0.15608509692828973,True,AS_24hr_BSE_Side_008,1078,353
2.6711728427150834,1.283230346050014,0.659634317862166,0.62667177414282,0.43425925925925923,0.3173957763059848,154.70149253731344,0.056356871106651614,False,AS_24hr_BSE_Side_008,1079,469
2.7701152947871015,6.294302735809367,0.5860696517412936,0.9872988935847787,0.3591463414634146,0.21044638964778528,153.19015280135824,0.03994140950098205,True,AS_24hr_BSE_Side_008,1080,589
1.6020599913279623,1.3447210148626485,0.9302325581395349,0.6685706015212182,0.625,0.9526351138026914,130.25,0.024901960784313722,False,AS_24hr_BSE_Side_008,1081,40
1.9395192526186185,1.753860553454525,0.87,0.8215262062132185,0.6214285714285714,0.7651890182070564,149.183908045977,0.045391029975208476,False,AS_24hr_BSE_Side_008,1082,87
2.060697840353612,6.806409557408715,0.7615894039735099,0.9891483275872142,0.3709677419354839,0.3215278284694103,188.0608695652174,0.3167263427109974,False,AS_24hr_BSE_Side_008,1083,115
1.9030899869919435,1.2757987359910243,0.9090909090909091,0.6209846915429653,0.6837606837606838,0.8927923103443162,143.5125,0.045392156862745094,False,AS_24hr_BSE_Side_008,1084,80
1.7634279935629373,2.256850950300879,0.7073170731707317,0.8964745251879809,0.3717948717948718,0.5557813493022851,139.05172413793105,0.06883029073698445,False,AS_24hr_BSE_Side_008,1085,58
2.346352974450639,3.8611629573205746,0.6851851851851852,0.9658801830094939,0.3894736842105263,0.39232036245480023,141.1036036036036,0.02174527468645116,False,AS_24hr_BSE_Side_008,1086,222
2.0170333392987803,5.286039413179599,0.8188976377952756,0.9819428972858751,0.52,0.4287037797698572,190.8653846153846,0.2519230769230769,False,AS_24hr_BSE_Side_008,1087,104
2.3344537511509307,1.7570485726295841,0.9515418502202643,0.8222432438517335,0.782608695652174,0.767846689911831,171.36111111111111,0.04745824255628177,False,AS_24hr_BSE_Side_008,1088,216
1.7558748556724915,1.9695712006922477,0.890625,0.8615193565351981,0.59375,0.8066434924124899,128.56140350877192,0.025318197454420363,False,AS_24hr_BSE_Side_008,1089,57
1.9294189257142926,1.2965605383051113,0.8854166666666666,0.636506481337868,0.5944055944055944,0.7961890565599732,140.4470588235294,0.0914878892733564,False,AS_24hr_BSE_Side_008,1090,85
1.8976270912904414,1.6448954421223623,0.9404761904761905,0.793981915542715,0.6528925619834711,0.9465752657522392,166.29113924050634,0.05455448001985604,False,AS_24hr_BSE_Side_008,1091,79
1.7323937598229686,1.2016734317174338,0.9473684210526315,0.5545163242633759,0.75,1.0,143.33333333333334,0.030355846042120552,False,AS_24hr_BSE_Side_008,1092,54
2.959994838328416,1.567798385472064,0.642706131078224,0.7701712887332132,0.4523809523809524,0.36342349451896705,151.1063596491228,0.019083247334021326,True,AS_24hr_BSE_Side_008,1093,912
3.1720188094245563,3.5272359682664027,0.3799539759652263,0.9589698389565546,0.229320987654321,0.13206269374919288,205.1170928667564,0.08900852400179453,True,AS_24hr_BSE_Side_008,1094,1486
2.2624510897304293,1.2395909013758917,0.8970588235294118,0.5909369251872187,0.56656346749226,0.7412661896300341,165.01092896174865,0.028029572484731598,False,AS_24hr_BSE_Side_008,1095,183
1.8976270912904414,3.4428537023644386,0.626984126984127,0.9568881297024983,0.35909090909090907,0.44015679674084757,136.84810126582278,0.11303052866716307,False,AS_24hr_BSE_Side_008,1096,79
2.255272505103306,4.090262162146981,0.6870229007633588,0.9696535518484591,0.48128342245989303,0.3610770867809781,194.14444444444445,0.16766884531590412,False,AS_24hr_BSE_Side_008,1097,180
2.3521825181113627,10.447238706269195,0.6617647058823529,0.995408388122266,0.25111607142857145,0.18241951537385254,179.8,0.2703616557734205,True,AS_24hr_BSE_Side_008,1098,225
1.9777236052888478,3.0800685051626937,0.9047619047619048,0.94582800900394,0.625,0.6465340270412722,181.8736842105263,0.10377708978328173,False,AS_24hr_BSE_Side_008,1099,95
2.56702636615906,6.5691153736866195,0.5590909090909091,0.9883454804533719,0.3075,0.22955985236737303,194.34959349593495,0.13087836760720548,True,AS_24hr_BSE_Side_008,1100,369
1.8920946026904804,1.2385018848253788,0.896551724137931,0.5899673371467788,0.5454545454545454,0.7904845666200274,131.56410256410257,0.03202614379084967,False,AS_24hr_BSE_Side_008,1101,78
1.9344984512435677,1.6688458681585356,0.9052631578947369,0.800587017055847,0.6370370370370371,0.8163359015547743,145.17441860465115,0.03629730962152303,False,AS_24hr_BSE_Side_008,1102,86
2.4683473304121573,2.698425102911787,0.6743119266055045,0.9287979449299862,0.40384615384615385,0.39337329716386277,143.71768707482994,0.041790049353074565,False,AS_24hr_BSE_Side_008,1103,294
2.3944516808262164,12.284548418355568,0.6985915492957746,0.9966812627895534,0.16166883963494133,0.17034006255689005,191.82258064516128,0.3144370651486401,True,AS_24hr_BSE_Side_008,1104,248
1.662757831681574,1.8932522802442318,0.9387755102040817,0.8491252006670366,0.5679012345679012,0.9270668157773627,152.41304347826087,0.08797953964194373,False,AS_24hr_BSE_Side_008,1105,46
2.1760912590556813,2.4788081410032814,0.8152173913043478,0.9150150586549828,0.5928853754940712,0.5778774717239334,199.44666666666666,0.13555555555555557,False,AS_24hr_BSE_Side_008,1106,150
1.8864907251724818,3.538000097994921,0.6754385964912281,0.9592244213136504,0.32083333333333336,0.433431204795905,151.14285714285714,0.08530685001273236,False,AS_24hr_BSE_Side_008,1107,77
1.662757831681574,1.5936275097559471,0.9583333333333334,0.7786171999973636,0.6571428571428571,0.9453496097333653,194.2608695652174,0.1628303495311168,False,AS_24hr_BSE_Side_008,1108,46
2.2600713879850747,1.2870686271149103,0.6546762589928058,0.6295507709396378,0.5041551246537396,0.34640395133477736,143.5879120879121,0.08924800689506572,False,AS_24hr_BSE_Side_008,1109,182
1.6434526764861874,2.931644930827422,0.8627450980392157,0.9400250457976591,0.6111111111111112,0.7411416161223898,170.0,0.22754010695187166,False,AS_24hr_BSE_Side_008,1110,44
2.775974331129369,1.3143015140472099,0.9401574803149606,0.6489155750752349,0.7175480769230769,0.8370823397173511,194.9145728643216,0.023076165139422605,False,AS_24hr_BSE_Side_008,1111,597
3.0519239160461065,10.12051185351105,0.4779474130619169,0.9951063941828876,0.23676470588235293,0.1205637374532312,203.18367346938774,0.13977069088504968,True,AS_24hr_BSE_Side_008,1112,1127
1.6020599913279623,1.7614926502996213,0.9090909090909091,0.8232352694129018,0.7407407407407407,0.924798531260901,139.05,0.06323529411764706,False,AS_24hr_BSE_Side_008,1113,40
1.724275869600789,2.8656602090202328,0.6708860759493671,0.9371377219803395,0.44166666666666665,0.5499870431545907,144.62264150943398,0.06925638179800223,False,AS_24hr_BSE_Side_008,1114,53
1.9242792860618816,2.8249715960874826,0.7706422018348624,0.9352507743376423,0.631578947368421,0.5442048036993833,144.28571428571428,0.07539682539682539,False,AS_24hr_BSE_Side_008,1115,84
1.9590413923210936,5.419811500827181,0.5986842105263158,0.9828309627194133,0.3888888888888889,0.31429060310698675,132.82417582417582,0.052876535229476405,False,AS_24hr_BSE_Side_008,1116,91
1.9493900066449128,1.7826106174762597,0.5973154362416108,0.8278327390227151,0.37083333333333335,0.39646343401888934,134.53932584269663,0.045692883895131084,False,AS_24hr_BSE_Side_008,1117,89
1.7853298350107671,4.7424902116942835,0.7922077922077922,0.9775163387606144,0.6421052631578947,0.5110828498184381,180.04918032786884,0.252780456444873,False,AS_24hr_BSE_Side_008,1118,61
1.6232492903979006,1.5625440668866528,0.9545454545454546,0.7683899418670971,0.65625,1.0,143.73809523809524,0.04453781512605042,False,AS_24hr_BSE_Side_008,1119,42
3.600755149639618,14.759063699044038,0.4562929061784897,0.9977019912222578,0.08987042253521127,0.06830362797571679,209.53084252758273,0.09197396109898322,True,AS_24hr_BSE_Side_008,1120,3988
1.6812412373755872,1.9017660670675558,0.9411764705882353,0.8505915212781345,0.7272727272727273,0.9413249113751821,153.16666666666666,0.05457516339869281,False,AS_24hr_BSE_Side_008,1121,48
2.385606273598312,1.3382420439040306,0.9310344827586207,0.6645441779580658,0.7232142857142857,0.8335259090071337,181.9506172839506,0.050915839586863555,False,AS_24hr_BSE_Side_008,1122,243
1.7481880270062005,1.7845430767962713,0.8484848484848485,0.8282440635988922,0.5833333333333334,0.7622295897749733,163.26785714285714,0.11029411764705882,False,AS_24hr_BSE_Side_008,1123,56
1.6334684555795864,1.4919778589693888,0.9555555555555556,0.7421342764535648,0.6825396825396826,1.0,172.58139534883722,0.11080711354309165,False,AS_24hr_BSE_Side_008,1124,43
2.4983105537896004,9.636354970312038,0.49920760697305866,0.9946009369121868,0.146784715750233,0.14468826374746707,184.66984126984127,0.22768751945222535,True,AS_24hr_BSE_Side_008,1125,315
2.359835482339888,2.6134771125747176,0.5871794871794872,0.9239008307824812,0.38487394957983195,0.2859033222412775,147.04366812227073,0.0624539772240774,False,AS_24hr_BSE_Side_008,1126,229
2.2624510897304293,1.1663571526154992,0.9014778325123153,0.5147000505023845,0.6727941176470589,0.8152000946680533,166.9672131147541,0.057730633236901314,False,AS_24hr_BSE_Side_008,1127,183
2.1702617153949575,2.497453110560926,0.6218487394957983,0.9163370009444377,0.37,0.37757066114564064,149.73648648648648,0.07029676735559089,False,AS_24hr_BSE_Side_008,1128,148
1.7323937598229686,1.1550886676180336,0.9310344827586207,0.5005036868722568,0.6666666666666666,1.0,153.88888888888889,0.034640522875816995,False,AS_24hr_BSE_Side_008,1129,54
2.513217600067939,3.1597204545412545,0.7799043062200957,0.9485979505168153,0.5046439628482973,0.4146495287391851,180.07668711656441,0.15333814507398053,False,AS_24hr_BSE_Side_008,1130,326
1.6020599913279623,1.5395206921208726,0.9523809523809523,0.7603164735489829,0.6349206349206349,1.0,143.625,0.04401960784313726,False,AS_24hr_BSE_Side_008,1131,40
1.7993405494535817,1.968673604208869,0.9130434782608695,0.8613828880386385,0.5206611570247934,0.8439751711345722,126.44444444444444,0.025210084033613446,False,AS_24hr_BSE_Side_008,1132,63
1.792391689498254,3.290398067099916,0.6739130434782609,0.9526992800449182,0.4305555555555556,0.485934847946285,138.41935483870967,0.06932321315623023,False,AS_24hr_BSE_Side_008,1133,62
2.7671558660821804,3.819837176926055,0.3672316384180791,0.9651245176038405,0.17246462264150944,0.1339362665723477,202.3846153846154,0.20616725322607676,True,AS_24hr_BSE_Side_008,1134,585
1.6127838567197355,2.323424845876431,0.8367346938775511,0.9026386878793927,0.5694444444444444,0.7305618334730093,135.8048780487805,0.06953610712577714,False,AS_24hr_BSE_Side_008,1135,41
3.8687032022785366,20.08577445661611,0.3307675095099575,0.9987598842816032,0.06852718928190626,0.04273067178208411,190.639020430253,0.09676899037249861,True,AS_24hr_BSE_Side_008,1136,7391
1.9344984512435677,2.597388514599144,0.8686868686868687,0.9229157018226533,0.6323529411764706,0.6906784588489971,177.27906976744185,0.11057911536707707,False,AS_24hr_BSE_Side_008,1137,86
2.103803720955957,1.5110867330161413,0.8523489932885906,0.7497021700372163,0.6105769230769231,0.7363016119394189,161.62992125984252,0.06706808707735064,False,AS_24hr_BSE_Side_008,1138,127
1.845098040014257,1.1036776547783782,0.9333333333333333,0.4231456976058934,0.6363636363636364,0.9527869872187167,176.37142857142857,0.06464985994397758,False,AS_24hr_BSE_Side_008,1139,70
1.6720978579357175,4.491445426784007,0.7014925373134329,0.9748994781565432,0.39166666666666666,0.48295034410291504,132.4468085106383,0.058489778890279516,False,AS_24hr_BSE_Side_008,1140,47
1.9444826721501687,1.1584709807131646,0.9263157894736842,0.504850534703805,0.6153846153846154,0.8918287418277232,143.1931818181818,0.02923351158645276,False,AS_24hr_BSE_Side_008,1141,88
2.376576957056512,2.4919692501642703,0.7531645569620253,0.9159514668710454,0.5118279569892473,0.4663407008516766,147.81932773109244,0.02474872301861921,False,AS_24hr_BSE_Side_008,1142,238
1.9912260756924949,2.863845226427609,0.8672566371681416,0.9370553410294495,0.5444444444444444,0.6183472559721138,154.74489795918367,0.0392156862745098,False,AS_24hr_BSE_Side_008,1143,98
1.99563519459755,2.1260738490187565,0.6,0.8824796666126596,0.3626373626373626,0.370570808061195,142.73737373737373,0.08698752228163993,False,AS_24hr_BSE_Side_008,1144,99
2.247973266361807,1.5884972653395837,0.7629310344827587,0.7769795856108227,0.5267857142857143,0.5955527171229994,181.75706214689265,0.10269192422731804,False,AS_24hr_BSE_Side_008,1145,177
2.428134794028789,2.4608372735439787,0.6063348416289592,0.9137104968418612,0.36462585034013606,0.3425478916487352,207.9402985074627,0.18934738074334212,False,AS_24hr_BSE_Side_008,1146,268
1.8573324964312685,3.2686448579420055,0.6428571428571429,0.9520517003138113,0.34285714285714286,0.44260040107218435,143.69444444444446,0.09662309368191721,False,AS_24hr_BSE_Side_008,1147,72
2.184691430817599,2.0846767369657013,0.8595505617977528,0.8774376628727953,0.7285714285714285,0.6329915970026323,162.7058823529412,0.0639753940792003,False,AS_24hr_BSE_Side_008,1148,153
2.3344537511509307,2.2980758477874517,0.8709677419354839,0.9003595923281172,0.5538461538461539,0.6196702709385414,178.34722222222223,0.07155047204066813,False,AS_24hr_BSE_Side_008,1149,216
2.0755469613925306,2.5480031580195357,0.9153846153846154,0.9197672848011624,0.4666666666666667,0.690793699839503,158.53781512605042,0.05836216839677048,False,AS_24hr_BSE_Side_008,1150,119
2.1986570869544226,1.6246732886324435,0.8586956521739131,0.788130352334258,0.6076923076923076,0.719619979128602,156.06962025316454,0.024844874658724248,False,AS_24hr_BSE_Side_008,1151,158
2.0755469613925306,1.5772131384618917,0.9224806201550387,0.773308682107186,0.6538461538461539,0.8804082017603776,179.0672268907563,0.05767012687427912,False,AS_24hr_BSE_Side_008,1152,119
1.6434526764861874,2.425391492197991,0.9166666666666666,0.9110460692466388,0.5,0.7942472271655865,139.88636363636363,0.054901960784313725,False,AS_24hr_BSE_Side_008,1153,44
1.7160033436347992,4.062973876954315,0.7222222222222222,0.9692380601226331,0.5098039215686274,0.4780805607128894,134.07692307692307,0.07187028657616892,False,AS_24hr_BSE_Side_008,1154,52
1.6127838567197355,1.174945872651514,0.8541666666666666,0.5249986868259624,0.640625,0.8839798185023413,127.41463414634147,0.02534672405547585,False,AS_24hr_BSE_Side_008,1155,41
1.7481880270062005,1.5118114594870893,0.9491525423728814,0.7499820834844425,0.691358024691358,1.0,149.66071428571428,0.03767507002801121,False,AS_24hr_BSE_Side_008,1156,56
2.367355921026019,2.3699364080290217,0.8629629629629629,0.9066180555349256,0.5943877551020408,0.6298016770355692,161.54077253218884,0.025347134561979297,False,AS_24hr_BSE_Side_008,1157,233
1.7323937598229686,1.6120396630331142,0.9642857142857143,0.7843392421695615,0.7012987012987013,0.9929365491729242,153.7037037037037,0.05584604212055192,False,AS_24hr_BSE_Side_008,1158,54
2.462397997898956,4.546330761300387,0.6904761904761905,0.9755094333211282,0.46474358974358976,0.39193666596634125,171.96896551724137,0.05200811359026369,False,AS_24hr_BSE_Side_008,1159,290
1.6334684555795864,1.5269485555274398,0.9772727272727273,0.7557147589052189,0.671875,1.0,157.27906976744185,0.04933880528955768,False,AS_24hr_BSE_Side_008,1160,43
1.6020599913279623,1.9671188138291504,0.9302325581395349,0.8611460077668572,0.5714285714285714,0.9058449937260661,141.525,0.03843137254901961,False,AS_24hr_BSE_Side_008,1161,40
1.724275869600789,1.5692942296927253,0.8833333333333333,0.7706744015473375,0.6625,0.8770863958467847,139.0188679245283,0.028634850166481686,False,AS_24hr_BSE_Side_008,1162,53
1.845098040014257,2.1707312384411357,0.8333333333333334,0.8875692813036505,0.625,0.7192877465362564,160.82857142857142,0.11596638655462185,False,AS_24hr_BSE_Side_008,1163,70
2.5809249756756194,1.3775147230020515,0.9361179361179361,0.6877527015920291,0.6135265700483091,0.8022015788142913,189.69291338582678,0.022747156605424323,False,AS_24hr_BSE_Side_008,1164,381
2.606381365110605,2.1929237910016726,0.5967503692762186,0.8899735245700217,0.41995841995842,0.33210542811502575,138.80445544554456,0.041574451562803344,False,AS_24hr_BSE_Side_008,1165,404
1.8195439355418688,2.306606521835595,0.8354430379746836,0.9011356145665721,0.4888888888888889,0.7518518424832958,144.0151515151515,0.08960190136660724,False,AS_24hr_BSE_Side_008,1166,66
2.4668676203541096,1.5940408704794178,0.7690288713910761,0.7787483110335405,0.5317604355716878,0.5464724593239643,145.76450511945393,0.018483570902763837,False,AS_24hr_BSE_Side_008,1167,293
2.0718820073061255,1.7359954626064191,0.7564102564102564,0.8174226532438053,0.46825396825396826,0.5256481484744825,160.73728813559322,0.11213027583914922,False,AS_24hr_BSE_Side_008,1168,118
2.161368002234975,3.6466171200785307,0.6387665198237885,0.9616650579952309,0.33564814814814814,0.3311007087230386,160.53793103448277,0.13982420554428668,False,AS_24hr_BSE_Side_008,1169,145
1.9444826721501687,2.9682435027672405,0.8461538461538461,0.9415405836150337,0.5,0.6510581660076741,153.5,0.05276292335115865,False,AS_24hr_BSE_Side_008,1170,88
1.6989700043360187,1.4486128224947095,0.9433962264150944,0.7235083971383219,0.7142857142857143,1.0,134.56,0.026352941176470586,False,AS_24hr_BSE_Side_008,1171,50
1.6720978579357175,1.6253938024201033,0.94,0.7883433616556653,0.6527777777777778,1.0,154.38297872340425,0.07951606174384647,False,AS_24hr_BSE_Side_008,1172,47
1.6720978579357175,2.3834420930290534,0.746031746031746,0.9077270171871334,0.5595238095238095,0.6157572421851121,141.5744680851064,0.1471005423445974,False,AS_24hr_BSE_Side_008,1173,47
2.03342375548695,1.036755938530798,0.9818181818181818,0.2639105320407288,0.75,1.0,178.57407407407408,0.03155410312273057,False,AS_24hr_BSE_Side_008,1174,108
2.670245853074124,1.1381029380035745,0.6332882273342354,0.4774569501835518,0.4297520661157025,0.2796234839781139,167.82692307692307,0.03640020110608346,False,AS_24hr_BSE_Side_008,1175,468
1.7993405494535817,3.3073686337480246,0.7875,0.9531953378933525,0.40384615384615385,0.5716843443998118,172.9206349206349,0.14360410830999068,False,AS_24hr_BSE_Side_008,1176,63
1.724275869600789,2.518666263876066,0.9464285714285714,0.9178032394430478,0.5824175824175825,0.7935455687775083,145.83018867924528,0.059267480577136517,False,AS_24hr_BSE_Side_008,1177,53
1.8195439355418688,1.2313705917377789,0.9428571428571428,0.5835138300224645,0.7333333333333333,1.0,133.12121212121212,0.016636957813428402,False,AS_24hr_BSE_Side_008,1178,66
2.4608978427565478,1.4514975497737705,0.9174603174603174,0.7248149184600959,0.7083333333333334,0.8063030552797105,173.65397923875432,0.02177895379605129,False,AS_24hr_BSE_Side_008,1179,289
1.7558748556724915,3.6848404503378043,0.6867469879518072,0.9624716709806439,0.4789915966386555,0.52304392479299,143.94736842105263,0.0760921912624699,False,AS_24hr_BSE_Side_008,1180,57
1.7558748556724915,1.7496724177872,0.95,0.8205773010497948,0.6333333333333333,0.9847017352631751,158.3859649122807,0.050498796009631926,False,AS_24hr_BSE_Side_008,1181,57
3.448242412634439,15.15576304429,0.5904501472444258,0.997820846383544,0.13543375470423621,0.09861882884389267,200.0195938724617,0.10718581697017959,True,AS_24hr_BSE_Side_008,1182,2807
1.8325089127062364,2.0121812132421093,0.9444444444444444,0.8677659280705758,0.7472527472527473,0.9050079442661734,169.0441176470588,0.07012687427912341,False,AS_24hr_BSE_Side_008,1183,68
2.3010299956639813,1.7508985181974475,0.6802721088435374,0.8208559171831683,0.44642857142857145,0.4151680073689657,137.6,0.06915686274509805,False,AS_24hr_BSE_Side_008,1184,200
1.662757831681574,1.0299225123749614,0.9387755102040817,0.23929532079171933,0.71875,1.0,157.65217391304347,0.049616368286445015,False,AS_24hr_BSE_Side_008,1185,46
1.9030899869919435,2.2695538679274043,0.8163265306122449,0.8976960615394431,0.48484848484848486,0.6090618924567515,150.475,0.06583333333333334,False,AS_24hr_BSE_Side_008,1186,80
2.3344537511509307,1.6205094501946036,0.8029739776951673,0.7868926651165509,0.631578947368421,0.5780179060366961,162.07407407407408,0.059168482207697895,False,AS_24hr_BSE_Side_008,1187,216
1.6989700043360187,1.6573019749580715,0.819672131147541,0.7974459851062876,0.5681818181818182,0.8274399960818724,151.12,0.09098039215686274,False,AS_24hr_BSE_Side_008,1188,50
2.7611758131557314,1.6012841326929494,0.8435672514619883,0.7810257767017845,0.5851926977687627,0.5757094766392651,158.10745233968805,0.026458694396302718,False,AS_24hr_BSE_Side_008,1189,577
2.2013971243204513,1.3935083910816413,0.9578313253012049,0.6964418937773994,0.7644230769230769,0.9525662484468735,153.43396226415095,0.0620545073375262,False,AS_24hr_BSE_Side_008,1190,159
1.6232492903979006,2.9777566980331884,0.56,0.9419250126370874,0.358974358974359,0.5563988304205586,135.4047619047619,0.12642390289449115,False,AS_24hr_BSE_Side_008,1191,42
1.6989700043360187,1.8498119419297154,0.9433962264150944,0.8412826589149742,0.6172839506172839,0.9620158811036373,155.88,0.0935686274509804,False,AS_24hr_BSE_Side_008,1192,50
1.7323937598229686,2.3710686346614596,0.9310344827586207,0.9067118042520793,0.54,0.8422338105333187,150.05555555555554,0.0784313725490196,False,AS_24hr_BSE_Side_008,1193,54
2.1903316981702914,2.3162947671101937,0.7242990654205608,0.9020057668849828,0.3708133971291866,0.48156500781985423,180.10967741935485,0.09591397849462366,False,AS_24hr_BSE_Side_008,1194,155
2.247973266361807,1.4820538463555504,0.9619565217391305,0.7380561321046802,0.7165991902834008,0.8677839026739962,164.05649717514123,0.04189653262434918,False,AS_24hr_BSE_Side_008,1195,177
2.322219294733919,1.7503051408718544,0.8571428571428571,0.8207211644591402,0.7142857142857143,0.7203310324753006,148.4857142857143,0.020448179271708684,False,AS_24hr_BSE_Side_008,1196,210
2.24551266781415,2.5838025085417198,0.6743295019157088,0.9220685987234816,0.3333333333333333,0.353633494162745,152.75,0.07254901960784314,False,AS_24hr_BSE_Side_008,1197,176
2.4533183400470375,1.447954634358286,0.9073482428115016,0.7232088704868933,0.587991718426501,0.7810175101252642,166.09859154929578,0.019511184755592378,False,AS_24hr_BSE_Side_008,1198,284
2.0,2.6764678579639014,0.6622516556291391,0.9275791330796843,0.4784688995215311,0.43917973428677926,134.75,0.03035294117647059,False,AS_24hr_BSE_Side_008,1199,100
2.0,5.505617101746345,0.7352941176470589,0.9833664468784405,0.23923444976076555,0.4614652735425603,143.88,0.06450980392156863,False,AS_24hr_BSE_Side_008,1200,100
1.724275869600789,1.2379056975286584,0.9464285714285714,0.5894347698718564,0.7361111111111112,1.0,184.0754716981132,0.06067332593414724,False,AS_24hr_BSE_Side_008,1201,53
1.6720978579357175,1.4667278343839658,0.9038461538461539,0.7315481802792543,0.5875,0.9042949282374191,145.9787234042553,0.045640383813099705,False,AS_24hr_BSE_Side_008,1202,47
1.7853298350107671,2.183473145408718,0.7093023255813954,0.8889594361763865,0.4236111111111111,0.5082808310579793,137.65573770491804,0.06133076181292189,False,AS_24hr_BSE_Side_008,1203,61
1.7708520116421442,1.7837671612981205,0.8939393939393939,0.8280790948966134,0.5462962962962963,0.8833809161862828,143.28813559322035,0.06041874376869392,False,AS_24hr_BSE_Side_008,1204,59
1.954242509439325,2.9329180904819543,0.8035714285714286,0.9400787630869745,0.625,0.557473419929314,193.42222222222222,0.15355119825708063,False,AS_24hr_BSE_Side_008,1205,90
1.6232492903979006,1.041430321446356,0.9545454545454546,0.27925194963714556,0.75,1.0,157.26190476190476,0.03725490196078431,False,AS_24hr_BSE_Side_008,1206,42
1.6020599913279623,2.376713901927813,0.9302325581395349,0.9071770930318515,0.6060606060606061,0.8624193351242355,158.6,0.10470588235294118,False,AS_24hr_BSE_Side_008,1207,40
1.7853298350107671,1.4251451661553336,0.9242424242424242,0.7124893690868365,0.6161616161616161,0.9514122674543045,140.68852459016392,0.026293796207007395,False,AS_24hr_BSE_Side_008,1208,61
1.6127838567197355,1.3526594225984685,0.9761904761904762,0.6733933371024834,0.7592592592592593,1.0,152.2439024390244,0.045050215208034435,False,AS_24hr_BSE_Side_008,1209,41
2.4983105537896004,1.6109688231007073,0.6481481481481481,0.7840129424531878,0.5,0.2836857828179283,147.57142857142858,0.06859632741985683,False,AS_24hr_BSE_Side_008,1210,315
1.6232492903979006,1.5047561839819426,0.9333333333333333,0.7472353619813351,0.6666666666666666,1.0,143.5,0.043137254901960784,False,AS_24hr_BSE_Side_008,1211,42
3.291812687467119,7.244468911778216,0.34753283635072774,0.9904271643295889,0.08200703635449824,0.07422462621393543,200.34780388151174,0.14929199463237797,True,AS_24hr_BSE_Side_008,1212,1958
2.0453229787866576,1.442179246001813,0.8345864661654135,0.7205576013971543,0.5663265306122449,0.7191277763170422,141.18018018018017,0.024659954071718778,False,AS_24hr_BSE_Side_008,1213,111
2.164352855784437,2.0824083824979662,0.6266094420600858,0.8771517994895828,0.453416149068323,0.3879451454394254,137.8835616438356,0.06717700778941714,False,AS_24hr_BSE_Side_008,1214,146
2.0755469613925306,1.6154498568576818,0.8623188405797102,0.7853731585229736,0.5509259259259259,0.7054324508910791,163.25210084033614,0.047849728126544734,False,AS_24hr_BSE_Side_008,1215,119
1.8864907251724818,1.4619354142631633,0.9871794871794872,0.729458804349557,0.8020833333333334,1.0,174.8961038961039,0.0471606824548001,False,AS_24hr_BSE_Side_008,1216,77
1.6532125137753437,1.4809333163898746,0.9183673469387755,0.7375890724848505,0.625,0.9247985312609011,127.2,0.02413943355119826,False,AS_24hr_BSE_Side_008,1217,45
1.662757831681574,1.192758793632757,0.9787234042553191,0.5450670176656018,0.8214285714285714,1.0,136.41304347826087,0.020034100596760442,False,AS_24hr_BSE_Side_008,1218,46
1.919078092376074,2.237351851892383,0.9120879120879121,0.8945554587529027,0.5928571428571429,0.8138538296264594,144.0722891566265,0.03387668320340185,False,AS_24hr_BSE_Side_008,1219,83
1.8750612633917,1.204159101127195,0.9615384615384616,0.5570856477622278,0.8333333333333334,0.9981705267641617,157.89333333333335,0.04345098039215686,False,AS_24hr_BSE_Side_008,1220,75
2.161368002234975,1.4819462079994075,0.9477124183006536,0.7380113250689934,0.6904761904761905,0.9050334073234813,156.13793103448276,0.019391480730223124,False,AS_24hr_BSE_Side_008,1221,145
2.130333768495006,1.3194992026524992,0.9183673469387755,0.6524133977527758,0.6887755102040817,0.9084702464588125,135.17037037037036,0.01344952795933188,False,AS_24hr_BSE_Side_008,1222,135
1.7403626894942439,1.360978434981599,0.9821428571428571,0.6783212073196854,0.7638888888888888,1.0,147.1818181818182,0.043422459893048125,False,AS_24hr_BSE_Side_008,1223,55
2.3502480183341627,1.6861450886510354,0.8648648648648649,0.8051518053551044,0.5894736842105263,0.7199857842878421,153.56696428571428,0.02923669467787115,False,AS_24hr_BSE_Side_008,1224,224
1.7993405494535817,2.625737124117631,0.9402985074626866,0.924638715302462,0.75,0.8073863535758121,200.06349206349208,0.223155929038282,False,AS_24hr_BSE_Side_008,1225,63
1.845098040014257,1.9322663614649966,0.958904109589041,0.8556668810749601,0.6730769230769231,0.9170852543182518,172.62857142857143,0.07983193277310925,False,AS_24hr_BSE_Side_008,1226,70
1.6020599913279623,1.40289498842328,0.9523809523809523,0.7013554315329582,0.625,1.0,148.025,0.04411764705882353,False,AS_24hr_BSE_Side_008,1227,40
2.214843848047698,2.4837235650735323,0.5559322033898305,0.9153666436058997,0.36607142857142855,0.31291784468739386,142.5,0.10043041606886657,False,AS_24hr_BSE_Side_008,1228,164
2.0293837776852097,2.3591129390141736,0.5270935960591133,0.9057145484349653,0.3292307692307692,0.366165439004319,182.48598130841123,0.2843687007513286,False,AS_24hr_BSE_Side_008,1229,107
1.9867717342662448,1.7658337401727067,0.9603960396039604,0.8241959429826341,0.7698412698412699,0.9331554046705282,149.75257731958763,0.024782696583788153,False,AS_24hr_BSE_Side_008,1230,97
2.0827853703164503,2.0134597453084457,0.9236641221374046,0.8679465825717619,0.7076023391812866,0.7718397895712463,159.27272727272728,0.03441905687894992,False,AS_24hr_BSE_Side_008,1231,121
2.4082399653118496,1.7813153041581342,0.7013698630136986,0.8275561665943756,0.3511659807956104,0.4225429267475927,146.23828125,0.03478860294117647,False,AS_24hr_BSE_Side_008,1232,256
1.806179973983887,2.0243684811323917,0.6808510638297872,0.8694725758544214,0.44755244755244755,0.506839645986695,128.34375,0.03621323529411765,False,AS_24hr_BSE_Side_008,1233,64
2.456366033129043,1.2474785700501059,0.9407894736842105,0.5978379566714396,0.6842105263157895,0.872419778714647,192.6993006993007,0.028602769779240367,False,AS_24hr_BSE_Side_008,1234,286
2.089905111439398,1.9680744687735563,0.5668202764976958,0.8612916808864173,0.3904761904761905,0.36377770308738333,143.0,0.07253307827195919,False,AS_24hr_BSE_Side_008,1235,123
2.8796692056320534,1.0821495775820937,0.9334975369458128,0.3821829740159097,0.7656565656565657,0.8190573540299056,188.77440633245382,0.014097987479952404,False,AS_24hr_BSE_Side_008,1236,758
1.8808135922807914,1.2549825522857252,0.95,0.6042117086674506,0.7676767676767676,1.0,155.73684210526315,0.04298245614035088,False,AS_24hr_BSE_Side_008,1237,76
2.2013971243204513,4.348940357954519,0.7794117647058824,0.973204554166548,0.33473684210526317,0.41952256763178597,139.44654088050314,0.0244173140954495,False,AS_24hr_BSE_Side_008,1238,159
1.6334684555795864,1.0546385959175268,0.9555555555555556,0.3176975205016533,0.671875,1.0,142.53488372093022,0.03264933880528956,False,AS_24hr_BSE_Side_008,1239,43
2.776701183988411,1.2089659576986642,0.8781204111600588,0.5619765712685308,0.6064908722109533,0.7109357173115075,184.44648829431438,0.015161649944258641,False,AS_24hr_BSE_Side_008,1240,598
2.143014800254095,1.4144482653698882,0.7055837563451777,0.70722409374654,0.43034055727554177,0.4795051503290749,134.74820143884892,0.07685146000846381,False,AS_24hr_BSE_Side_008,1241,139
1.662757831681574,2.8023387163979248,0.6216216216216216,0.9341636839460191,0.38333333333333336,0.5933227620975122,130.30434782608697,0.03895993179880648,False,AS_24hr_BSE_Side_008,1242,46
1.8129133566428555,1.6301783813315636,0.9848484848484849,0.7897492508931455,0.8441558441558441,1.0,166.69230769230768,0.06063348416289593,False,AS_24hr_BSE_Side_008,1243,65
3.0674428427763805,2.535341689978779,0.6826417299824664,0.9189284994523084,0.32717086834733894,0.271873122371233,178.11900684931507,0.07397260273972603,True,AS_24hr_BSE_Side_008,1244,1168
1.724275869600789,1.2715601917339792,0.9298245614035088,0.6176724838599328,0.654320987654321,0.9745488352993515,148.8679245283019,0.045431002589715136,False,AS_24hr_BSE_Side_008,1245,53
2.423245873936808,1.3376061565379704,0.8128834355828221,0.6641445162215156,0.5760869565217391,0.5918232324086914,156.02641509433963,0.03914169441361451,False,AS_24hr_BSE_Side_008,1246,265
1.7993405494535817,2.048582627079667,0.9,0.8727640096103442,0.5625,0.7829314965845372,152.0952380952381,0.04886399004046063,False,AS_24hr_BSE_Side_008,1247,63
2.0863598306747484,2.912897504342551,0.6354166666666666,0.9392255165755681,0.3588235294117647,0.374980895352823,145.13934426229508,0.07225972356155576,False,AS_24hr_BSE_Side_008,1248,122
2.292256071356476,2.5869392726041536,0.8909090909090909,0.9222654344940391,0.5833333333333334,0.580944371322065,182.1122448979592,0.05702280912364946,False,AS_24hr_BSE_Side_008,1249,196
1.6232492903979006,1.333647147227544,1.0,0.6616378820958644,0.875,1.0,143.0,0.02679738562091503,False,AS_24hr_BSE_Side_008,1250,42
1.6532125137753437,1.338215755157126,0.9574468085106383,0.6645276712599613,0.7142857142857143,1.0,149.75555555555556,0.058474945533769064,False,AS_24hr_BSE_Side_008,1251,45
1.8864907251724818,1.5982978351140151,0.9625,0.780091364270463,0.5833333333333334,0.9424783264056837,159.93506493506493,0.04038706391647569,False,AS_24hr_BSE_Side_008,1252,77
2.093421685162235,2.584118551222231,0.7425149700598802,0.9220884651704616,0.5367965367965368,0.4979309819609048,133.31451612903226,0.0545224541429475,False,AS_24hr_BSE_Side_008,1253,124
2.041392685158225,1.3290941485541168,0.8943089430894309,0.6587154599126545,0.6043956043956044,0.8374601021280332,145.3272727272727,0.03133689839572193,False,AS_24hr_BSE_Side_008,1254,110
2.383815365980431,2.4331486508457454,0.8432055749128919,0.9116398083546412,0.46095238095238095,0.5989582686348891,149.25619834710744,0.019267541727434775,False,AS_24hr_BSE_Side_008,1255,242
2.6646419755561257,2.0816970460647117,0.7380191693290735,0.8770619434233179,0.462,0.4244501963577397,150.33982683982683,0.040726593667770136,False,AS_24hr_BSE_Side_008,1256,462
2.161368002234975,1.8714911347599419,0.847953216374269,0.8452738869155902,0.6590909090909091,0.6319079266175992,177.19310344827585,0.09241379310344827,False,AS_24hr_BSE_Side_008,1257,145
2.27415784926368,1.3313079242518493,0.9447236180904522,0.6601417720631567,0.6911764705882353,0.9129421382463617,184.15425531914894,0.022486441385064664,False,AS_24hr_BSE_Side_008,1258,188
2.2624510897304293,1.5839605154238943,0.8356164383561644,0.7755152221327727,0.538235294117647,0.6713511448034611,150.28415300546447,0.045515911282545805,False,AS_24hr_BSE_Side_008,1259,183
1.9822712330395684,2.072313416061522,0.8275862068965517,0.8758670526513643,0.6,0.6825303910327388,149.22916666666666,0.043464052287581705,False,AS_24hr_BSE_Side_008,1260,96
2.311753861055754,2.1234813323461195,0.8436213991769548,0.8821733630001575,0.4904306220095694,0.5986635219030519,140.54634146341462,0.01924438067910091,False,AS_24hr_BSE_Side_008,1261,205
2.3443922736851106,2.3609236250260723,0.6278409090909091,0.9058666274772589,0.42337164750957856,0.38518306636058275,175.47511312217193,0.11922633306716351,False,AS_24hr_BSE_Side_008,1262,221
2.5010592622177517,2.203356320377506,0.8045685279187818,0.891076541794868,0.6015180265654649,0.5345482085169425,138.53627760252365,0.020708851363889405,False,AS_24hr_BSE_Side_008,1263,317
1.7781512503836436,1.2541071916293833,0.9836065573770492,0.603477527347738,0.75,1.0,141.45,0.021960784313725487,False,AS_24hr_BSE_Side_008,1264,60
2.0043213737826426,1.4751440304977874,0.8559322033898306,0.7351542131332589,0.5260416666666666,0.6471906485012461,152.01980198019803,0.06860803727431566,False,AS_24hr_BSE_Side_008,1265,101
1.6232492903979006,1.268808384396325,0.9545454545454546,0.6154946392339495,0.65625,1.0,138.52380952380952,0.033893557422969185,False,AS_24hr_BSE_Side_008,1266,42
1.9822712330395684,1.3125731930915385,0.9411764705882353,0.6477390468101496,0.7384615384615385,0.9413249113751818,173.0,0.03684640522875817,False,AS_24hr_BSE_Side_008,1267,96
2.503790683057181,3.014246529638398,0.7668269230769231,0.9433645729654135,0.49228395061728397,0.4364166528210546,129.99373040752351,0.01671891327063741,False,AS_24hr_BSE_Side_008,1268,319
2.2405492482826,3.411625898112098,0.8055555555555556,0.9560770772846998,0.564935064935065,0.5119139542402632,152.51724137931035,0.045323416723011045,False,AS_24hr_BSE_Side_008,1269,174
2.143014800254095,1.6052757948813952,0.9205298013245033,0.7822649078845312,0.6205357142857143,0.8675837490894062,183.25179856115108,0.04161376780928199,False,AS_24hr_BSE_Side_008,1270,139
1.8573324964312685,1.831348995124074,0.8372093023255814,0.8377554768597818,0.5538461538461539,0.7652616567572227,125.72222222222223,0.02347494553376906,False,AS_24hr_BSE_Side_008,1271,72
1.9777236052888478,1.916041820754589,0.9047619047619048,0.8530010007782287,0.6089743589743589,0.7763701413286239,148.57894736842104,0.067781217750258,False,AS_24hr_BSE_Side_008,1272,95
2.0043213737826426,1.9071424138500075,0.8632478632478633,0.8515061038218699,0.7013888888888888,0.6984787579420411,148.2871287128713,0.05622209279751505,False,AS_24hr_BSE_Side_008,1273,101
1.8976270912904414,1.406619072896995,0.8977272727272727,0.7032683100838647,0.6583333333333333,0.9132385496201396,168.77215189873417,0.0387192851824274,False,AS_24hr_BSE_Side_008,1274,79
2.2227164711475833,1.3313141903482753,0.8477157360406091,0.6601457947842116,0.5859649122807018,0.6764560309738563,130.09580838323353,0.019044264412351766,False,AS_24hr_BSE_Side_008,1275,167
2.1702617153949575,1.4213138783985746,0.8705882352941177,0.7106216449563937,0.5803921568627451,0.7529831932932443,165.2972972972973,0.033147853736089035,False,AS_24hr_BSE_Side_008,1276,148
1.7853298350107671,1.7879796680049433,0.8970588235294118,0.8289717505460913,0.5865384615384616,0.7867975758249619,128.86885245901638,0.03728704596592736,False,AS_24hr_BSE_Side_008,1277,61
2.2013971243204513,1.294101517082608,0.9408284023668639,0.6347264583459141,0.7098214285714286,0.8657081577318,165.62264150943398,0.03198914786040202,False,AS_24hr_BSE_Side_008,1278,159
1.8573324964312685,2.489955709276954,0.72,0.9158092273449328,0.5625,0.5481557032110763,157.875,0.13932461873638344,False,AS_24hr_BSE_Side_008,1279,72
1.7160033436347992,2.462584599288881,0.7536231884057971,0.9138386778680566,0.4444444444444444,0.5850490170471448,143.05769230769232,0.047134238310708905,False,AS_24hr_BSE_Side_008,1280,52
1.6334684555795864,2.9040358310333123,0.86,0.938841946882255,0.48863636363636365,0.7115983966304101,135.8139534883721,0.07815777473780211,False,AS_24hr_BSE_Side_008,1281,43
1.8692317197309762,1.5724372610509936,0.8409090909090909,0.7717257950736245,0.6115702479338843,0.6867043345513236,157.94594594594594,0.08521462639109698,False,AS_24hr_BSE_Side_008,1282,74
1.6812412373755872,1.4544442156506667,0.9056603773584906,0.7261390691425096,0.6,0.9235352458594918,157.95833333333334,0.08415032679738561,False,AS_24hr_BSE_Side_008,1283,48
1.7634279935629373,1.7785055729575303,0.90625,0.8269538407995689,0.58,0.8684083582848204,147.72413793103448,0.026774847870182555,False,AS_24hr_BSE_Side_008,1284,58
1.6901960800285136,1.380178581514652,0.8909090909090909,0.6892286324067293,0.765625,0.8916934089099937,171.59183673469389,0.10412164865946379,False,AS_24hr_BSE_Side_008,1285,49
3.9929950984313414,11.23045222474491,0.5678015002885171,0.9960277283516789,0.2206080172181867,0.10490518338717857,235.4116869918699,0.0025538020086083215,True,Cast_24hr_SE_Side_006,471,9840
3.93444794894897,19.673553218046084,0.6232966077123804,0.9987073373982664,0.16761529764921446,0.074707081026885,232.26258867310153,0.001629920487790418,True,Cast_24hr_SE_Side_006,477,8599
5.0713111607383645,5.549429492546107,0.42466819700251174,0.9836302289167564,0.18592172812782998,0.08404414090931354,202.44264924264925,0.005351063502324007,True,HIP_24hr_SE_Side_006,8,117845
4.048092051812373,3.4951399820723257,0.5420710403726708,0.9581963094735021,0.28394591022317117,0.2505314273366656,246.86017366395131,0.012966697734505137,True,HIP_24hr_SE_Side_006,23,11171
4.346157302232008,3.4067268413020306,0.3418790250516131,0.9559477467763411,0.1570417551309271,0.1161885778971427,241.60423614240648,0.020825844533396955,True,HIP_24hr_SE_Side_006,27,22190
4.440735959183332,5.907811863543706,0.19071088867997565,0.9855701622165889,0.07198920775079716,0.05063715876168091,243.19214179564318,0.020992737230453456,True,HIP_24hr_SE_Side_006,36,27589
4.373886231789153,2.763636519792845,0.5982043500252908,0.9322394036162741,0.2969169742160629,0.12526988901958563,212.0649389083837,0.004210219157210087,True,HIP_24hr_SE_Side_006,40,23653
4.24167097378413,4.212567167812936,0.4866380272260656,0.9714156632227657,0.1833382377669413,0.1223648829764028,231.42000573230152,0.0064592922293595,True,HIP_24hr_SE_Side_006,46,17445
3.940217555599735,1.50741252164423,0.4199720468456311,0.7482752260438182,0.29459093982420553,0.1327160758123692,224.4915079182924,0.011526639574810874,True,HIP_24hr_SE_Side_006,49,8714
4.070000903802345,4.783954152783981,0.4883208645054032,0.9779087788090252,0.34791234823808115,0.167788683958676,239.34190143842028,0.018585478280170695,True,HIP_24hr_SE_Side_006,83,11749
4.005223424858136,5.484737463102933,0.5503833813692969,0.9832384810944041,0.3247657553587473,0.17776006865182026,233.90643217073412,0.009377899959509542,True,HIP_24hr_SE_Side_006,148,10121
3.7018269303971394,5.020182026709155,0.7288921071687183,0.9799596766135269,0.2534750201450443,0.3034428072834944,242.4092986290483,0.025013732892322435,True,HIP_24hr_SE_Side_006,151,5033
3.8455321174935753,9.430562377272647,0.6731027857829011,0.9943620552799549,0.5561552504166998,0.1757829808034369,233.35122020836306,0.010200443813889192,True,HIP_24hr_SE_Side_006,152,7007
3.7577754910119254,2.4004802336102955,0.9044233807266983,0.9090975449769209,0.4565390749601276,0.5134155547548899,239.85572052401747,0.013081256956931245,True,HIP_24hr_SE_Side_006,157,5725
3.599773939146388,8.48870201953767,0.5726827864133563,0.9930369088373764,0.20276192417448022,0.15896504635309613,243.83387785875848,0.0367547270227518,True,HIP_24hr_SE_Side_006,160,3979
3.642958879409791,3.355801464032565,0.7810556246667851,0.9545685524533059,0.5262212643678161,0.38910655131322613,242.4250284414107,0.007534408530192509,True,HIP_24hr_SE_Side_006,161,4395
4.36157675079015,3.9687729503235656,0.3540717013675003,0.9677358148226267,0.17107142857142857,0.06414579109350198,238.35107863604733,0.01578895302031738,True,HIP_24hr_SE_Side_006,177,22992
4.519486722064457,1.9847917484705908,0.7590654548792802,0.8638021336869054,0.5028583591801983,0.23997865635723106,198.00341658100018,0.0048275584043861244,True,HIP_24hr_SE_Side_006,229,33074
3.949731452315707,2.935453020574862,0.8397284811916659,0.9401854999730471,0.3841873706004141,0.3546369494854513,232.78601100258223,0.008938552405356438,True,HIP_24hr_SE_Side_006,238,8907
4.960746583475424,5.432490198390565,0.6019622184005745,0.9829117054754748,0.41142429960414856,0.11703974609468583,141.16297423323627,0.0,True,MAR_Amb_AS_CBS_0003,2,91358
2.718501688867274,1.8985947831850754,0.6854521625163827,0.8500479344175654,0.523,0.3274061622928071,127.49713193116635,0.0,True,MAR_Amb_AS_CBS_0003,3,523
3.1720188094245563,1.9367676531420919,0.7780104712041885,0.8563932072029534,0.4596350139189607,0.40602115802139405,123.81090174966353,0.0,True,MAR_Amb_AS_CBS_0003,4,1486
2.143014800254095,2.4232494602015384,0.7554347826086957,0.910881042236433,0.3861111111111111,0.4877895463918586,130.0431654676259,0.0,True,MAR_Amb_AS_CBS_0003,5,139
2.1335389083702174,1.5617403757047874,0.9444444444444444,0.7681155170160914,0.7272727272727273,0.9151996556918408,203.23529411764707,0.0,True,MAR_Amb_AS_CBS_0003,8,136
3.1020905255118367,2.1108242143751546,0.8273381294964028,0.8806601338555292,0.516748366013072,0.5074329236784837,196.90750988142292,0.0,True,MAR_Amb_AS_CBS_0003,9,1265
5.609743772302985,1.7205851208010647,0.7355324272714626,0.8137624414499354,0.4625634243826845,0.15175837425745975,127.72531561624994,4.033877637118609e-05,True,MAR_Amb_AS_CBS_0003,10,407140
1.7993405494535817,5.13280193364246,0.6847826086956522,0.9808379468222709,0.25,0.3825535425883419,124.47619047619048,0.0,True,MAR_Amb_AS_CBS_0003,11,63
4.077440584471324,1.5516334597305528,0.9177608845888044,0.7646193922047076,0.6833619210977702,0.7093907296016095,192.1373828647925,5.905976848570754e-06,True,MAR_Amb_AS_CBS_0003,12,11952
2.7641761323903307,1.2649827613683486,0.9049844236760125,0.6124302785567227,0.6520763187429854,0.6554796008284174,137.19793459552497,0.0,True,MAR_Amb_AS_CBS_0003,13,581
2.7781512503836434,1.3890781551947529,0.9508716323296355,0.6940758299101507,0.6857142857142857,0.8125964996550511,203.42,0.0,True,MAR_Amb_AS_CBS_0003,14,600
1.6232492903979006,1.7533323443573818,0.8936170212765957,0.8214069648254642,0.4666666666666667,0.7929645098246649,127.33333333333333,0.0,True,MAR_Amb_AS_CBS_0003,15,42
2.2576785748691846,1.6879777684343191,0.9576719576719577,0.8056257074126887,0.6961538461538461,0.8789496118222953,199.05524861878453,0.0,True,MAR_Amb_AS_CBS_0003,16,181
2.2833012287035497,2.7506508723780945,0.927536231884058,0.9315745628305507,0.48120300751879697,0.6661198408136558,191.328125,0.0,True,MAR_Amb_AS_CBS_0003,17,192
3.5911759503117913,2.833748103474161,0.5904343877705464,0.9356649981032789,0.34675555555555554,0.2541294616410192,211.1758523455524,8.042181240606983e-06,True,MAR_Amb_AS_CBS_0003,18,3901
2.0827853703164503,1.3610134175064643,0.9603174603174603,0.6783416641683288,0.6875,0.895204978260552,194.53719008264463,0.0,True,MAR_Amb_AS_CBS_0003,19,121
2.307496037913213,1.4102308470363918,0.8023715415019763,0.705104143820827,0.5767045454545454,0.5739279832686274,127.85221674876847,0.0,True,MAR_Amb_AS_CBS_0003,21,203
2.615950051656401,4.309541256212024,0.7468354430379747,0.972705467099393,0.3010204081632653,0.3309596762474847,192.5399515738499,0.0,True,MAR_Amb_AS_CBS_0003,22,413
1.8692317197309762,2.489573146057994,0.6065573770491803,0.9157821609853136,0.3425925925925926,0.39489012456763256,123.45945945945945,0.0,True,MAR_Amb_AS_CBS_0003,23,74
1.6720978579357175,1.384399732744245,0.9038461538461539,0.6915435961033783,0.5875,0.9042949282374192,189.17021276595744,0.0,True,MAR_Amb_AS_CBS_0003,24,47
3.154423973114647,1.8382957160127056,0.8781538461538462,0.8390968082313343,0.6498178506375227,0.5158285375296066,133.10441485634198,0.0,True,MAR_Amb_AS_CBS_0003,25,1427
2.5575072019056577,2.5335686158351653,0.907035175879397,0.9188099718609095,0.4610472541507024,0.581488198997711,193.07479224376732,0.0,True,MAR_Amb_AS_CBS_0003,26,361
2.311753861055754,1.0962301150275062,0.9715639810426541,0.40970687519477395,0.80078125,1.0,200.05365853658537,0.0,True,MAR_Amb_AS_CBS_0003,27,205
1.6232492903979006,1.2947151802947654,0.9767441860465116,0.6351720911883341,0.75,1.0,190.9047619047619,0.0,True,MAR_Amb_AS_CBS_0003,28,42
2.682145076373832,1.266729228100545,0.9144486692015209,0.6138345580163336,0.663448275862069,0.7687955368000035,195.8149688149688,0.0,True,MAR_Amb_AS_CBS_0003,29,481
2.2648178230095364,1.2660326681375942,0.9435897435897436,0.6132755578607764,0.6456140350877193,0.8850546106153464,192.16847826086956,0.0,True,MAR_Amb_AS_CBS_0003,30,184
2.143014800254095,1.303917602482603,0.9205298013245033,0.6417431630272513,0.6289592760180995,0.8582761703894213,191.50359712230215,0.0,True,MAR_Amb_AS_CBS_0003,31,139
2.012837224705172,1.036948256489425,0.9363636363636364,0.2645634758067998,0.7152777777777778,0.9469672644889924,192.19417475728156,0.0,True,MAR_Amb_AS_CBS_0003,32,103
2.4099331233312946,1.7596439575662117,0.8624161073825504,0.8228236546382579,0.514,0.6300013078734941,190.3229571984436,0.0,True,MAR_Amb_AS_CBS_0003,33,257
2.2121876044039577,1.4879708870719108,0.9314285714285714,0.7405001811677779,0.6468253968253969,0.8785896976578149,200.62576687116564,7.217610970768676e-05,True,MAR_Amb_AS_CBS_0003,34,163
2.681241237375587,1.4799471038239753,0.898876404494382,0.7371768754101443,0.5818181818181818,0.6864361297514275,194.38541666666666,0.0,True,MAR_Amb_AS_CBS_0003,35,480
2.887617300335736,4.333358976300528,0.8247863247863247,0.9730088346990167,0.5655677655677656,0.4298732739643013,198.53497409326425,0.0,True,MAR_Amb_AS_CBS_0003,36,772
2.7686381012476144,1.7733464018845417,0.7764550264550265,0.8258392417113108,0.48273026315789475,0.44955261454406675,128.04258943781943,0.0,True,MAR_Amb_AS_CBS_0003,37,587
2.0718820073061255,1.2998241579786871,0.9076923076923077,0.638845768959802,0.6051282051282051,0.7940702894973324,193.94915254237287,0.0,True,MAR_Amb_AS_CBS_0003,39,118
2.8208579894397,1.904561078184323,0.8233830845771144,0.8510680762078809,0.5435139573070608,0.527004947154627,199.40785498489427,0.0,True,MAR_Amb_AS_CBS_0003,40,662
1.7634279935629373,1.1745289176990004,0.9354838709677419,0.5245085567670111,0.8055555555555556,1.0,187.8448275862069,0.0,True,MAR_Amb_AS_CBS_0003,41,58
1.8920946026904804,1.2836207424248307,0.9397590361445783,0.626966386902105,0.7090909090909091,1.0,195.53846153846155,0.0,True,MAR_Amb_AS_CBS_0003,42,78
2.690196080028514,4.0515413660487445,0.8506944444444444,0.9690614340926298,0.3804347826086957,0.44128899549455497,192.0,0.0,True,MAR_Amb_AS_CBS_0003,43,490
2.4683473304121573,2.222688876583992,0.7924528301886793,0.8930761563134435,0.43555555555555553,0.5374346679833306,196.3095238095238,8.003201280512204e-05,True,MAR_Amb_AS_CBS_0003,45,294
4.718875204140633,2.2468688796441407,0.8137076590651183,0.8954988635356246,0.4180643409366814,0.24339451957463765,139.48445887859395,0.0,True,MAR_Amb_AS_CBS_0003,46,52345
1.8750612633917,1.448965794186472,0.9375,0.7236688075210131,0.6410256410256411,0.9320613054577822,192.61333333333334,0.00020915032679738564,True,MAR_Amb_AS_CBS_0003,47,75
1.8260748027008264,1.4601544101523047,0.9571428571428572,0.7286755424502089,0.6979166666666666,0.9637914941588404,198.7910447761194,5.85308750365818e-05,True,MAR_Amb_AS_CBS_0003,48,67
1.8260748027008264,1.2015265485499729,0.9571428571428572,0.5543636247161243,0.7444444444444445,1.0,193.59701492537314,0.0,True,MAR_Amb_AS_CBS_0003,49,67
1.9444826721501687,1.2743016044659685,0.9565217391304348,0.6198205526219317,0.7333333333333333,1.0,195.98863636363637,4.45632798573975e-05,True,MAR_Amb_AS_CBS_0003,50,88
1.6532125137753437,1.2020634740311016,0.9782608695652174,0.5549213363938115,0.8035714285714286,1.0,187.4,0.0,True,MAR_Amb_AS_CBS_0003,51,45
1.724275869600789,1.2166160828263364,0.9636363636363636,0.5695567927024137,0.828125,1.0,192.9433962264151,0.0,True,MAR_Amb_AS_CBS_0003,52,53
1.9444826721501687,2.556430668087383,0.946236559139785,0.9203182712021374,0.7394957983193278,0.7601206377470124,191.4659090909091,0.0,True,MAR_Amb_AS_CBS_0003,53,88
2.093421685162235,1.2494684038646147,0.9323308270676691,0.5995459099254157,0.6813186813186813,0.9440459333079647,194.05645161290323,0.0,True,MAR_Amb_AS_CBS_0003,55,124
2.290034611362518,2.0056241478347125,0.9241706161137441,0.8668333913147281,0.6521739130434783,0.7213428543835027,198.5179487179487,0.0,True,MAR_Amb_AS_CBS_0003,56,195
2.7259116322950483,2.228425731022639,0.9125214408233276,0.8936587004243068,0.62004662004662,0.6866882627627443,203.6015037593985,1.4742739200943534e-05,True,MAR_Amb_AS_CBS_0003,57,532
1.7781512503836436,1.042690188957723,0.9523809523809523,0.283210925296398,0.6,0.9756702971954302,197.4,0.000326797385620915,True,MAR_Amb_AS_CBS_0003,58,60
2.0755469613925306,3.49105967180101,0.85,0.9580963949451373,0.4117647058823529,0.6054391892020003,194.2941176470588,0.0003954522985664854,True,MAR_Amb_AS_CBS_0003,59,119
1.7323937598229686,1.7018932751669995,0.9818181818181818,0.8091654180398726,0.8181818181818182,1.0,190.7962962962963,0.0,True,MAR_Amb_AS_CBS_0003,60,54
2.24551266781415,2.0374816250579753,0.9025641025641026,0.8712711541399014,0.5714285714285714,0.6838410924745424,196.2784090909091,0.0003787878787878788,True,MAR_Amb_AS_CBS_0003,61,176
2.8674674878590514,1.3719414626789912,0.8028322440087146,0.6846264901651044,0.4785714285714286,0.5510638449713127,217.0529172320217,8.513581823502806e-05,True,MAR_Amb_AS_CBS_0003,62,737
2.4082399653118496,1.2349621653166307,0.9078014184397163,0.5867868910777263,0.7091412742382271,0.8138832519412736,194.234375,0.0,True,MAR_Amb_AS_CBS_0003,63,256
2.6201360549737576,1.4017592180023049,0.9287305122494433,0.700767960477627,0.5923295454545454,0.7842877402351116,202.6450839328537,9.404241312832086e-06,True,MAR_Amb_AS_CBS_0003,65,417
2.5211380837040362,2.638443505325905,0.8806366047745358,0.9253920285934044,0.46111111111111114,0.6207302630389113,201.15662650602408,0.0015001181195369714,True,MAR_Amb_AS_CBS_0003,66,332
2.924795995797912,4.382648420494673,0.7181895815542272,0.9736207137710055,0.33532695374800636,0.3273409839681304,198.63020214030917,0.000139889487305029,True,MAR_Amb_AS_CBS_0003,67,841
2.2764618041732443,2.976787074786294,0.7241379310344828,0.9418860058467827,0.5013262599469496,0.45581917734824223,194.16402116402116,0.0005602240896358543,True,MAR_Amb_AS_CBS_0003,69,189
3.0565237240791006,1.6205442505721006,0.901821060965954,0.7869030570629159,0.6779761904761905,0.7134509846538434,209.67866549604918,3.4429926492106938e-06,True,MAR_Amb_AS_CBS_0003,70,1139
2.3961993470957363,1.366882450110041,0.9576923076923077,0.681742935187515,0.6897506925207756,0.8954629927072807,204.50602409638554,0.0,True,MAR_Amb_AS_CBS_0003,72,249
3.0472748673841794,9.070538944540102,0.6452546296296297,0.9939042166471439,0.14256488940033243,0.1849235759186112,194.0322869955157,0.0,True,MAR_Amb_AS_CBS_0003,73,1115
2.315970345456918,1.0742900742033945,0.9495412844036697,0.36540844278423423,0.7610294117647058,0.9305948418515588,201.6280193236715,0.0,True,MAR_Amb_AS_CBS_0003,74,207
2.037426497940624,1.7489007537134935,0.9478260869565217,0.8204016007815743,0.6488095238095238,0.8647533695621855,195.6605504587156,0.0005756431012772081,True,MAR_Amb_AS_CBS_0003,75,109
1.8808135922807914,3.2632052479329188,0.9047619047619048,0.9518876690597073,0.46060606060606063,0.6599411497477847,195.6578947368421,0.00046439628482972134,True,MAR_Amb_AS_CBS_0003,76,76
2.0,1.6282686686025385,0.9345794392523364,0.7891898915089384,0.6493506493506493,0.9074354673012884,196.14,0.0,True,MAR_Amb_AS_CBS_0003,78,100
2.77232170672292,2.1600790895307367,0.6153846153846154,0.8863864789229241,0.3614163614163614,0.3390591580208118,206.125,0.00010598834128245893,True,MAR_Amb_AS_CBS_0003,79,592
1.6901960800285136,1.7258844583021593,0.9245283018867925,0.8150340500081487,0.6805555555555556,1.0,191.16326530612244,0.00024009603841536613,True,MAR_Amb_AS_CBS_0003,80,49
3.060697840353612,2.721076947685557,0.5755755755755756,0.9300229081328771,0.2953261427837699,0.21553737216736832,216.68521739130435,0.001370843989769821,True,MAR_Amb_AS_CBS_0003,81,1150
3.8567288903828825,1.5135660914293398,0.7403212520593081,0.7506576857765321,0.5923545888943813,0.3206321263139312,150.75618915159944,0.0,True,MAR_Amb_AS_CBS_0003,82,7190
2.3944516808262164,3.3445190477010995,0.9051094890510949,0.9542541599080059,0.5904761904761905,0.5868989306430682,205.18951612903226,0.0008064516129032258,True,MAR_Amb_AS_CBS_0003,83,248
1.8325089127062364,1.259815559789752,0.9577464788732394,0.6082219756777296,0.6868686868686869,1.0,193.77941176470588,0.0,True,MAR_Amb_AS_CBS_0003,84,68
1.6127838567197355,1.4503573296896723,1.0,0.7242997147379352,0.7592592592592593,1.0,194.41463414634146,0.0,True,MAR_Amb_AS_CBS_0003,86,41
1.8573324964312685,1.782331504023143,0.9863013698630136,0.8277732021070998,0.7912087912087912,0.9958509024124148,196.73611111111111,0.0001633986928104575,True,MAR_Amb_AS_CBS_0003,87,72
1.6232492903979006,1.3336471472275437,1.0,0.6616378820958643,0.875,1.0,201.88095238095238,0.0017740429505135387,True,MAR_Amb_AS_CBS_0003,89,42
2.4409090820652177,2.240761495071486,0.9292929292929293,0.8948949468141827,0.5679012345679012,0.7041182599743028,199.82608695652175,0.0001278772378516624,True,MAR_Amb_AS_CBS_0003,91,276
2.3096301674258988,3.905996305895773,0.7472527472527473,0.9666723781142594,0.34,0.4388874348438117,193.41666666666666,9.611687812379854e-05,True,MAR_Amb_AS_CBS_0003,93,204
2.513217600067939,3.4264466902056956,0.7688679245283019,0.9564648554862164,0.36262513904338156,0.4547660830816359,190.920245398773,0.0,True,MAR_Amb_AS_CBS_0003,96,326
1.7160033436347992,1.3448679886781938,0.9454545454545454,0.668660986355453,0.7222222222222222,1.0,191.69230769230768,7.541478129713424e-05,True,MAR_Amb_AS_CBS_0003,97,52
1.8512583487190752,2.4342485841691515,0.8554216867469879,0.9117235078424354,0.5916666666666667,0.7057223758792813,187.8732394366197,0.0,True,MAR_Amb_AS_CBS_0003,98,71
1.6532125137753437,1.820311163576856,0.9782608695652174,0.8355879947212457,0.75,1.0,194.13333333333333,0.00043572984749455336,True,MAR_Amb_AS_CBS_0003,100,45
2.2528530309798933,3.1981787336264476,0.5792880258899676,0.9498591968022408,0.2557142857142857,0.36030862624794496,191.01117318435755,6.572461386789353e-05,True,MAR_Amb_AS_CBS_0003,101,179
2.9185545305502734,2.319166501716127,0.8441955193482689,0.9022614398993756,0.5314102564102564,0.5593742916457439,201.0940892641737,0.0,True,MAR_Amb_AS_CBS_0003,102,829
1.8325089127062364,1.1212179953870016,0.9855072463768116,0.4522578780561187,0.7555555555555555,1.0,194.05882352941177,0.0001730103806228374,True,MAR_Amb_AS_CBS_0003,103,68
2.4756711883244296,3.748679912566891,0.6937354988399071,0.9637628322891043,0.4557926829268293,0.3600538855103261,193.5752508361204,0.0002885435110499049,True,MAR_Amb_AS_CBS_0003,104,299
2.814913181275074,1.5894766057006744,0.8203517587939698,0.777293690988515,0.6433497536945813,0.5492880286459303,199.32465543644716,0.00022820766897877067,True,MAR_Amb_AS_CBS_0003,105,653
1.6901960800285136,1.5717641106067963,0.9607843137254902,0.7715012666794547,0.6805555555555556,1.0,192.6326530612245,0.0,True,MAR_Amb_AS_CBS_0003,109,49
3.0236639181977933,2.0774374664693194,0.868421052631579,0.8765217463395679,0.6082949308755761,0.5945524945518156,223.76325757575756,0.0006164587046939989,True,MAR_Amb_AS_CBS_0003,111,1056
2.0530784434834195,2.3256498081748695,0.889763779527559,0.9028349118842856,0.6277777777777778,0.7604232433321911,193.07079646017698,0.0,True,MAR_Amb_AS_CBS_0003,112,113
1.6989700043360187,1.649040963586127,0.9615384615384616,0.7951497868915957,0.8333333333333334,1.0,190.58,0.0,True,MAR_Amb_AS_CBS_0003,116,50
2.569373909615046,1.839282993709495,0.948849104859335,0.8392860349290735,0.7361111111111112,0.8263367079831907,195.78167115902966,1.0570265842185932e-05,True,MAR_Amb_AS_CBS_0003,117,371
1.7781512503836436,1.6854693894925996,0.967741935483871,0.8049766194552395,0.6818181818181818,0.9929279952982467,191.11666666666667,0.0,True,MAR_Amb_AS_CBS_0003,118,60
2.3820170425748683,1.775022959535778,0.926923076923077,0.8262026803882628,0.5670588235294117,0.7487559153844184,194.4232365145228,0.0,True,MAR_Amb_AS_CBS_0003,119,241
1.724275869600789,1.7427648259999826,0.9137931034482759,0.8189948376196868,0.6625,0.9745488352993515,192.24528301886792,0.0,True,MAR_Amb_AS_CBS_0003,121,53
2.012837224705172,1.7979112159855162,0.9537037037037037,0.8310478070775822,0.7357142857142858,0.8896866555447986,193.95145631067962,0.0,True,MAR_Amb_AS_CBS_0003,122,103
2.307496037913213,1.1106554516336598,0.9530516431924883,0.4351266937213989,0.7024221453287197,0.9544436044266916,197.20197044334975,0.0,True,MAR_Amb_AS_CBS_0003,124,203
2.959994838328416,3.490472099574653,0.7530966143682907,0.9580819773389825,0.4367816091954023,0.43655998951725816,237.69188596491227,0.004962160302717579,True,MAR_Amb_AS_CBS_0003,127,912
2.8182258936139557,1.3176631622767245,0.869220607661823,0.6511846908213378,0.6242884250474383,0.6751237916404241,214.03799392097264,9.535729185291137e-05,True,MAR_Amb_AS_CBS_0003,128,658
1.8195439355418688,1.644526647959892,0.9850746268656716,0.7938775076892387,0.8571428571428571,1.0,196.15151515151516,0.00065359477124183,True,MAR_Amb_AS_CBS_0003,129,66
3.218535505216528,4.97824524742594,0.5815752461322081,0.9796170879561172,0.26154332700822264,0.22751674863333657,209.75513905683192,0.0003271925457002632,True,MAR_Amb_AS_CBS_0003,130,1654
2.0043213737826426,1.2589603773386262,0.8859649122807017,0.607517656227945,0.6474358974358975,0.835714396042691,196.33663366336634,0.00015530964861192002,True,MAR_Amb_AS_CBS_0003,131,101
2.993876914941211,1.7838842357558513,0.9545014520813165,0.8281040021910527,0.6653171390013495,0.7663452653427409,207.63488843813388,0.0,True,MAR_Amb_AS_CBS_0003,132,986
2.3364597338485296,2.3402279807643755,0.8346153846153846,0.9041057422462543,0.49318181818181817,0.6271290040112986,200.85253456221199,0.0009397307310020783,True,MAR_Amb_AS_CBS_0003,133,217
1.8129133566428555,1.3679112187427238,0.9701492537313433,0.6823328993172306,0.8024691358024691,1.0,212.66153846153847,0.004886877828054298,True,MAR_Amb_AS_CBS_0003,135,65
2.0969100130080562,2.354387547679228,0.8928571428571429,0.9053158888428817,0.49019607843137253,0.6737651055658089,189.032,0.0005019607843137255,True,MAR_Amb_AS_CBS_0003,136,125
3.116939646550756,2.1171148043333003,0.5409090909090909,0.8814159261989668,0.26049751243781094,0.2755013926782726,223.62414056531705,0.0008058838508665498,True,MAR_Amb_AS_CBS_0003,137,1309
2.780317312140151,1.8507684865108531,0.8959881129271917,0.8414621312275807,0.7085781433607521,0.7390871374469205,236.3117744610282,0.0021006080707573244,True,MAR_Amb_AS_CBS_0003,138,603
2.4899584794248346,2.706076060725802,0.7882653061224489,0.9292153155528878,0.5049019607843137,0.48742168901883465,206.07119741100323,0.0032362459546925564,True,MAR_Amb_AS_CBS_0003,140,309
2.3783979009481375,1.4405121225618103,0.952191235059761,0.7197845151849133,0.746875,0.9021504039647156,198.81171548117155,0.0,True,MAR_Amb_AS_CBS_0003,141,239
2.710963118995276,6.567620784333032,0.8171701112877583,0.9883401441336539,0.4262023217247098,0.2757303767361472,197.9727626459144,0.0,True,MAR_Amb_AS_CBS_0003,142,514
2.9469432706978256,2.7708622941191274,0.7375,0.932605106457416,0.3782051282051282,0.36807538174428456,199.2915254237288,0.00015952143569292123,True,MAR_Amb_AS_CBS_0003,143,885
2.1172712956557644,5.7156275399185,0.6931216931216931,0.984575734836626,0.3638888888888889,0.33887106356716123,190.51908396946564,0.0011375542583445591,True,MAR_Amb_AS_CBS_0003,144,131
2.1583624920952498,3.9366653497588913,0.6666666666666666,0.9671984142878797,0.3956043956043956,0.4058966093553034,197.61111111111111,0.003213507625272331,True,MAR_Amb_AS_CBS_0003,145,144
2.6580113966571126,1.897584726299848,0.888671875,0.8498741556799372,0.6372549019607843,0.6992471614161246,203.17362637362638,7.756948933419521e-05,True,MAR_Amb_AS_CBS_0003,146,455
2.469822015978163,2.5725214242863377,0.7007125890736342,0.9213543830005174,0.44696969696969696,0.41451331798885704,210.6135593220339,0.0024725822532402795,True,MAR_Amb_AS_CBS_0003,147,295
2.5428254269591797,3.605894670788512,0.8596059113300493,0.960776547071929,0.5935374149659864,0.48233109558855886,193.20343839541547,0.0,True,MAR_Amb_AS_CBS_0003,148,349
2.7788744720027396,1.1630304760106231,0.5448776065276518,0.5105927247584633,0.34245014245014244,0.2173450849639342,192.69217970049917,3.915043554859548e-05,True,MAR_Amb_AS_CBS_0003,150,601
2.089905111439398,3.5157399668474185,0.9044117647058824,0.9586952849901468,0.4270833333333333,0.6197240127207371,198.6747967479675,0.001084010840108401,True,MAR_Amb_AS_CBS_0003,152,123
2.1398790864012365,2.6163270784927075,0.8363636363636363,0.9240733381804019,0.45098039215686275,0.5709335972964917,196.1304347826087,0.0028132992327365726,True,MAR_Amb_AS_CBS_0003,153,138
2.3443922736851106,1.842019037522819,0.7416107382550335,0.8398086283974413,0.533816425120773,0.5329949110791615,215.2714932126697,0.007665690710673409,True,MAR_Amb_AS_CBS_0003,155,221
2.6884198220027105,1.5005423157116395,0.9420849420849421,0.7455714275828066,0.6844319775596073,0.8437070145438516,205.0983606557377,9.643201542912247e-05,True,MAR_Amb_AS_CBS_0003,156,488
1.6127838567197355,2.456567657295922,0.8723404255319149,0.9133960569143683,0.5694444444444444,0.842594217371043,192.7560975609756,0.0014347202295552368,True,MAR_Amb_AS_CBS_0003,157,41
1.7853298350107671,3.657593856517507,0.8714285714285714,0.9618993559620379,0.6354166666666666,0.6146856061132516,197.9344262295082,0.009386049501767921,True,MAR_Amb_AS_CBS_0003,158,61
1.99563519459755,3.227249672432031,0.9,0.9507817479892914,0.39285714285714285,0.5894429766654153,190.7070707070707,3.9611804317686676e-05,True,MAR_Amb_AS_CBS_0003,159,99
1.8920946026904804,1.3409146806502967,0.9397590361445783,0.6662151412423281,0.7222222222222222,1.0,207.52564102564102,0.001910507792860734,True,MAR_Amb_AS_CBS_0003,161,78
2.2380461031287955,1.516870885889202,0.9202127659574468,0.7519221662831828,0.67578125,0.8481729670203464,200.34104046242774,0.0006800408024481469,True,MAR_Amb_AS_CBS_0003,162,173
1.6901960800285136,1.409877617510917,0.8909090909090909,0.7049254328000666,0.6805555555555556,0.9427755634815647,195.81632653061226,0.004481792717086834,True,MAR_Amb_AS_CBS_0003,163,49
1.9294189257142926,1.490983451620199,0.794392523364486,0.741730308166112,0.551948051948052,0.6861295304610258,210.83529411764707,0.011810841983852365,True,MAR_Amb_AS_CBS_0003,164,85
3.1351326513767748,3.284042576881475,0.4411764705882353,0.9525114563402374,0.19595176571920758,0.2076368571891384,197.37289377289378,0.00024132730015082957,True,MAR_Amb_AS_CBS_0003,165,1365
1.7160033436347992,1.2592860272689832,0.9454545454545454,0.6077861235745537,0.6419753086419753,1.0,193.21153846153845,0.000980392156862745,True,MAR_Amb_AS_CBS_0003,166,52
2.7993405494535817,1.8318258906785683,0.9647779479326187,0.8378481169627445,0.6631578947368421,0.7958123618074073,239.3904761904762,0.002458761282290694,True,MAR_Amb_AS_CBS_0003,168,630
1.8260748027008264,1.2846982184499134,0.8933333333333333,0.6277773961835096,0.5583333333333333,0.8435943056303451,192.52238805970148,0.0,True,MAR_Amb_AS_CBS_0003,169,67
2.3283796034387376,1.5255929020493184,0.7319587628865979,0.7552100496350709,0.5325,0.4473102802259749,214.7417840375587,0.010954616588419406,True,MAR_Amb_AS_CBS_0003,170,213
2.807535028068853,2.045540817104821,0.7345537757437071,0.8723576186478895,0.4314516129032258,0.4149338479762828,198.47040498442368,0.0002687679433143974,True,MAR_Amb_AS_CBS_0003,172,642
1.7075701760979363,2.8923954643029406,0.8793103448275862,0.938332494686577,0.425,0.7020798200196675,190.09803921568627,0.0006151480199923107,True,MAR_Amb_AS_CBS_0003,173,51
3.1640552918934515,3.9390490736277295,0.6625794732061762,0.9672387743191975,0.2687419414256769,0.3064625140785704,203.29540781357093,0.0017014070878522759,True,MAR_Amb_AS_CBS_0003,174,1459
1.7323937598229686,1.6062399532838596,0.9152542372881356,0.7825625345438204,0.675,0.9929365491729242,193.05555555555554,0.0,True,MAR_Amb_AS_CBS_0003,175,54
2.716003343634799,1.613929441627193,0.5103042198233563,0.7849131706671804,0.30952380952380953,0.2259321971186943,193.80576923076924,0.00033182503770739065,True,MAR_Amb_AS_CBS_0003,176,520
2.3636119798921444,1.7048341770874997,0.8619402985074627,0.809900480890843,0.528604118993135,0.7062097875083244,204.16017316017317,0.0,True,MAR_Amb_AS_CBS_0003,177,231
1.9493900066449128,1.658127334759395,0.8725490196078431,0.7976731550684792,0.6357142857142857,0.844812735329941,197.20224719101122,0.00013218770654329146,True,MAR_Amb_AS_CBS_0003,178,89
2.361727836017593,1.6734427477142244,0.7232704402515723,0.8018163826194684,0.4665314401622718,0.44226077650566203,225.97826086956522,0.01950554134697357,True,MAR_Amb_AS_CBS_0003,180,230
2.2833012287035497,2.205968683753196,0.8807339449541285,0.8913500849672968,0.5378151260504201,0.6769934636327816,200.36979166666666,0.0007761437908496732,True,MAR_Amb_AS_CBS_0003,181,192
3.2022157758011316,2.7545724659675397,0.559536354056902,0.9317763825148019,0.29653760238272525,0.18264579688418736,203.56057752667923,0.006341469418903782,True,MAR_Amb_AS_CBS_0003,182,1593
2.2227164711475833,3.64029106043848,0.8882978723404256,0.9615290385777798,0.4123456790123457,0.5094199407179932,193.0,0.00011741223435481978,True,MAR_Amb_AS_CBS_0003,183,167
2.705007959333336,1.6385610685687384,0.8112,0.7921768772560777,0.569023569023569,0.5788553769744158,204.90532544378698,0.0004795606605561357,True,MAR_Amb_AS_CBS_0003,184,507
2.0681858617461617,1.9395532161230693,0.9212598425196851,0.8568398474040584,0.65,0.7873408802643042,194.71794871794873,0.0,True,MAR_Amb_AS_CBS_0003,186,117
1.8325089127062364,1.383233668401923,0.9315068493150684,0.6909069950636347,0.6868686868686869,0.9405258522783918,204.7941176470588,0.0030565167243367937,True,MAR_Amb_AS_CBS_0003,187,68
2.673941998634088,1.9973026187545795,0.5856079404466501,0.8656351933733301,0.41622574955908287,0.3032560303039317,220.44703389830508,0.009970089730807577,True,MAR_Amb_AS_CBS_0003,188,472
2.5211380837040362,2.5847930230768084,0.6613545816733067,0.9221308366820749,0.3764172335600907,0.3621508561248954,201.9789156626506,0.007335223245924876,True,MAR_Amb_AS_CBS_0003,189,332
1.9912260756924949,2.2746694542665997,0.9514563106796117,0.8981817532798876,0.5798816568047337,0.825362254318116,194.33673469387756,8.003201280512204e-05,True,MAR_Amb_AS_CBS_0003,190,98
2.278753600952829,2.158904695219305,0.9595959595959596,0.8862549054370215,0.6333333333333333,0.8102432863237371,213.33684210526314,0.0018988648090815274,True,MAR_Amb_AS_CBS_0003,191,190
2.146128035678238,1.485206852019856,0.9655172413793104,0.7393631298681359,0.7954545454545454,0.9527869872187168,209.19285714285715,0.0003361344537815126,True,MAR_Amb_AS_CBS_0003,192,140
2.725094521081469,2.041138542500988,0.7843426883308715,0.8717659082698668,0.4880514705882353,0.5353869257077603,192.4990583804143,0.0,True,MAR_Amb_AS_CBS_0003,193,531
1.6720978579357175,3.0098339345134795,0.8867924528301887,0.94319338545143,0.4351851851851852,0.6920689356223215,198.7872340425532,0.015853149770546516,True,MAR_Amb_AS_CBS_0003,194,47
1.8325089127062364,1.3986175507879028,0.9444444444444444,0.6991328971516497,0.68,1.0,217.4264705882353,0.0055363321799307965,True,MAR_Amb_AS_CBS_0003,195,68
1.9637878273455553,1.4414798767677233,0.9108910891089109,0.7202337142519712,0.696969696969697,0.8732895691051075,189.04347826086956,0.0,True,MAR_Amb_AS_CBS_0003,196,92
2.27415784926368,1.144332695121093,0.8703703703703703,0.48615654604191894,0.5802469135802469,0.77779359631696,203.38829787234042,0.004192740926157697,True,MAR_Amb_AS_CBS_0003,197,188
2.965201701025912,2.755358922493172,0.6550745209368346,0.931816747523202,0.44396344396344395,0.3235456447064972,211.8970747562297,0.0036751428632124574,True,MAR_Amb_AS_CBS_0003,198,923
1.7403626894942439,2.073883824673103,0.9016393442622951,0.8760682697263857,0.5729166666666666,0.8578307329506025,188.54545454545453,0.00028520499108734403,True,MAR_Amb_AS_CBS_0003,199,55
2.0530784434834195,3.5548909495892667,0.8968253968253969,0.9596191212198969,0.48917748917748916,0.5805679668471212,197.6283185840708,0.0007634912372028457,True,MAR_Amb_AS_CBS_0003,201,113
1.8512583487190752,1.5446316908911035,0.9342105263157895,0.7621474116488389,0.6454545454545455,0.9663982298932698,189.01408450704224,0.00033140016570008286,True,MAR_Amb_AS_CBS_0003,202,71
1.792391689498254,1.5487719100497406,0.8985507246376812,0.7636141358012596,0.6458333333333334,0.877401693501305,203.74193548387098,0.00290955091714105,True,MAR_Amb_AS_CBS_0003,203,62
1.9395192526186185,2.885474904849941,0.8529411764705882,0.9380265498654942,0.5686274509803921,0.6513062687136155,190.49425287356323,0.0,True,MAR_Amb_AS_CBS_0003,204,87
2.214843848047698,1.4476476935316303,0.9425287356321839,0.7230690064186389,0.6833333333333333,0.9151121181029238,198.40853658536585,0.0,True,MAR_Amb_AS_CBS_0003,205,164
1.806179973983887,1.183697307360145,0.9552238805970149,0.5350655066868933,0.7901234567901234,1.0,206.875,0.0026348039215686276,True,MAR_Amb_AS_CBS_0003,206,64
3.3070679506612985,1.353403409299809,0.9188944268237427,0.6738392284245025,0.6468899521531101,0.700387213428914,208.16222879684418,0.0005859148393085045,True,MAR_Amb_AS_CBS_0003,207,2028
2.6464037262230695,1.5612904768286517,0.9486081370449678,0.7679616685941041,0.6804915514592934,0.7747004495237089,212.41534988713317,0.0005134333643163812,True,MAR_Amb_AS_CBS_0003,208,443
1.8808135922807914,1.8889683331439375,0.9382716049382716,0.8483789000640244,0.6333333333333333,0.8077761932437351,191.27631578947367,0.0,True,MAR_Amb_AS_CBS_0003,209,76
2.3138672203691533,2.3258629862563214,0.5919540229885057,0.9028536807064702,0.39615384615384613,0.3310648918823558,212.07766990291262,0.011136493432324385,True,MAR_Amb_AS_CBS_0003,210,206
2.0863598306747484,2.6684350899605955,0.7721518987341772,0.927125303303828,0.3630952380952381,0.539972489308065,192.81147540983608,9.643201542912247e-05,True,MAR_Amb_AS_CBS_0003,211,122
2.357934847000454,1.9563989806339481,0.8290909090909091,0.8594955774239516,0.5831202046035806,0.6296591930203682,194.32456140350877,0.0011007911936704506,True,MAR_Amb_AS_CBS_0003,213,228
2.0086001717619175,2.82390041593119,0.7083333333333334,0.9351999407152539,0.35789473684210527,0.4388874348438118,190.16666666666666,0.0,True,MAR_Amb_AS_CBS_0003,215,102
1.9294189257142926,1.29116396944154,0.9550561797752809,0.6325800670097161,0.7024793388429752,1.0,190.90588235294118,0.0,True,MAR_Amb_AS_CBS_0003,216,85
2.123851640967086,1.1535198231291188,0.9568345323741008,0.4984614831281404,0.7307692307692307,1.0,194.90225563909775,0.0,True,MAR_Amb_AS_CBS_0003,217,133
1.7558748556724915,1.5797895278995344,0.9193548387096774,0.7741552985053262,0.6477272727272727,0.9432815955333343,194.19298245614036,0.00048159614723082214,True,MAR_Amb_AS_CBS_0003,218,57
1.6720978579357175,2.0807586032421357,0.9038461538461539,0.8769432441355873,0.6103896103896104,0.9042949282374192,190.72340425531914,0.0,True,MAR_Amb_AS_CBS_0003,222,47
1.7075701760979363,2.036179433142764,0.8793103448275862,0.8710942650087875,0.6071428571428571,0.8439887960035097,208.37254901960785,0.027989234909650135,True,MAR_Amb_AS_CBS_0003,223,51
2.662757831681574,1.2025264855348632,0.9368635437881874,0.5554012240112356,0.7692307692307693,0.8203857718473551,230.23695652173913,0.0016879795396419438,True,MAR_Amb_AS_CBS_0003,226,460
2.5327543789924976,1.7125805800744007,0.8903394255874674,0.8118154275599072,0.5683333333333334,0.7072153287024774,217.94134897360703,0.001081018917831062,True,MAR_Amb_AS_CBS_0003,227,341
1.7481880270062005,2.5897392056092476,0.9180327868852459,0.9224404945880209,0.6153846153846154,0.7745507018763227,199.10714285714286,0.003431372549019608,True,MAR_Amb_AS_CBS_0003,228,56
2.8603380065709936,1.2923344581526939,0.9223918575063613,0.6334379398192261,0.6578947368421053,0.7612674956897462,213.04827586206898,0.0007897227856659906,True,MAR_Amb_AS_CBS_0003,230,725
1.9493900066449128,1.2488502210724177,0.9175257731958762,0.5990166941916679,0.6846153846153846,0.9145229920246686,194.64044943820224,0.00242344128662701,True,MAR_Amb_AS_CBS_0003,231,89
1.954242509439325,1.4869475657938294,0.8653846153846154,0.7400801563850595,0.5454545454545454,0.6851946290138454,190.55555555555554,0.0004793028322440087,True,MAR_Amb_AS_CBS_0003,233,90
1.968482948553935,2.2170270398319465,0.9587628865979382,0.8924964130814084,0.7265625,0.8285640306462181,196.41935483870967,8.43348091924942e-05,True,MAR_Amb_AS_CBS_0003,234,93
2.24551266781415,2.1617239436927433,0.9166666666666666,0.8865703673642376,0.5587301587301587,0.7281471965520473,211.13636363636363,0.008868092691622103,True,MAR_Amb_AS_CBS_0003,236,176
2.569373909615046,1.8602295731901763,0.9137931034482759,0.8432203641364959,0.6396551724137931,0.7295301695961387,217.83288409703505,0.0017969451931716081,True,MAR_Amb_AS_CBS_0003,237,371
2.959994838328416,1.8962604330773443,0.8194070080862533,0.84964583820045,0.5615763546798029,0.4535921211353876,218.85745614035088,0.0001977984176126591,True,MAR_Amb_AS_CBS_0003,239,912
2.3891660843645326,2.9016520971084048,0.7313432835820896,0.9387381418583922,0.3645833333333333,0.46631301141220033,205.41632653061225,0.0005922368947579032,True,MAR_Amb_AS_CBS_0003,242,245
1.7781512503836436,1.8324749441432338,0.9230769230769231,0.8379740672558847,0.6818181818181818,0.9520220582335989,205.05,0.004836601307189542,True,MAR_Amb_AS_CBS_0003,243,60
2.0718820073061255,1.1303920978068538,0.959349593495935,0.4662579980849923,0.7564102564102564,1.0,198.8135593220339,0.0,True,MAR_Amb_AS_CBS_0003,245,118
2.4712917110589387,2.0480619758019274,0.891566265060241,0.8726945915435199,0.5138888888888888,0.6610553841244251,194.23648648648648,2.6497085320614733e-05,True,MAR_Amb_AS_CBS_0003,246,296
2.920123326290724,1.3886035250438586,0.9585253456221198,0.6938205181175983,0.6303030303030303,0.7707609007188041,208.28125,0.0,True,MAR_Amb_AS_CBS_0003,248,832
2.4683473304121573,4.1141944810868205,0.8882175226586103,0.9700110189255096,0.4434389140271493,0.4637604419790854,214.56802721088437,0.0072428971588635455,True,MAR_Amb_AS_CBS_0003,249,294
2.220108088040055,1.8139280213805338,0.8258706467661692,0.8343138295720184,0.7094017094017094,0.6641962609249069,208.28313253012047,0.0027876210725253955,True,MAR_Amb_AS_CBS_0003,250,166
2.428134794028789,3.732320413236275,0.9209621993127147,0.9634384269054245,0.788235294117647,0.5564123252212088,215.6492537313433,0.004302019315188762,True,MAR_Amb_AS_CBS_0003,251,268
1.7558748556724915,1.3005479850941692,0.95,0.6393610536653368,0.7125,1.0,200.0701754385965,0.0005503955968352253,True,MAR_Amb_AS_CBS_0003,252,57
1.7323937598229686,1.3869077736303153,0.9473684210526315,0.6929054301314495,0.675,1.0,200.3148148148148,0.0029774872912127818,True,MAR_Amb_AS_CBS_0003,253,54
1.8573324964312685,2.1869458898797425,0.8888888888888888,0.8893337369814026,0.6923076923076923,0.8447058384148395,202.43055555555554,0.005991285403050109,True,MAR_Amb_AS_CBS_0003,255,72
2.311753861055754,2.0886103579893653,0.8134920634920635,0.8779309617785722,0.4904306220095694,0.5501945121201026,198.6,0.004112864658058346,True,MAR_Amb_AS_CBS_0003,256,205
3.3049211619008916,2.101273762617245,0.6080144621874058,0.8794984146209481,0.38328584995251663,0.23061553778949836,208.30029732408326,0.0016731767037835947,True,MAR_Amb_AS_CBS_0003,257,2018
1.8573324964312685,1.176728344338526,0.935064935064935,0.5270829962356014,0.72,0.9958509024124148,193.41666666666666,0.0020152505446623093,True,MAR_Amb_AS_CBS_0003,258,72
3.0398105541483504,2.874880640901596,0.8265460030165912,0.9375537142463797,0.39941690962099125,0.4918478489079007,202.58120437956205,8.587376556462001e-05,True,MAR_Amb_AS_CBS_0003,259,1096
1.7160033436347992,1.4085654374710537,0.9629629629629629,0.704259979373476,0.7222222222222222,1.0,199.28846153846155,0.003393665158371041,True,MAR_Amb_AS_CBS_0003,261,52
2.6263403673750423,4.688402168635883,0.7038269550748752,0.9769884350442105,0.3389423076923077,0.3354449289712587,195.096926713948,0.0006582301951513466,True,MAR_Amb_AS_CBS_0003,262,423
1.6020599913279623,2.1661630560444416,0.9090909090909091,0.8870643652723056,0.5714285714285714,0.9058449937260664,217.65,0.039901960784313725,True,MAR_Amb_AS_CBS_0003,263,40
2.3180633349627615,1.8786377592042303,0.8702928870292888,0.8465554174833725,0.5561497326203209,0.6393116904375996,197.73557692307693,0.002055052790346908,True,MAR_Amb_AS_CBS_0003,264,208
2.0492180226701815,2.59395212702259,0.9333333333333333,0.9227027693023871,0.6549707602339181,0.7336682034546013,196.08035714285714,0.00014005602240896358,True,MAR_Amb_AS_CBS_0003,265,112
1.7481880270062005,2.88813122076602,0.9032258064516129,0.938144252466158,0.47863247863247865,0.7223059712491454,203.17857142857142,0.01330532212885154,True,MAR_Amb_AS_CBS_0003,266,56
3.2016701796465816,2.7138601371283757,0.6200311769290725,0.9296361406727164,0.33145833333333335,0.25437711013696346,205.35135135135135,0.0033940917661847893,True,MAR_Amb_AS_CBS_0003,267,1591
1.6812412373755872,2.0108678523862302,0.9056603773584906,0.8675799541246433,0.48,0.7805362377563444,192.29166666666666,0.00522875816993464,True,MAR_Amb_AS_CBS_0003,269,48
2.6314437690131722,1.5106427202682933,0.7896678966789668,0.7495304267816624,0.5310173697270472,0.5112405161215012,197.6892523364486,0.0003848268279274326,True,MAR_Amb_AS_CBS_0003,270,428
3.3157604906657347,1.2675482855729727,0.6071009389671361,0.6144900370304216,0.3812419384558688,0.19017806775397708,215.39246012566457,0.006556165240383248,True,MAR_Amb_AS_CBS_0003,271,2069
2.7058637122839193,3.5624860662156173,0.8369028006589786,0.9597947221781347,0.3931888544891641,0.4485578173964476,198.7755905511811,0.001026709896557048,True,MAR_Amb_AS_CBS_0003,272,508
2.0863598306747484,3.0173502185247014,0.7973856209150327,0.9434845130450201,0.5893719806763285,0.5414157509820137,206.04918032786884,0.013468338154934105,True,MAR_Amb_AS_CBS_0003,273,122
1.845098040014257,2.8663110530530287,0.7446808510638298,0.9371672235183086,0.3645833333333333,0.49767841012803876,194.35714285714286,0.00722689075630252,True,MAR_Amb_AS_CBS_0003,274,70
2.9143431571194407,1.1442747834064766,0.8743343982960596,0.4860770396859632,0.6910774410774411,0.6867441642121667,193.64677222898905,0.0,True,MAR_Amb_AS_CBS_0003,275,821
2.4785664955938436,4.275004661219314,0.7777777777777778,0.9722563594076103,0.4519519519519519,0.4295311044027518,198.06644518272427,0.00016937007361083969,True,MAR_Amb_AS_CBS_0003,276,301
2.8208579894397,3.4333794950111494,0.6359269932756965,0.9566444738425952,0.3469601677148847,0.27829523940531176,197.202416918429,0.007126355073751554,True,MAR_Amb_AS_CBS_0003,277,662
1.9138138523837167,3.744625624201086,0.7663551401869159,0.9636828428959052,0.45555555555555555,0.5040726789988766,198.53658536585365,0.005499760879961741,True,MAR_Amb_AS_CBS_0003,278,82
2.110589710299249,5.42211934230875,0.8113207547169812,0.982845702601753,0.38392857142857145,0.4021333279128404,203.58139534883722,0.007113543091655267,True,MAR_Amb_AS_CBS_0003,280,129
1.7403626894942439,1.6985221613804773,0.8870967741935484,0.8083172953872468,0.5555555555555556,0.9649130212160164,198.72727272727272,0.0048484848484848485,True,MAR_Amb_AS_CBS_0003,281,55
2.399673721481038,3.0098628240744008,0.7629179331306991,0.9431945087781268,0.36063218390804597,0.41199557158807615,214.4223107569721,0.011874072338098587,True,MAR_Amb_AS_CBS_0003,282,251
2.1335389083702174,1.6046328631683575,0.7727272727272727,0.7820660795865508,0.5333333333333333,0.6301647608265658,214.76470588235293,0.02572087658592849,True,MAR_Amb_AS_CBS_0003,283,136
1.806179973983887,2.2720581976776146,0.9696969696969697,0.8979342741347134,0.7619047619047619,0.8517721828387512,194.0,0.0022671568627450982,True,MAR_Amb_AS_CBS_0003,284,64
1.6020599913279623,1.880072189824739,0.9523809523809523,0.8468106478614084,0.6666666666666666,0.9730841361922956,205.475,0.009999999999999998,True,MAR_Amb_AS_CBS_0003,285,40
2.761927838420529,4.349022994776159,0.5520534861509073,0.97320558646793,0.24533106960950765,0.21096465822210836,200.00173010380624,0.003684103399145125,True,MAR_Amb_AS_CBS_0003,286,578
2.0293837776852097,1.389344426904377,0.8842975206611571,0.6942189064537142,0.6369047619047619,0.7823878840029438,192.54205607476635,0.005644126809602345,True,MAR_Amb_AS_CBS_0003,288,107
2.6020599913279625,1.7695649586919797,0.7633587786259542,0.8250151246046836,0.5772005772005772,0.5325317950786157,197.39,0.0007745098039215687,True,MAR_Amb_AS_CBS_0003,289,400
2.5728716022004803,2.2036659354116344,0.5649546827794562,0.8911090171101658,0.40652173913043477,0.26754287979142855,199.85828877005346,0.01140819964349376,True,MAR_Amb_AS_CBS_0003,290,374
3.4008832155483626,2.719656570645304,0.6044668587896254,0.9299470424463628,0.42459514170040485,0.20995880990108923,215.11998410806515,0.0010469980602491294,True,MAR_Amb_AS_CBS_0003,291,2517
2.484299839346786,1.6427773506433667,0.8892128279883382,0.7933811250809774,0.580952380952381,0.6855831564365351,221.2295081967213,0.0069431051108968175,True,MAR_Amb_AS_CBS_0003,292,305
2.1398790864012365,2.3402806917946033,0.9261744966442953,0.9041102909956265,0.5798319327731093,0.7438366765446531,213.3985507246377,0.005939187269110543,True,MAR_Amb_AS_CBS_0003,293,138
2.6201360549737576,1.3538085581853552,0.6376146788990825,0.6740816121626151,0.4212121212121212,0.37865070050764466,206.5875299760192,0.010532750270371939,True,MAR_Amb_AS_CBS_0003,294,417
1.6989700043360187,1.3970865318470667,0.9803921568627451,0.6983306896769934,0.7142857142857143,1.0,206.96,0.017411764705882356,True,MAR_Amb_AS_CBS_0003,295,50
1.845098040014257,3.1133085148796176,0.625,0.9470108053022767,0.29411764705882354,0.3963071847551539,218.97142857142856,0.11759103641456582,True,MAR_Amb_AS_CBS_0003,296,70
1.9493900066449128,1.8925617377237205,0.8640776699029126,0.8490052889691208,0.55625,0.7060830265232527,215.62921348314606,0.05384445913196739,True,MAR_Amb_AS_CBS_0003,297,89
1.6720978579357175,2.894900244782175,0.8867924528301887,0.9384426614392837,0.4895833333333333,0.7330553536123331,210.27659574468086,0.05081351689612015,True,MAR_Amb_AS_CBS_0003,298,47
1.8976270912904414,1.11950793726467,0.9186046511627907,0.44956109649432896,0.7181818181818181,0.9465752657522392,196.84810126582278,0.0006453214197071234,True,MAR_Amb_AS_CBS_0003,299,79
1.9493900066449128,1.8525972197756317,0.9270833333333334,0.8418043689500442,0.6223776223776224,0.8726866365874082,232.34831460674158,0.027406917823309097,True,MAR_Amb_AS_CBS_0003,300,89
2.4578818967339924,2.0904499477207827,0.8776758409785933,0.8781606073395642,0.574,0.6746928927843855,202.64808362369337,0.002377536380405821,True,MAR_Amb_AS_CBS_0003,301,287
1.724275869600789,2.796504014575219,0.8688524590163934,0.9338789377007085,0.5520833333333334,0.7624022267226648,202.0754716981132,0.012282648908620053,True,MAR_Amb_AS_CBS_0003,302,53
2.250420002308894,2.3568781992793593,0.9222797927461139,0.9055263344130001,0.5933333333333334,0.6718944431201648,189.48876404494382,0.0001982815598149372,True,MAR_Amb_AS_CBS_0003,303,178
1.99563519459755,2.7656489967466538,0.61875,0.93234155934327,0.4090909090909091,0.3883677864984645,208.1919191919192,0.03164983164983165,True,MAR_Amb_AS_CBS_0003,304,99
1.792391689498254,1.5284656555333322,0.9117647058823529,0.7562775853979986,0.7045454545454546,0.8438970458222919,226.59677419354838,0.047311827956989246,True,MAR_Amb_AS_CBS_0003,305,62
1.6720978579357175,1.9106866746700206,0.94,0.8521042766476363,0.5802469135802469,0.9472204422073058,205.0212765957447,0.010262828535669587,True,MAR_Amb_AS_CBS_0003,306,47
1.9138138523837167,1.4518376129356891,0.8541666666666666,0.7249682688915715,0.5734265734265734,0.7440970831870564,204.47560975609755,0.011573409851745577,True,MAR_Amb_AS_CBS_0003,307,82
1.7993405494535817,2.069697306259983,0.9545454545454546,0.8755307286622811,0.6923076923076923,0.871369539610863,202.33333333333334,0.0028011204481792717,True,MAR_Amb_AS_CBS_0003,308,63
2.499687082618404,1.4400617473600763,0.8517520215633423,0.7195750614440073,0.5984848484848485,0.6594716302860093,213.3860759493671,0.002891536361379995,True,MAR_Amb_AS_CBS_0003,309,316
1.8920946026904804,1.95352058633706,0.9512195121951219,0.8590472380178242,0.6,0.8458313119952866,194.92307692307693,0.0003519356460532931,True,MAR_Amb_AS_CBS_0003,310,78
1.6720978579357175,2.6932370848672207,0.7966101694915254,0.9285127973614723,0.47,0.6157572421851121,191.91489361702128,0.00016687526074259492,True,MAR_Amb_AS_CBS_0003,311,47
3.0132586652835167,2.8851359579856384,0.5815002820078963,0.9380115065142709,0.2539408866995074,0.181293840661794,203.7458777885548,0.011019189441052851,True,MAR_Amb_AS_CBS_0003,312,1031
3.1414497734004674,2.034419811127325,0.7367021276595744,0.8708546416912797,0.4663299663299663,0.4387599289432664,225.50830324909748,0.0011212571671267786,True,MAR_Amb_AS_CBS_0003,313,1385
1.8260748027008264,1.3851317026102108,0.8072289156626506,0.6919420881695042,0.5583333333333333,0.7745187699310044,212.1044776119403,0.028621597892888498,True,MAR_Amb_AS_CBS_0003,314,67
1.724275869600789,3.145963105612671,0.9137931034482759,0.9481350835971377,0.4380165289256198,0.7100108582560686,203.32075471698113,0.013762486126526082,True,MAR_Amb_AS_CBS_0003,316,53
2.1931245983544616,1.8293087015902134,0.9069767441860465,0.8373582018388295,0.5416666666666666,0.7503723872608372,211.85256410256412,0.0021367521367521365,True,MAR_Amb_AS_CBS_0003,317,156
3.0791812460476247,2.983384290218023,0.5644402634054563,0.9421506218658015,0.3470213996529786,0.15448728245920737,205.18416666666667,0.002477124183006536,True,MAR_Amb_AS_CBS_0003,318,1200
1.863322860120456,3.7323313343922133,0.8390804597701149,0.9634386449302403,0.6759259259259259,0.5692876682308543,193.75342465753425,0.0024174053182917004,True,MAR_Amb_AS_CBS_0003,319,73
2.130333768495006,2.5712352844406134,0.7142857142857143,0.9212723233596624,0.5844155844155844,0.4854919839979233,198.54814814814816,0.00851125635439361,True,MAR_Amb_AS_CBS_0003,320,135
3.0149403497929366,2.0085272322655725,0.7747005988023952,0.8672475144642082,0.5880681818181818,0.4658230153412782,218.90821256038646,0.0076120109879700675,True,MAR_Amb_AS_CBS_0003,322,1035
1.7075701760979363,1.8384953651413947,0.9807692307692307,0.8391351020405446,0.6623376623376623,0.9812561987257101,197.11764705882354,0.0021530180699730873,True,MAR_Amb_AS_CBS_0003,323,51
2.4149733479708178,4.423334664807582,0.6280193236714976,0.9741101810151791,0.3641456582633053,0.29032837816275425,197.71153846153845,0.002187028657616893,True,MAR_Amb_AS_CBS_0003,324,260
3.357934847000454,1.5646862934924923,0.7630522088353414,0.7691188764626038,0.5004389815627743,0.36877502290046105,205.9311403508772,0.00152390780873753,True,MAR_Amb_AS_CBS_0003,325,2280
1.6532125137753437,3.2172084416415316,0.8181818181818182,0.9504660214371329,0.4945054945054945,0.6125059203548893,194.06666666666666,0.00392156862745098,True,MAR_Amb_AS_CBS_0003,326,45
2.0791812460476247,1.5523052710019631,0.7947019867549668,0.7648544019376577,0.5357142857142857,0.6647786334366763,199.25,0.0016993464052287583,True,MAR_Amb_AS_CBS_0003,327,120
2.1072099696478683,3.4537576072128613,0.6772486772486772,0.9571660003936484,0.3710144927536232,0.43068219091380744,218.1640625,0.04353553921568627,True,MAR_Amb_AS_CBS_0003,328,128
2.0827853703164503,2.547358953736949,0.7202380952380952,0.9197249282598213,0.4801587301587302,0.5114149613170312,204.6611570247934,0.013385188786258304,True,MAR_Amb_AS_CBS_0003,329,121
2.9532763366673045,2.1466865782507285,0.798932384341637,0.8848720296668474,0.47163865546218486,0.4524708245817702,207.19042316258353,0.0025939997379798244,True,MAR_Amb_AS_CBS_0003,330,898
1.6334684555795864,1.6290613021262883,0.9148936170212766,0.789422342681141,0.5972222222222222,0.9737833682555215,226.04651162790697,0.03511171910624715,True,MAR_Amb_AS_CBS_0003,331,43
3.083860800866573,2.23233377701504,0.7964543663821405,0.8940527550798683,0.5287707061900611,0.48259633793362333,206.56718878812862,0.0010086804713641433,True,MAR_Amb_AS_CBS_0003,332,1213
2.6646419755561257,1.2821204819118113,0.9314516129032258,0.6258319842795497,0.6875,0.837592772458423,212.6082251082251,0.00409133350309821,True,MAR_Amb_AS_CBS_0003,334,462
1.7993405494535817,3.4903463085637454,0.875,0.9580788897562664,0.4090909090909091,0.6094548705379749,215.85714285714286,0.051291627762216,True,MAR_Amb_AS_CBS_0003,335,63
2.582063362911709,2.3603587487656292,0.5403111739745403,0.9058192239674593,0.29339477726574503,0.20959296453733797,201.565445026178,0.008530951647674777,True,MAR_Amb_AS_CBS_0003,336,382
2.931457870689005,2.102679699123417,0.8438735177865613,0.8796705240010713,0.4965116279069767,0.5820830557991727,210.76932084309132,0.0011480001836800295,True,MAR_Amb_AS_CBS_0003,337,854
1.7993405494535817,2.2834941826493047,0.9692307692307692,0.8990113367858533,0.8076923076923077,0.8855696190786627,199.68253968253967,0.009274821039526922,True,MAR_Amb_AS_CBS_0003,338,63
1.6127838567197355,3.0340589534007836,0.803921568627451,0.944123642407461,0.37272727272727274,0.6667080364168775,207.02439024390245,0.0414155906264945,True,MAR_Amb_AS_CBS_0003,340,41
2.0170333392987803,1.6763597897294875,0.9369369369369369,0.8025902940186477,0.6153846153846154,0.8758946372355518,213.98076923076923,0.009577677224736049,True,MAR_Amb_AS_CBS_0003,341,104
1.7323937598229686,1.7919426926588105,0.9310344827586207,0.8298049310048563,0.7012987012987013,0.9498898157053116,199.11111111111111,0.004575163398692811,True,MAR_Amb_AS_CBS_0003,342,54
1.7323937598229686,2.5927987811398943,0.9642857142857143,0.9226311024275367,0.7714285714285715,0.7896999203020367,200.11111111111111,0.0059549745824255635,True,MAR_Amb_AS_CBS_0003,344,54
1.6020599913279623,2.9835413747789485,0.9090909090909091,0.942156900277945,0.5555555555555556,0.7355085549429068,199.65,0.008823529411764706,True,MAR_Amb_AS_CBS_0003,345,40
2.4456042032735974,3.3639888372828386,0.6145374449339207,0.9547946574446794,0.30194805194805197,0.33643796423322636,217.11111111111111,0.016206339166490967,True,MAR_Amb_AS_CBS_0003,347,279
2.0530784434834195,1.4040514395880004,0.9186991869918699,0.7019516320450868,0.6726190476190477,0.9234718523172052,219.2920353982301,0.0068714211348256116,True,MAR_Amb_AS_CBS_0003,348,113
1.8195439355418688,2.0600402703003566,0.8148148148148148,0.874276978825235,0.6346153846153846,0.7014898520274542,203.74242424242425,0.015389185977421272,True,MAR_Amb_AS_CBS_0003,349,66
2.5237464668115646,3.8010075771333565,0.7952380952380952,0.964771803315767,0.32938856015779094,0.417831100388459,194.8682634730539,0.00015263590466126572,True,MAR_Amb_AS_CBS_0003,350,334
1.6020599913279623,4.169033129046721,0.851063829787234,0.9708065575871748,0.3333333333333333,0.6314879306751077,204.425,0.037450980392156864,True,MAR_Amb_AS_CBS_0003,351,40
1.8260748027008264,3.0722958238040694,0.9178082191780822,0.9455456583756809,0.4785714285714286,0.7021735608943805,224.44776119402985,0.05513608428446005,True,MAR_Amb_AS_CBS_0003,352,67
2.0863598306747484,2.0851319187975537,0.8026315789473685,0.877494902408155,0.4765625,0.6355973864127888,200.4672131147541,0.008775313404050146,True,MAR_Amb_AS_CBS_0003,353,122
2.0681858617461617,1.7928085936195877,0.9069767441860465,0.8299861308180349,0.6882352941176471,0.7664212482516819,202.87179487179486,0.0012066365007541479,True,MAR_Amb_AS_CBS_0003,354,117
1.6334684555795864,2.5596795847800013,0.9148936170212766,0.9205291444228882,0.4777777777777778,0.7761961538209141,217.67441860465115,0.07067943456452348,True,MAR_Amb_AS_CBS_0003,356,43
1.7993405494535817,1.9659719560410043,0.9264705882352942,0.860970875934386,0.75,0.9213165736857096,193.65079365079364,0.0,True,MAR_Amb_AS_CBS_0003,357,63
3.1936810295412816,2.693875736307595,0.3943448624084827,0.928547993057437,0.21895149985982618,0.1288034874772203,206.15108834827146,0.009412266827345537,True,MAR_Amb_AS_CBS_0003,359,1562
1.806179973983887,3.2193794775889306,0.8533333333333334,0.9505345446523212,0.6666666666666666,0.6156901639063278,191.796875,0.0009191176470588235,True,MAR_Amb_AS_CBS_0003,360,64
1.9344984512435677,3.2782307793944923,0.7747747747747747,0.9523387105929313,0.41148325358851673,0.5230327232033589,193.67441860465115,0.007067943456452349,True,MAR_Amb_AS_CBS_0003,361,86
1.6334684555795864,2.0112710512973644,0.7678571428571429,0.8676370907179484,0.4777777777777778,0.6706676639431982,193.04651162790697,0.006019151846785226,True,MAR_Amb_AS_CBS_0003,363,43
2.4216039268698313,2.1336760490967417,0.7880597014925373,0.8833708268691559,0.42857142857142855,0.4665431337300327,225.4090909090909,0.015047534165181222,True,MAR_Amb_AS_CBS_0003,365,264
2.0969100130080562,2.688088897897504,0.7716049382716049,0.9282281180687908,0.4340277777777778,0.5619534069151926,215.304,0.01797647058823529,True,MAR_Amb_AS_CBS_0003,367,125
1.6812412373755872,1.3497085798024053,0.9795918367346939,0.6716146122598561,0.7619047619047619,1.0,193.33333333333334,0.000326797385620915,True,MAR_Amb_AS_CBS_0003,369,48
2.0969100130080562,1.51047325191427,0.9615384615384616,0.7494648264328964,0.7440476190476191,0.963129119539889,198.512,0.0,True,MAR_Amb_AS_CBS_0003,370,125
2.8674674878590514,1.6269429974749734,0.7072936660268714,0.7888002062738718,0.460625,0.41148464366528814,198.2225237449118,0.003219198127011999,True,MAR_Amb_AS_CBS_0003,371,737
2.3283796034387376,1.1906925470757732,0.9424778761061947,0.54282262383268,0.6264705882352941,0.8923003853387483,228.55868544600938,0.013734695756236768,True,MAR_Amb_AS_CBS_0003,372,213
1.9242792860618816,1.8546771996797686,0.9438202247191011,0.8421922280470241,0.6666666666666666,0.8928052662167598,222.58333333333334,0.014239028944911298,True,MAR_Amb_AS_CBS_0003,373,84
3.2833012287035497,2.6984921803192443,0.489047376464595,0.9288016203490644,0.3202668890742285,0.232982049117892,200.565625,1.2254901960784315e-05,True,MAR_Amb_AS_CBS_0003,374,1920
2.167317334748176,2.6474131898295488,0.6419213973799127,0.9259169262032394,0.40384615384615385,0.4160464009488466,196.04761904761904,0.0033079898626117116,True,MAR_Amb_AS_CBS_0003,375,147
1.6989700043360187,1.8008588695692644,0.8928571428571429,0.8316563899275992,0.5050505050505051,0.779846120864184,223.84,0.08180392156862745,True,MAR_Amb_AS_CBS_0003,376,50
2.9916690073799486,5.566046078242291,0.6566265060240963,0.9837286291175725,0.4616470588235294,0.26229173017090524,211.3577981651376,0.0015670284423657333,True,MAR_Amb_AS_CBS_0003,378,981
1.8512583487190752,3.137057933905759,0.8352941176470589,0.9478320940342255,0.5546875,0.6244646010655287,207.50704225352112,0.015465341066003866,True,MAR_Amb_AS_CBS_0003,381,71
2.0791812460476247,1.5222798681800245,0.6486486486486487,0.7539694962094383,0.4444444444444444,0.42802735922470697,200.95833333333334,0.031568627450980394,True,MAR_Amb_AS_CBS_0003,382,120
2.2041199826559246,3.7670726655142834,0.7017543859649122,0.9641223939047875,0.4244031830238727,0.3694669090784611,211.1,0.07034313725490196,True,MAR_Amb_AS_CBS_0003,384,160
1.9777236052888478,3.0192677888853736,0.8407079646017699,0.943558423948636,0.5864197530864198,0.6059899174319703,202.85263157894738,0.006976264189886481,True,MAR_Amb_AS_CBS_0003,385,95
1.724275869600789,2.01668663514034,0.7794117647058824,0.8684008437140232,0.5824175824175825,0.7133173787009937,206.30188679245282,0.017906030336662968,True,MAR_Amb_AS_CBS_0003,387,53
2.103803720955957,1.74066936955387,0.8466666666666667,0.8185104496013499,0.503968253968254,0.6461409834340677,212.28346456692913,0.023776439709742164,True,MAR_Amb_AS_CBS_0003,388,127
2.0453229787866576,1.8190724944267693,0.8671875,0.8353419389003488,0.6306818181818182,0.7764492090034464,222.02702702702703,0.016428192898781134,True,MAR_Amb_AS_CBS_0003,389,111
2.2095150145426308,1.3369928360060168,0.8756756756756757,0.6637582691318284,0.5625,0.7792328636939463,214.7716049382716,0.002783829581215202,True,MAR_Amb_AS_CBS_0003,390,162
1.9030899869919435,4.7976576108058415,0.7017543859649122,0.9780362111283477,0.42328042328042326,0.4150845608713893,233.15,0.12848039215686274,True,MAR_Amb_AS_CBS_0003,394,80
1.7853298350107671,2.058179487657584,0.8356164383561644,0.8740331591341145,0.6224489795918368,0.8209879264294455,225.78688524590163,0.07438122790099647,True,MAR_Amb_AS_CBS_0003,395,61
1.7781512503836436,1.404097015364595,1.0,0.7019750878008406,0.8571428571428571,1.0,220.1,0.03712418300653595,True,MAR_Amb_AS_CBS_0003,396,60
1.9344984512435677,1.2368052426124234,0.9885057471264368,0.5884484523716219,0.7962962962962963,1.0,195.5581395348837,0.00022799817601459188,True,MAR_Amb_AS_CBS_0003,397,86
1.8573324964312685,2.3541938572818846,0.72,0.9052994930803678,0.43636363636363634,0.5371469907348181,192.81944444444446,0.0011982570806100218,True,MAR_Amb_AS_CBS_0003,398,72
1.9822712330395684,1.8509380603666816,0.7868852459016393,0.8414939146123287,0.4897959183673469,0.615151507486333,199.03125,0.01948529411764706,True,MAR_Amb_AS_CBS_0003,400,96
1.7481880270062005,1.39564297701751,0.9655172413793104,0.6975710423205682,0.8,1.0,192.75,0.0,True,MAR_Amb_AS_CBS_0003,401,56
2.761927838420529,1.8922598760110598,0.8947368421052632,0.8489528245580719,0.608421052631579,0.696993345257365,209.39273356401384,6.784720808738721e-06,True,MAR_Amb_AS_CBS_0003,403,578
2.6893088591236203,1.6440165563160798,0.8939670932358318,0.7937329591845372,0.657258064516129,0.7474817880769924,214.04907975460122,1.6039135490597058e-05,True,MAR_Amb_AS_CBS_0003,404,489
1.9444826721501687,1.8277567926509193,0.8888888888888888,0.8370550044068057,0.5714285714285714,0.7985432112251337,211.26136363636363,0.008244206773618538,True,MAR_Amb_AS_CBS_0003,407,88
1.6989700043360187,1.3068647944506695,1.0,0.6438044066988736,0.7936507936507936,1.0,199.08,0.0009411764705882352,True,MAR_Amb_AS_CBS_0003,411,50
1.7993405494535817,1.3821073263244954,0.984375,0.6902899899860205,0.7875,1.0,194.88888888888889,0.0006224712107065047,True,MAR_Amb_AS_CBS_0003,413,63
1.7781512503836436,1.8681445661428167,0.8450704225352113,0.8446680430159693,0.6060606060606061,0.7571599052719762,195.85,0.01019607843137255,True,MAR_Amb_AS_CBS_0003,414,60
1.7781512503836436,2.74213863414855,0.8955223880597015,0.9311333560194757,0.45454545454545453,0.7082649125076957,212.86666666666667,0.030522875816993464,True,MAR_Amb_AS_CBS_0003,416,60
1.8129133566428555,1.515944474078056,0.9154929577464789,0.7515687509193417,0.6565656565656566,0.9350215988108153,204.30769230769232,0.004283559577677224,True,MAR_Amb_AS_CBS_0003,417,65
2.342422680822206,2.1607131113602542,0.8627450980392157,0.8864574144133256,0.5176470588235295,0.6710921374728055,217.96363636363637,0.006666666666666666,True,MAR_Amb_AS_CBS_0003,419,220
2.369215857410143,2.022970426685708,0.639344262295082,0.8692785328297631,0.39,0.3576906715951252,221.05982905982907,0.02384782973018267,True,MAR_Amb_AS_CBS_0003,422,234
2.167317334748176,3.187401027162148,0.7616580310880829,0.9495105077598419,0.41761363636363635,0.4985626868086031,227.57823129251702,0.03550753634787248,True,MAR_Amb_AS_CBS_0003,423,147
2.167317334748176,1.9827369233270953,0.9074074074074074,0.8634973671938783,0.5653846153846154,0.7305717553116502,218.8843537414966,0.005468854208350007,True,MAR_Amb_AS_CBS_0003,424,147
1.6901960800285136,3.4347213177790246,0.7903225806451613,0.9566791089679753,0.5444444444444444,0.5897016436177845,206.14285714285714,0.031852741096438576,True,MAR_Amb_AS_CBS_0003,425,49
2.0043213737826426,2.711984469413656,0.643312101910828,0.9295350864315718,0.37407407407407406,0.4215609788537148,204.4257425742574,0.024538924480683365,True,MAR_Amb_AS_CBS_0003,426,101
3.479719235439571,2.101526021795364,0.37843260188087774,0.8795293231381257,0.21653034868704263,0.07428150465666711,214.34824387011267,0.03848542730544835,True,MAR_Amb_AS_CBS_0003,428,3018
2.7965743332104296,4.1968925479651435,0.505654281098546,0.971198578547947,0.36226851851851855,0.22688994636057844,201.31150159744408,0.005594186556411702,True,MAR_Amb_AS_CBS_0003,430,626
1.99563519459755,1.1974440874475094,0.9705882352941176,0.550079853561408,0.75,1.0,217.21212121212122,0.013745296098237275,True,MAR_Amb_AS_CBS_0003,431,99
1.8692317197309762,3.7111520130830344,0.6548672566371682,0.9630121120864378,0.4625,0.45418067787099736,190.21621621621622,0.00026497085320614734,True,MAR_Amb_AS_CBS_0003,433,74
2.146128035678238,5.754302307697784,0.6278026905829597,0.9847839681647982,0.25735294117647056,0.2966326250960557,200.09285714285716,0.014313725490196078,True,MAR_Amb_AS_CBS_0003,434,140
2.1702617153949575,1.7109106337122562,0.7872340425531915,0.8114051880272476,0.556390977443609,0.6177329195084138,196.93243243243242,0.004292527821939587,True,MAR_Amb_AS_CBS_0003,435,148
1.8920946026904804,2.6411809846122827,0.6666666666666666,0.9255528220882538,0.40625,0.4743785163937441,213.80769230769232,0.03866264454499749,True,MAR_Amb_AS_CBS_0003,436,78
2.374748346010104,2.1627421951254218,0.6236842105263158,0.8866839747394616,0.29625,0.35815010687020676,208.48945147679325,0.030015719367915944,True,MAR_Amb_AS_CBS_0003,438,237
1.8512583487190752,2.8815696027638475,0.8452380952380952,0.9378528857124826,0.6339285714285714,0.6527638425118301,215.61971830985917,0.03131731565865783,True,MAR_Amb_AS_CBS_0003,439,71
1.7708520116421442,2.1013445457670525,0.8309859154929577,0.8795070886889947,0.5673076923076923,0.6584343288789332,196.98305084745763,0.004187437686939182,True,MAR_Amb_AS_CBS_0003,440,59
2.9138138523837167,2.6793645649901343,0.7992202729044834,0.9277417346891524,0.41836734693877553,0.4687427417774588,192.45731707317074,0.0002678144428503109,True,MAR_Amb_AS_CBS_0003,444,820
1.9395192526186185,2.0197880789659317,0.7699115044247787,0.8688351727675605,0.5117647058823529,0.5854586032734569,200.9655172413793,0.007662835249042146,True,MAR_Amb_AS_CBS_0003,445,87
3.2268575702887237,3.8053681047837076,0.6669303797468354,0.9648539618927844,0.25942452685028466,0.21020734058589494,206.3214709371293,0.01088549298723048,True,MAR_Amb_AS_CBS_0003,446,1686
2.747411807886423,2.5291508644615477,0.6858895705521473,0.9185134991675625,0.4968888888888889,0.39739583074392515,213.92665474060823,0.007373110245887263,True,MAR_Amb_AS_CBS_0003,447,559
2.0253058652647704,1.8114225743034649,0.8412698412698413,0.8338094848940706,0.6424242424242425,0.7133173787009935,216.0754716981132,0.02822789493155753,True,MAR_Amb_AS_CBS_0003,448,106
1.6020599913279623,1.4955281167051584,0.8888888888888888,0.7435681897750416,0.6349206349206349,0.924798531260901,200.475,0.017745098039215687,True,MAR_Amb_AS_CBS_0003,450,40
2.2013971243204513,2.3109960616376597,0.6973684210526315,0.9015313223642399,0.3975,0.4677834409436888,218.0,0.028215562954741646,True,MAR_Amb_AS_CBS_0003,453,159
1.9731278535996986,2.1050462330778417,0.9306930693069307,0.879959371979096,0.6266666666666667,0.7916739990398257,199.2872340425532,0.004505632040050063,True,MAR_Amb_AS_CBS_0003,454,94
1.6812412373755872,1.511295160132301,0.9056603773584906,0.7497827234779089,0.5925925925925926,0.9673740686372484,207.33333333333334,0.051470588235294115,True,MAR_Amb_AS_CBS_0003,455,48
1.6812412373755872,3.0162715536255282,0.8888888888888888,0.9434428724311941,0.5274725274725275,0.7186827792701964,207.95833333333334,0.025653594771241833,True,MAR_Amb_AS_CBS_0003,456,48
3.1652443261253107,2.4889914263919146,0.563993831919815,0.9157409788465484,0.34958183990442054,0.19855224125459797,212.9419002050581,0.02487770227708308,True,MAR_Amb_AS_CBS_0003,459,1463
1.9637878273455553,3.8179795122939524,0.8846153846153846,0.96508995757583,0.40350877192982454,0.5535974613554712,200.0326086956522,0.006265984654731458,True,MAR_Amb_AS_CBS_0003,460,92
1.7853298350107671,3.958423527028502,0.8591549295774648,0.9675640514814854,0.5126050420168067,0.5608252731439664,193.04918032786884,0.0022500803600128574,True,MAR_Amb_AS_CBS_0003,462,61
2.6599162000698504,2.6406928052477676,0.7603993344425957,0.9255241861865782,0.42590866728797766,0.5112762815539417,213.27352297592998,0.00567211567340284,True,MAR_Amb_AS_CBS_0003,463,457
2.428134794028789,2.7642538307509725,0.8271604938271605,0.9322707639708268,0.43506493506493504,0.5175243628409324,221.13059701492537,0.02328065554580041,True,MAR_Amb_AS_CBS_0003,465,268
1.9493900066449128,1.4749799207445082,0.9081632653061225,0.7350846553572953,0.6180555555555556,0.844812735329941,224.2808988764045,0.025952853051332894,True,MAR_Amb_AS_CBS_0003,466,89
2.9190780923760737,3.617958493874064,0.538961038961039,0.9610429800834864,0.30729359496482783,0.21982596324082693,216.55180722891566,0.007942357665957949,True,MAR_Amb_AS_CBS_0003,467,830
1.7558748556724915,2.700200792175404,0.76,0.9288951442841846,0.5428571428571428,0.5998311452506319,199.5438596491228,0.0068799449604403165,True,MAR_Amb_AS_CBS_0003,469,57
1.7481880270062005,2.3527299492567786,0.9491525423728814,0.9051754336339295,0.717948717948718,0.8526866494394519,232.92857142857142,0.05588235294117647,True,MAR_Amb_AS_CBS_0003,472,56
2.0211892990699383,1.6294874468254006,0.9292035398230089,0.7895471473068106,0.6363636363636364,0.8580933141000581,197.59047619047618,0.0,True,MAR_Amb_AS_CBS_0003,473,105
2.4313637641589874,1.9471499130482899,0.7180851063829787,0.8580470176354136,0.4166666666666667,0.4491767370438727,199.92962962962963,0.0021350762527233115,True,MAR_Amb_AS_CBS_0003,474,270
1.845098040014257,1.8692980800519743,0.8974358974358975,0.8448772852955424,0.7692307692307693,0.8514486191682586,208.6,0.007170868347338936,True,MAR_Amb_AS_CBS_0003,475,70
2.0293837776852097,1.8501105192293454,0.84251968503937,0.8413387136759598,0.5721925133689839,0.6678522385076724,200.2429906542056,0.008612790910756826,True,MAR_Amb_AS_CBS_0003,476,107
1.8195439355418688,2.4275023952822012,0.88,0.911208241693527,0.55,0.7014898520274542,194.75757575757575,0.0023172905525846704,True,MAR_Amb_AS_CBS_0003,477,66
3.361727836017593,3.434494204596245,0.4623115577889447,0.9566732496651627,0.25252525252525254,0.11642091583078126,212.49347826086955,0.020011935208866155,True,MAR_Amb_AS_CBS_0003,480,2300
1.7403626894942439,1.6205685880011451,0.9322033898305084,0.7869103241270679,0.6875,1.0,194.25454545454545,0.000427807486631016,True,MAR_Amb_AS_CBS_0003,481,55
2.4653828514484184,1.9834942484233165,0.8538011695906432,0.8636098144862774,0.5793650793650794,0.6922600521485549,205.56506849315068,0.00051034112275047,True,MAR_Amb_AS_CBS_0003,483,292
2.1958996524092336,2.0160428159803834,0.9127906976744186,0.8683104040325421,0.6796536796536796,0.8215032613971701,217.46496815286625,0.0035468964655926065,True,MAR_Amb_AS_CBS_0003,484,157
3.190611797813605,2.507598417912562,0.7507260406582769,0.917043173069126,0.4559082892416226,0.41921232827745847,198.47130883301097,0.00041465973881493285,True,MAR_Amb_AS_CBS_0003,485,1551
2.507855871695831,1.104751464220715,0.8518518518518519,0.4250263695519749,0.6388888888888888,0.6707640475437265,196.71428571428572,0.002484472049689441,True,MAR_Amb_AS_CBS_0003,487,322
2.8175653695597807,1.7890461342773392,0.7747641509433962,0.8291965899097983,0.5663793103448276,0.5210102088276999,202.59817351598173,0.00981287492165816,True,MAR_Amb_AS_CBS_0003,488,657
1.792391689498254,1.9664830408998446,0.9538461538461539,0.8610489638045684,0.6262626262626263,0.9282985898906703,204.17741935483872,0.004490828589500316,True,MAR_Amb_AS_CBS_0003,489,62
2.561101383649056,1.296054247260398,0.6570397111913358,0.6361412247295869,0.42424242424242425,0.3805189425321938,212.09065934065933,0.004514113337642749,True,MAR_Amb_AS_CBS_0003,490,364
2.0791812460476247,1.9375858770925032,0.9230769230769231,0.8565246261360255,0.5714285714285714,0.7985364214113292,197.14166666666668,0.00019607843137254904,True,MAR_Amb_AS_CBS_0003,492,120
2.173186268412274,1.7504949403012644,0.7680412371134021,0.8207642841778777,0.465625,0.5577277818294754,212.38255033557047,0.012159494670351363,True,MAR_Amb_AS_CBS_0003,494,149
1.6720978579357175,3.4628619721327576,0.9038461538461539,0.9573959433194852,0.3884297520661157,0.65442626307147,207.5744680851064,0.041385064664163536,True,MAR_Amb_AS_CBS_0003,495,47
2.531478917042255,1.7369624845941842,0.6653620352250489,0.8176485558044473,0.3448275862068966,0.36662053286832413,204.06470588235294,0.010230680507497116,True,MAR_Amb_AS_CBS_0003,496,340
2.305351369446624,2.8816429011263676,0.7112676056338029,0.9378561520035583,0.4855769230769231,0.43263993305984705,201.94554455445544,0.009998058629392351,True,MAR_Amb_AS_CBS_0003,497,202
1.6989700043360187,2.0454674964098296,0.9615384615384616,0.8723477981533101,0.625,0.9620158811036374,199.3,0.004784313725490196,True,MAR_Amb_AS_CBS_0003,498,50
2.4668676203541096,3.947798712568415,0.7512820512820513,0.9673862783875045,0.3488095238095238,0.4037324987762052,227.1569965870307,0.01606103192130094,True,MAR_Amb_AS_CBS_0003,501,293
1.9242792860618816,3.1812297349688934,0.5714285714285714,0.9493091933010351,0.42,0.36607079886812643,192.97619047619048,0.011297852474323062,True,MAR_Amb_AS_CBS_0003,502,84
1.9030899869919435,1.6340038558982013,0.9302325581395349,0.790862668412497,0.6611570247933884,0.9247985312609008,199.65,0.0004411764705882353,True,MAR_Amb_AS_CBS_0003,503,80
1.9138138523837167,2.457017387068974,0.9425287356321839,0.9134292600558785,0.780952380952381,0.8262986836276497,207.78048780487805,0.007412721186035389,True,MAR_Amb_AS_CBS_0003,506,82
1.6812412373755872,1.4239923983003584,0.96,0.7119295031987708,0.6666666666666666,1.0,224.5625,0.022222222222222223,True,MAR_Amb_AS_CBS_0003,507,48
2.2013971243204513,2.6678622704464683,0.828125,0.9270927753369299,0.39849624060150374,0.6022717417354883,194.33962264150944,0.004094216302873351,True,MAR_Amb_AS_CBS_0003,508,159
1.8692317197309762,3.008243830462733,0.925,0.9431315046818921,0.4805194805194805,0.7158676257112717,210.2027027027027,0.013513513513513514,True,MAR_Amb_AS_CBS_0003,509,74
1.6127838567197355,1.0929582606392967,0.9318181818181818,0.4035716973011882,0.640625,0.997411239597103,193.9268292682927,0.0006695361071257772,True,MAR_Amb_AS_CBS_0003,510,41
2.6180480967120925,1.8769951704053371,0.7713754646840149,0.8462623353218087,0.5577956989247311,0.5409767329354296,222.91807228915664,0.003656980864635011,True,MAR_Amb_AS_CBS_0003,511,415
2.1931245983544616,1.2860224912439746,0.9629629629629629,0.6287699501382138,0.6964285714285714,0.9736911140859519,220.17307692307693,0.005681246857717446,True,MAR_Amb_AS_CBS_0003,512,156
2.575187844927661,2.4426455592657472,0.7286821705426356,0.9123585039676407,0.5645645645645646,0.46399656456751615,209.60106382978722,0.005475594493116395,True,MAR_Amb_AS_CBS_0003,513,376
2.123851640967086,2.130594764988576,0.9172413793103448,0.8830108842380376,0.665,0.7687387791106239,210.5563909774436,0.0086687306501548,True,MAR_Amb_AS_CBS_0003,514,133
1.8750612633917,1.2776815155822656,0.9493670886075949,0.6224398255833922,0.7575757575757576,1.0,203.76,0.0013594771241830065,True,MAR_Amb_AS_CBS_0003,516,75
2.3820170425748683,4.65463043917563,0.6409574468085106,0.9766492966146092,0.2754285714285714,0.3224590633213978,212.02489626556016,0.020942152794727848,True,MAR_Amb_AS_CBS_0003,520,241
2.214843848047698,3.191585021650318,0.5015290519877675,0.9496463064800144,0.31238095238095237,0.22164694213268954,207.1951219512195,0.029076996652319467,True,MAR_Amb_AS_CBS_0003,524,164
2.7041505168397992,2.87863548030048,0.7037552155771906,0.9377219222299041,0.4423076923076923,0.3545552059761277,220.0079051383399,0.0194915911028443,True,MAR_Amb_AS_CBS_0003,525,506
2.1492191126553797,2.8890451916040223,0.9276315789473685,0.9381846724822029,0.46078431372549017,0.6718274969532062,204.66666666666666,0.004144068975107774,True,MAR_Amb_AS_CBS_0003,527,141
1.8512583487190752,1.2658695274762806,0.9466666666666667,0.6131444278160305,0.7171717171717171,0.9820196398789092,212.57746478873239,0.010328638497652582,True,MAR_Amb_AS_CBS_0003,533,71
3.673665876245702,3.5090939281731557,0.6872086247086248,0.9585352919471193,0.27639751552795033,0.23896857791220108,235.04282382870468,0.0039639684578516585,True,MAR_Amb_AS_CBS_0003,535,4717
2.717670503002262,2.8654237737086103,0.8613861386138614,0.9371269996033024,0.6796875,0.47600520602636154,234.11494252873564,0.008286379685974005,True,MAR_Amb_AS_CBS_0003,536,522
1.99563519459755,1.2155674821981235,0.8389830508474576,0.5685321675833113,0.5892857142857143,0.703859465752512,198.11111111111111,0.008239255298078828,True,MAR_Amb_AS_CBS_0003,539,99
2.569373909615046,3.292714577944222,0.733201581027668,0.9527674603901246,0.526241134751773,0.36101421452734167,198.3423180592992,0.00680725120236774,True,MAR_Amb_AS_CBS_0003,542,371
2.2624510897304293,4.428395971964375,0.6654545454545454,0.9741701113845633,0.4893048128342246,0.36518140112646613,208.66666666666666,0.012493303332261868,True,MAR_Amb_AS_CBS_0003,543,183
3.0948203803548,1.6435547385409763,0.6609989373007439,0.7936019515705052,0.47772657450076805,0.2512829208795517,202.9742765273312,0.00692264043881218,True,MAR_Amb_AS_CBS_0003,544,1244
2.3324384599156054,1.1299303723593928,0.7363013698630136,0.46557147336376264,0.5119047619047619,0.5068244222548882,191.85581395348837,0.001823985408116735,True,MAR_Amb_AS_CBS_0003,547,215
1.7781512503836436,1.7028331559355263,0.9375,0.8094008230315357,0.7142857142857143,0.9135928386851272,195.26666666666668,0.00130718954248366,True,MAR_Amb_AS_CBS_0003,550,60
2.296665190261531,1.2203420974846357,0.8181818181818182,0.5731616088665717,0.5546218487394958,0.6085755514742536,197.02020202020202,0.00629827688651218,True,MAR_Amb_AS_CBS_0003,552,198
2.0043213737826426,3.1807179131843104,0.6870748299319728,0.9492924425365991,0.4391304347826087,0.4401565557819139,204.95049504950495,0.013977868375072802,True,MAR_Amb_AS_CBS_0003,554,101
2.8767949762007006,1.5349658428173107,0.5640449438202247,0.7586655556344437,0.31691919191919193,0.2863354826627116,198.32802124833998,0.004192380803583053,True,MAR_Amb_AS_CBS_0003,557,753
1.6434526764861874,2.9964594344390214,0.9166666666666666,0.942669698123339,0.676923076923077,0.7411416161223898,216.1590909090909,0.05525846702317291,True,MAR_Amb_AS_CBS_0003,558,44
2.3404441148401185,1.5717662818409615,0.8051470588235294,0.7715019914604766,0.553030303030303,0.5778329705117055,192.01826484018264,0.005998746530575701,True,MAR_Amb_AS_CBS_0003,559,219
2.0681858617461617,2.989730524926833,0.7697368421052632,0.942403450292288,0.5318181818181819,0.4883429160978676,208.05128205128204,0.022724987430869783,True,MAR_Amb_AS_CBS_0003,561,117
1.9138138523837167,1.4567834353752613,0.8723404255319149,0.7271828305625633,0.5694444444444444,0.8040483617996345,198.6341463414634,0.001721664275466284,True,MAR_Amb_AS_CBS_0003,562,82
2.164352855784437,2.1268030217853484,0.6576576576576577,0.8825655968821033,0.4965986394557823,0.4115340622630159,196.0,0.005855492882084341,True,MAR_Amb_AS_CBS_0003,565,146
2.1072099696478683,1.454823813962831,0.9411764705882353,0.7263088905695277,0.7032967032967034,0.9206366511368027,203.4609375,0.0006433823529411765,True,MAR_Amb_AS_CBS_0003,567,128
1.7558748556724915,1.5985838040328233,0.8636363636363636,0.7801811192808599,0.6333333333333333,0.7883819644098283,190.87719298245614,0.00130718954248366,True,MAR_Amb_AS_CBS_0003,568,57
2.3138672203691533,1.8032257396623268,0.64375,0.8321425832544695,0.3772893772893773,0.37347210200527087,201.60679611650485,0.010869979059584998,True,MAR_Amb_AS_CBS_0003,569,206
1.6812412373755872,2.5916709083783163,0.8571428571428571,0.9225609204591712,0.5,0.7943423962385974,216.22916666666666,0.05334967320261438,True,MAR_Amb_AS_CBS_0003,575,48
3.1061908972634154,1.9815884119799743,0.5320833333333334,0.8633265626485689,0.33229247983346344,0.28643648757911816,200.3077525450274,0.0003961490626007647,True,MAR_Amb_AS_CBS_0003,576,1277
1.8864907251724818,1.6829090912934905,0.927710843373494,0.804310557186925,0.7403846153846154,0.9365934810850846,202.83116883116884,0.009778456837280366,True,MAR_Amb_AS_CBS_0003,580,77
1.8195439355418688,1.4803037939760317,0.9295774647887324,0.7373260792164915,0.6875,0.864680382642923,205.74242424242425,0.006654783125371361,True,MAR_Amb_AS_CBS_0003,581,66
1.9138138523837167,3.1418696078778314,0.6890756302521008,0.9479961383872502,0.35964912280701755,0.4114914461089574,193.32926829268294,0.0040172166427546625,True,MAR_Amb_AS_CBS_0003,582,82
2.2329961103921536,2.65781597846096,0.8465346534653465,0.9265186781873108,0.57,0.6200362081835078,217.71929824561403,0.013874555670221306,True,MAR_Amb_AS_CBS_0003,583,171
2.2648178230095364,1.8948761887166328,0.5714285714285714,0.8494066070270553,0.38333333333333336,0.3397397616485592,193.47282608695653,0.0013853367433930095,True,MAR_Amb_AS_CBS_0003,591,184
1.9493900066449128,1.8359376497759274,0.956989247311828,0.8386434396632935,0.6742424242424242,0.9459484368249004,230.26966292134833,0.01647940074906367,True,MAR_Amb_AS_CBS_0003,592,89
2.0791812460476247,1.5797520410612074,0.8108108108108109,0.7741430164249814,0.5128205128205128,0.6165323541739339,207.74166666666667,0.011339869281045752,True,MAR_Amb_AS_CBS_0003,594,120
2.3201462861110542,3.638073853028099,0.5400516795865633,0.9614811928337995,0.2721354166666667,0.2796429221334943,204.92822966507177,0.012815461112674736,True,MAR_Amb_AS_CBS_0003,598,209
2.0453229787866576,1.9506332646516558,0.7928571428571428,0.8585952758544854,0.5441176470588235,0.6130892142566745,203.2882882882883,0.023423423423423424,True,MAR_Amb_AS_CBS_0003,599,111
3.2430380486862944,2.9585320317799333,0.5451713395638629,0.9411441465125769,0.3614955587688494,0.16414960994660985,205.3737142857143,0.0042397759103641455,True,MAR_Amb_AS_CBS_0003,600,1750
3.2595938788859486,1.916853852861129,0.7945804195804196,0.8531362386304182,0.4391304347826087,0.4898182201988208,225.55720572057206,0.006837938695830367,True,MAR_Amb_AS_CBS_0003,601,1818
3.481442628502305,1.962319305398197,0.7259223766171539,0.8604108080763101,0.5465367965367965,0.3808498024855312,231.9188118811881,0.008003623891800945,True,MAR_Amb_AS_CBS_0003,606,3030
2.762678563727436,6.250712003119587,0.43533834586466164,0.9871199682576611,0.17717258261933905,0.1605221241010097,193.99136442141622,0.0027837041552372242,True,MAR_Amb_AS_CBS_0003,607,579
1.8976270912904414,1.767338383484489,0.9404761904761905,0.8245270067327768,0.5984848484848485,0.8999438720633389,204.20253164556962,0.00580789277736411,True,MAR_Amb_AS_CBS_0003,614,79
2.3201462861110542,2.0687731233572793,0.7013422818791947,0.8754115807191208,0.4976190476190476,0.41993977431825974,195.74162679425837,0.007599211933577259,True,MAR_Amb_AS_CBS_0003,615,209
3.256477206241677,1.8948191390414677,0.6089743589743589,0.8493967347539018,0.40245261984392416,0.21536073206400977,212.806648199446,0.0117234262125903,True,MAR_Amb_AS_CBS_0003,618,1805
2.699837725867246,2.2161572909580176,0.49214145383104124,0.8924069277563171,0.3553191489361702,0.2106131645650471,196.61477045908183,0.001972525537160972,True,MAR_Amb_AS_CBS_0003,619,501
1.7160033436347992,1.5064010082800798,0.9629629629629629,0.7478800724865359,0.7428571428571429,1.0,207.75,0.004223227752639517,True,MAR_Amb_AS_CBS_0003,620,52
1.9493900066449128,2.029847306181352,0.8640776699029126,0.8702287359054001,0.6180555555555556,0.7060830265232525,206.95505617977528,0.019828155981493723,True,MAR_Amb_AS_CBS_0003,625,89
2.53655844257153,2.970318005310951,0.8349514563106796,0.9416247428606995,0.4398976982097187,0.5163570263272652,201.07558139534885,0.0015959872321021432,True,MAR_Amb_AS_CBS_0003,631,344
2.385606273598312,3.298886308462216,0.6675824175824175,0.9529483846662004,0.474609375,0.4033257086917497,226.03292181069958,0.02002743484224966,True,MAR_Amb_AS_CBS_0003,632,243
1.7781512503836436,3.16823238794305,0.9230769230769231,0.9488812090843367,0.46153846153846156,0.7082649125076957,214.16666666666666,0.04045751633986928,True,MAR_Amb_AS_CBS_0003,638,60
2.708420900134713,3.3425847521919523,0.5833333333333334,0.9541999289884542,0.28902714932126694,0.26957802834919803,205.64774951076322,0.0015502091247457887,True,MAR_Amb_AS_CBS_0003,640,511
2.6334684555795866,2.339203380074186,0.8221797323135756,0.9040172576947686,0.4653679653679654,0.5357750317060793,196.05348837209303,0.0006019151846785227,True,MAR_Amb_AS_CBS_0003,642,430
2.037426497940624,3.875349675405742,0.8449612403100775,0.9661339054241711,0.35855263157894735,0.5077075830015751,200.63302752293578,0.005252743299154524,True,MAR_Amb_AS_CBS_0003,644,109
2.3541084391474008,2.013150922613394,0.6243093922651933,0.8679029813968417,0.4185185185185185,0.33142972132248905,195.57079646017698,0.002394586153045289,True,MAR_Amb_AS_CBS_0003,645,226
1.6989700043360187,3.1968387323745606,0.8928571428571429,0.9498160428419254,0.5102040816326531,0.6550608959416083,207.1,0.04164705882352941,True,MAR_Amb_AS_CBS_0003,647,50
1.8325089127062364,2.001606481617688,0.8395061728395061,0.8662569693949377,0.5151515151515151,0.7746352316494564,201.0441176470588,0.018742791234140715,True,MAR_Amb_AS_CBS_0003,652,68
3.447623097760286,1.7428054559977542,0.5008040021440057,0.8190042096051012,0.3540035362465269,0.12697124375630217,206.75847306457368,0.007234545619889054,True,MAR_Amb_AS_CBS_0003,653,2803
2.456366033129043,4.6745378852100545,0.8033707865168539,0.9768501121991056,0.7333333333333333,0.4329303969094344,201.96503496503496,0.0023035787741670093,True,MAR_Amb_AS_CBS_0003,656,286
1.7160033436347992,2.380353307830109,0.9122807017543859,0.9074751777471515,0.52,0.8110399656987515,197.34615384615384,0.006334841628959276,True,MAR_Amb_AS_CBS_0003,660,52
2.2576785748691846,3.46640375591351,0.8302752293577982,0.957484891865429,0.6241379310344828,0.5086570207185299,221.32044198895028,0.032282526270176574,True,MAR_Amb_AS_CBS_0003,661,181
1.8512583487190752,1.8546457179252678,0.9726027397260274,0.8421863686184031,0.7244897959183674,0.8959725545718383,232.09859154929578,0.03612261806130903,True,MAR_Amb_AS_CBS_0003,664,71
2.45178643552429,3.7795373129446133,0.7164556962025317,0.9643630131042713,0.621978021978022,0.42227859753666663,210.80565371024736,0.006124852767962308,True,MAR_Amb_AS_CBS_0003,665,283
1.7558748556724915,2.132493934373325,0.9661016949152542,0.8832329390010808,0.6785714285714286,0.9044209553219189,200.21052631578948,0.005366357069143447,True,MAR_Amb_AS_CBS_0003,667,57
2.436162647040756,5.002016632034864,0.7398373983739838,0.9798123527504576,0.31022727272727274,0.3336741475183055,209.22710622710622,0.020484091072326367,True,MAR_Amb_AS_CBS_0003,671,273
1.8325089127062364,2.6167673210905487,0.9315068493150684,0.9240999327924418,0.6476190476190476,0.7588734637926687,211.80882352941177,0.019377162629757787,True,MAR_Amb_AS_CBS_0003,672,68
1.8388490907372552,2.0395466483570233,0.8846153846153846,0.871550898246102,0.7040816326530612,0.797638733212527,203.6231884057971,0.009150326797385621,True,MAR_Amb_AS_CBS_0003,673,69
2.4638929889859074,2.1048970959537967,0.7994505494505495,0.8799412005591204,0.521505376344086,0.5350778641329438,198.34707903780068,0.005848662489050603,True,MAR_Amb_AS_CBS_0003,674,291
1.8808135922807914,4.040820545790743,0.7524752475247525,0.9688944097571727,0.4222222222222222,0.525587976273219,194.43421052631578,0.0022703818369453044,True,MAR_Amb_AS_CBS_0003,678,76
3.6624745037503095,1.1035140206321816,0.39130064691862443,0.42285789046264843,0.2414390756302521,0.08847867528553063,216.618446813139,0.03170951217119434,True,MAR_Amb_AS_CBS_0003,684,4597
3.806519134080705,2.9417508524433083,0.5254737878414965,0.9404494339335886,0.3112244897959184,0.13080199322777963,226.05948477751755,0.024444750577826756,True,MAR_Amb_AS_CBS_0003,688,6405
1.6020599913279623,2.3666114456101623,0.8,0.9063419131007295,0.6060606060606061,0.6910187615881933,212.975,0.03833333333333334,True,MAR_Amb_AS_CBS_0003,691,40
1.6812412373755872,2.3849086883217776,0.8727272727272727,0.9078462269949588,0.6233766233766234,0.8443465028491659,196.1875,0.0031045751633986926,True,MAR_Amb_AS_CBS_0003,693,48
3.0633333589517497,2.443905934555251,0.4269372693726937,0.9124532136587943,0.24104166666666665,0.13492799357970034,205.95073465859983,0.012123985289880861,True,MAR_Amb_AS_CBS_0003,697,1157
1.6901960800285136,2.3999851871483915,0.9607843137254902,0.9090581641490417,0.5444444444444444,0.8845025938889486,202.18367346938774,0.009683873549419767,True,MAR_Amb_AS_CBS_0003,698,49
1.954242509439325,3.798901649166059,0.7692307692307693,0.9647320207579462,0.5625,0.5383527386422592,203.42222222222222,0.008540305010893246,True,MAR_Amb_AS_CBS_0003,699,90
2.012837224705172,1.2714056783187286,0.8956521739130435,0.6175507758608386,0.6130952380952381,0.8171522666505056,204.45631067961165,0.004987626118408529,True,MAR_Amb_AS_CBS_0003,700,103
1.6232492903979006,1.2744609345726374,0.9333333333333333,0.6199447436526446,0.75,1.0,198.64285714285714,0.007096171802054155,True,MAR_Amb_AS_CBS_0003,702,42
1.6989700043360187,1.0462013984148937,0.9803921568627451,0.29389111247145916,0.78125,1.0,215.84,0.01568627450980392,True,MAR_Amb_AS_CBS_0003,704,50
2.103803720955957,3.8160780200000426,0.654639175257732,0.9650545286080011,0.4276094276094276,0.3928900024904075,211.8188976377953,0.028408213679172456,True,MAR_Amb_AS_CBS_0003,705,127
2.1760912590556813,1.508107129904614,0.9493670886075949,0.7485459979178818,0.7352941176470589,0.8986474041951639,215.04666666666665,0.013019607843137253,True,MAR_Amb_AS_CBS_0003,706,150
1.8920946026904804,3.7437437908109024,0.7358490566037735,0.9636654093970694,0.5864661654135338,0.5149741919736286,202.0897435897436,0.017948717948717947,True,MAR_Amb_AS_CBS_0003,708,78
2.3384564936046046,1.7695752599208832,0.7315436241610739,0.8250173779264555,0.41762452107279696,0.4453912916043158,213.26146788990826,0.015884151825867963,True,MAR_Amb_AS_CBS_0003,709,218
4.063258279950456,2.9665707663503578,0.7781514866137494,0.9414725892677891,0.3890626576531127,0.2529199203436542,211.44597164591977,0.013238006129145987,True,MAR_Amb_AS_CBS_0003,713,11568
2.2764618041732443,2.000123968702557,0.675,0.8660432952770506,0.4846153846153846,0.45321475507206255,200.07407407407408,0.00736590932669364,True,MAR_Amb_AS_CBS_0003,715,189
1.7403626894942439,2.399537507410506,0.8870967741935484,0.9090225288731798,0.5288461538461539,0.7205669855357693,203.43636363636364,0.010409982174688057,True,MAR_Amb_AS_CBS_0003,716,55
2.3636119798921444,1.253839057966694,0.9506172839506173,0.6032521518672145,0.7129629629629629,0.9356966655985678,232.93939393939394,0.007350819115524997,True,MAR_Amb_AS_CBS_0003,720,231
1.9777236052888478,1.891442916670549,0.8558558558558559,0.8488106924418819,0.5588235294117647,0.6946434484138286,199.2,0.007884416924664604,True,MAR_Amb_AS_CBS_0003,721,95
2.3961993470957363,1.4936361305256083,0.7477477477477478,0.742805652814433,0.538961038961039,0.48373986371068484,203.9277108433735,0.010804000314985433,True,MAR_Amb_AS_CBS_0003,725,249
2.367355921026019,1.9550292376770404,0.8694029850746269,0.8592825020471078,0.6893491124260355,0.6453892566281065,228.12875536480686,0.021274089034755535,True,MAR_Amb_AS_CBS_0003,727,233
3.0195316845312554,1.2453847520624204,0.7651792245793709,0.5960265787617312,0.49644043663977216,0.47942638574310786,221.36424474187382,0.03804221497394369,True,MAR_Amb_AS_CBS_0003,730,1046
4.135673194419237,1.876986485094187,0.4512497110971704,0.8462607833125184,0.231616587862457,0.18154129031554184,233.48130533401624,0.00942416038633204,True,MAR_Amb_AS_CBS_0003,731,13667
1.7781512503836436,1.9224517222724962,0.8955223880597015,0.8540632867389487,0.625,0.8166745604731857,198.93333333333334,0.002679738562091503,True,MAR_Amb_AS_CBS_0003,732,60
1.6020599913279623,2.1661205303822166,0.9523809523809523,0.8870596485917742,0.5555555555555556,0.9058449937260661,233.95,0.11480392156862744,True,MAR_Amb_AS_CBS_0003,733,40
1.8195439355418688,3.9229590604962485,0.8354430379746836,0.9669648835772569,0.4583333333333333,0.5236121320284793,232.24242424242425,0.12204396910279264,True,MAR_Amb_AS_CBS_0003,734,66
2.0253058652647704,2.6894366935794047,0.848,0.9283028135708843,0.5578947368421052,0.6126790269603469,219.58490566037736,0.036958934517203106,True,MAR_Amb_AS_CBS_0003,736,106
1.9444826721501687,1.4353510763944228,0.967032967032967,0.717368760865745,0.7333333333333333,1.0,223.6931818181818,0.00998217468805704,True,MAR_Amb_AS_CBS_0003,739,88
1.6127838567197355,2.2096640266095084,0.9534883720930233,0.8917352300707182,0.7454545454545455,0.9020202229615727,215.78048780487805,0.032520325203252036,True,MAR_Amb_AS_CBS_0003,740,41
1.6020599913279623,2.6484316161789354,0.8333333333333334,0.9259761679671006,0.47619047619047616,0.6823101358515681,235.7,0.20588235294117646,True,MAR_Amb_AS_CBS_0003,742,40
1.8750612633917,4.825225558075388,0.8620689655172413,0.9782892427483558,0.3472222222222222,0.49355819828431036,221.41333333333333,0.08219607843137255,True,MAR_Amb_AS_CBS_0003,743,75
2.1492191126553797,2.508501898742003,0.7790055248618785,0.9171056192307162,0.47157190635451507,0.4836508360905589,194.70212765957447,0.004839382561535252,True,MAR_Amb_AS_CBS_0003,745,141
2.3180633349627615,1.5868185647684983,0.8739495798319328,0.7764395230953411,0.6459627329192547,0.6393116904375997,212.72115384615384,0.038763197586727,True,MAR_Amb_AS_CBS_0003,747,208
1.8864907251724818,4.184785160524635,0.8369565217391305,0.9710291918883044,0.34841628959276016,0.541181433881405,216.6103896103896,0.07221797810033104,True,MAR_Amb_AS_CBS_0003,750,77
2.6473829701146196,1.7839891425909638,0.4525993883792049,0.8281263160528449,0.2926829268292683,0.194722804401431,198.62387387387386,0.007127715951245363,True,MAR_Amb_AS_CBS_0003,752,444
1.6901960800285136,1.9235343628694126,0.9423076923076923,0.854241531128236,0.6125,0.9427755634815647,222.6734693877551,0.06258503401360545,True,MAR_Amb_AS_CBS_0003,756,49
1.6720978579357175,4.590861471454149,0.7966101694915254,0.975988056747686,0.3051948051948052,0.5917751099197943,202.12765957446808,0.02327909887359199,True,MAR_Amb_AS_CBS_0003,757,47
1.792391689498254,3.2640560119691577,0.8378378378378378,0.9519133797993392,0.44285714285714284,0.6283338862877141,204.75806451612902,0.024667931688804552,True,MAR_Amb_AS_CBS_0003,758,62
1.6020599913279623,4.417875325977439,0.8333333333333334,0.9740453023911487,0.30303030303030304,0.6998951856509569,220.625,0.14607843137254903,True,MAR_Amb_AS_CBS_0003,761,40
2.2095150145426308,1.7704183672149856,0.7105263157894737,0.8252016475922298,0.4602272727272727,0.5365274436198242,204.0185185185185,0.02263374485596708,True,MAR_Amb_AS_CBS_0003,763,162
1.9822712330395684,3.191762222675843,0.7559055118110236,0.949652045630504,0.34285714285714286,0.5318229067493411,229.30208333333334,0.05392156862745098,True,MAR_Amb_AS_CBS_0003,766,96
2.4727564493172123,2.3896169673671483,0.720873786407767,0.908227344493346,0.47368421052631576,0.4424831074536602,220.04040404040404,0.037499174754076714,True,MAR_Amb_AS_CBS_0003,768,297
2.741939077729199,7.277852769588746,0.6731707317073171,0.9905152045449487,0.26285714285714284,0.20292233891292985,202.3768115942029,0.0020531400966183576,True,MAR_Amb_AS_CBS_0003,769,552
1.6020599913279623,1.8590642970573887,0.9302325581395349,0.8430054565727407,0.6666666666666666,0.924798531260901,211.4,0.03254901960784314,True,MAR_Amb_AS_CBS_0003,770,40
3.079543007402906,1.145643986344303,0.7354562155541947,0.4879501218013701,0.44680059523809523,0.45358592598730274,217.4979184013322,0.006145205792558488,True,MAR_Amb_AS_CBS_0003,772,1201
2.584331224367531,3.710642692622063,0.573134328358209,0.9630017624549273,0.3404255319148936,0.2668719663911047,225.359375,0.038041258169934644,True,MAR_Amb_AS_CBS_0003,773,384
2.3710678622717363,2.5101204321997517,0.7532051282051282,0.9172173087484595,0.4835390946502058,0.4979190492683792,216.49787234042554,0.032807676261994156,True,MAR_Amb_AS_CBS_0003,776,235
2.6972293427597176,2.2559396361542934,0.7196531791907514,0.8963860327674242,0.5297872340425532,0.4048703476370534,232.86546184738955,0.02659264509016458,True,MAR_Amb_AS_CBS_0003,778,498
2.8870543780509568,2.5051068696805556,0.42857142857142855,0.9168705916363163,0.2677083333333333,0.181343531154511,209.51232166018158,0.012558175020981156,True,MAR_Amb_AS_CBS_0003,783,771
2.0453229787866576,2.064953276795252,0.9568965517241379,0.874917245205352,0.8161764705882353,0.8409077148759646,218.5855855855856,0.018441971383147855,True,MAR_Amb_AS_CBS_0003,785,111
1.9242792860618816,2.380715094635313,0.8484848484848485,0.9075047297980773,0.525,0.6395149870795891,206.3095238095238,0.013258636788048552,True,MAR_Amb_AS_CBS_0003,787,84
1.9242792860618816,1.378756007586931,0.9230769230769231,0.6884419028322627,0.5874125874125874,0.851291071744645,202.83333333333334,0.00522875816993464,True,MAR_Amb_AS_CBS_0003,788,84
1.6532125137753437,3.093710528574508,0.75,0.9463182335689992,0.5769230769230769,0.6658549425078488,197.62222222222223,0.016209150326797386,True,MAR_Amb_AS_CBS_0003,790,45
2.0755469613925306,2.266904721825329,0.7628205128205128,0.8974431450152658,0.4817813765182186,0.5914152304903835,209.05042016806723,0.03727137913989125,True,MAR_Amb_AS_CBS_0003,791,119
1.7481880270062005,1.8376119965456648,0.9180327868852459,0.838965559213589,0.6363636363636364,0.926732795611697,206.75,0.017366946778711485,True,MAR_Amb_AS_CBS_0003,795,56
1.7634279935629373,1.6301287483200824,0.9666666666666667,0.7897347431506231,0.6590909090909091,1.0,211.24137931034483,0.010953346855983773,True,MAR_Amb_AS_CBS_0003,796,58
1.8920946026904804,1.894986728435211,0.9629629629629629,0.8494257327259372,0.75,0.9150979916160761,209.92307692307693,0.0058320764203117145,True,MAR_Amb_AS_CBS_0003,797,78
1.7481880270062005,2.054626347897082,0.8615384615384616,0.8735655568937298,0.6153846153846154,0.753693834099163,200.48214285714286,0.016036414565826333,True,MAR_Amb_AS_CBS_0003,801,56
1.6812412373755872,1.4716890816483452,0.96,0.7336835190176233,0.7619047619047619,1.0,195.27083333333334,0.004738562091503268,True,MAR_Amb_AS_CBS_0003,802,48
1.9084850188786497,1.693413217118897,0.8617021276595744,0.8070205729237532,0.5664335664335665,0.8488963945141018,198.65432098765433,0.017816509319777293,True,MAR_Amb_AS_CBS_0003,805,81
3.074450718954591,2.0592052111468466,0.6482796286182414,0.8741676505859525,0.36579352850539293,0.22802373093432418,230.6882898062342,0.018633232568511817,True,MAR_Amb_AS_CBS_0003,806,1187
1.6812412373755872,2.6358238216584384,0.676056338028169,0.9252376585202873,0.34285714285714286,0.5678481218925008,201.39583333333334,0.03725490196078431,True,MAR_Amb_AS_CBS_0003,807,48
3.315970345456918,5.760279410882608,0.47509754418177647,0.9848157726589563,0.1501523284491513,0.12916742228073613,237.63574879227053,0.018706071800700958,True,MAR_Amb_AS_CBS_0003,809,2070
1.662757831681574,2.193126072269775,0.9787234042553191,0.8899950743389229,0.575,0.9270668157773627,212.45652173913044,0.026086956521739132,True,MAR_Amb_AS_CBS_0003,810,46
1.7075701760979363,2.6178096453266657,0.8360655737704918,0.9241628420220912,0.425,0.721733651105912,213.41176470588235,0.029834678969627066,True,MAR_Amb_AS_CBS_0003,811,51
2.5550944485783194,1.7012056133578206,0.6221837088388215,0.8089928937661808,0.41550925925925924,0.3012811137164885,211.18941504178272,0.03053143262876181,True,MAR_Amb_AS_CBS_0003,812,359
2.3180633349627615,3.1462799939418926,0.4531590413943355,0.9481458162499186,0.22857142857142856,0.23982663517013608,214.02884615384616,0.04728506787330317,True,MAR_Amb_AS_CBS_0003,813,208
1.9912260756924949,1.6327562674844571,0.8032786885245902,0.7905005854729104,0.5384615384615384,0.596014033417781,209.3673469387755,0.04069627851140456,True,MAR_Amb_AS_CBS_0003,814,98
1.9030899869919435,3.752108836116006,0.7339449541284404,0.9638302760529207,0.3137254901960784,0.46439912594252303,196.3375,0.00784313725490196,True,MAR_Amb_AS_CBS_0003,816,80
1.6989700043360187,1.45245581858578,0.9433962264150944,0.7252466880613821,0.625,1.0,198.32,0.010431372549019609,True,MAR_Amb_AS_CBS_0003,817,50
1.8195439355418688,3.043575989688635,0.868421052631579,0.94448279461576,0.42857142857142855,0.638476531039783,206.25757575757575,0.024717765894236483,True,MAR_Amb_AS_CBS_0003,819,66
1.6812412373755872,3.52430899575557,0.6666666666666666,0.9589001976735848,0.34285714285714286,0.5411954791404046,194.91666666666666,0.010620915032679739,True,MAR_Amb_AS_CBS_0003,820,48
2.413299764081252,1.801810830754575,0.7295774647887324,0.8318522026452315,0.4625,0.4668345029639153,207.8880308880309,0.025422060716178363,True,MAR_Amb_AS_CBS_0003,821,259
3.4825877695267677,5.022427751442038,0.5137831895822763,0.979977777280268,0.35428571428571426,0.15553769660838646,211.5059249506254,0.00893905949476565,True,MAR_Amb_AS_CBS_0003,827,3038
3.1565491513317814,2.617861743774456,0.6748235294117647,0.9241659843274638,0.48380566801619435,0.3614617944750132,239.05020920502093,0.010400087510596987,True,MAR_Amb_AS_CBS_0003,828,1434
2.290034611362518,2.5243030814337306,0.5891238670694864,0.9181862633377267,0.34759358288770054,0.3109685102611426,208.17435897435897,0.04076420311714429,True,MAR_Amb_AS_CBS_0003,833,195
2.8129133566428557,3.2674412496013083,0.5314799672935405,0.952015478546308,0.2822405557967868,0.23111644953702587,197.19846153846154,0.002033182503770739,True,MAR_Amb_AS_CBS_0003,835,650
1.6434526764861874,2.1752319797319557,0.9166666666666666,0.8880633572435862,0.55,0.8867595629174776,213.8181818181818,0.02067736185383244,True,MAR_Amb_AS_CBS_0003,837,44
1.7853298350107671,4.800106197169819,0.6703296703296703,0.9780588646294367,0.3630952380952381,0.38910931540368615,202.29508196721312,0.03709418193506911,True,MAR_Amb_AS_CBS_0003,838,61
2.606381365110605,1.4065695105825118,0.6755852842809364,0.7032429861133824,0.4221525600835946,0.4401565557819139,220.64356435643563,0.017579110852261697,True,MAR_Amb_AS_CBS_0003,843,404
2.0086001717619175,2.8559709809173563,0.8031496062992126,0.9366960284723437,0.4358974358974359,0.5553599502430413,207.1764705882353,0.018723567858515956,True,MAR_Amb_AS_CBS_0003,844,102
2.940516484932567,3.260804949258608,0.543980037429819,0.9518150179304683,0.2978142076502732,0.20231377850227344,199.5768348623853,0.006147688433171434,True,MAR_Amb_AS_CBS_0003,847,872
1.7708520116421442,3.070221059882046,0.8676470588235294,0.9454699132679713,0.6555555555555556,0.6584343288789332,206.91525423728814,0.021402459288800264,True,MAR_Amb_AS_CBS_0003,848,59
1.7075701760979363,2.02867889808224,0.8793103448275862,0.8700680468739996,0.7083333333333334,0.8092187494985591,216.50980392156862,0.030526720492118416,True,MAR_Amb_AS_CBS_0003,850,51
2.296665190261531,2.6837679985823173,0.7586206896551724,0.9279878517568162,0.4419642857142857,0.4563356309307005,198.63131313131314,0.005664488017429194,True,MAR_Amb_AS_CBS_0003,851,198
1.6020599913279623,5.628699247249781,0.9523809523809523,0.9840917591111984,0.2777777777777778,0.7089437467554239,203.1,0.023431372549019606,True,MAR_Amb_AS_CBS_0003,852,40
3.4102709642521845,2.439595449347351,0.7104972375690608,0.9121286577519779,0.56477821695213,0.26638310670073617,216.73094867807154,0.004703747751044431,True,MAR_Amb_AS_CBS_0003,857,2572
1.6901960800285136,1.1924932876053382,0.9245283018867925,0.544779790130483,0.765625,1.0,220.16326530612244,0.040976390556222486,True,MAR_Amb_AS_CBS_0003,860,49
1.6989700043360187,2.285729307604738,0.9090909090909091,0.8992198095284895,0.5555555555555556,0.7933517151946659,197.2,0.0032941176470588232,True,MAR_Amb_AS_CBS_0003,865,50
4.144698718643125,2.7661003754076576,0.2650030385900942,0.9323644397193509,0.1263194104973476,0.07215859511765219,232.62175720223593,0.022852678408327644,True,MAR_Amb_AS_CBS_0003,867,13954
1.6334684555795864,2.7316555103396385,0.9347826086956522,0.9305840242095261,0.7166666666666667,0.8055559866371492,195.09302325581396,0.005198358413132695,True,MAR_Amb_AS_CBS_0003,868,43
2.100370545117563,2.317812757142717,0.8129032258064516,0.9021410422772402,0.46153846153846156,0.5738741605709105,202.84126984126985,0.017615935262994088,True,MAR_Amb_AS_CBS_0003,869,126
2.27415784926368,5.106280558787329,0.706766917293233,0.9806364092217348,0.26704545454545453,0.34538905958606175,216.82978723404256,0.023821443471005423,True,MAR_Amb_AS_CBS_0003,873,188
2.7788744720027396,1.6214558035993523,0.8659942363112392,0.787174974261935,0.5707502374169041,0.6530576160518757,215.36439267886854,0.009011125248768393,True,MAR_Amb_AS_CBS_0003,878,601
2.380211241711606,2.6979491175074837,0.8333333333333334,0.9287718556372135,0.43956043956043955,0.5291225315710609,202.3875,0.009297385620915031,True,MAR_Amb_AS_CBS_0003,881,240
2.0170333392987803,1.751806923963304,0.9203539823008849,0.8210619031600029,0.5416666666666666,0.7824069542873057,205.80769230769232,0.011161387631975868,True,MAR_Amb_AS_CBS_0003,885,104
2.03342375548695,2.09638524272644,0.8120300751879699,0.8788970186251619,0.5454545454545454,0.6402244092120716,200.82407407407408,0.013979665940450255,True,MAR_Amb_AS_CBS_0003,888,108
2.089905111439398,3.1770686212427544,0.825503355704698,0.9491727661666248,0.4019607843137255,0.560210490081127,217.260162601626,0.026239438864976886,True,MAR_Amb_AS_CBS_0003,889,123
3.327767489902729,1.1093158615204273,0.7400835073068893,0.4328696902387187,0.6330357142857143,0.3650433709959878,229.65021156558532,0.011324059478046038,True,MAR_Amb_AS_CBS_0003,892,2127
1.863322860120456,1.4009992359528143,0.9012345679012346,0.7003737898187172,0.7373737373737373,0.8879392742754697,213.86301369863014,0.026054257319366104,True,MAR_Amb_AS_CBS_0003,897,73
2.146128035678238,1.753584604453774,0.6334841628959276,0.8214639272762713,0.38461538461538464,0.32911848428506607,208.49285714285713,0.12291316526610643,True,MAR_Amb_AS_CBS_0003,898,140
1.9030899869919435,6.733703096659578,0.5755395683453237,0.9889114020917853,0.2909090909090909,0.34642160526510746,217.125,0.053627450980392156,True,MAR_Amb_AS_CBS_0003,899,80
1.8388490907372552,2.661290678705158,0.6106194690265486,0.9267180164693497,0.40588235294117647,0.4196425337329275,235.34782608695653,0.135436203466894,True,MAR_Amb_AS_CBS_0003,900,69
1.8260748027008264,1.5179955728712795,0.9436619718309859,0.752350129610612,0.7613636363636364,0.979812864078453,196.9402985074627,0.0005267778753292362,True,MAR_Amb_AS_CBS_0003,901,67
1.6901960800285136,2.550259027758091,0.8909090909090909,0.9199153403766025,0.5104166666666666,0.7642491984469003,214.12244897959184,0.048499399759903965,True,MAR_Amb_AS_CBS_0003,904,49
1.8692317197309762,1.8626455241456457,0.7474747474747475,0.8436644711487673,0.44047619047619047,0.5520677404774518,206.71621621621622,0.05977742448330684,True,MAR_Amb_AS_CBS_0003,905,74
2.8260748027008264,3.5234990590859385,0.49814126394052044,0.9588808953398443,0.25321239606953894,0.13830707032264405,208.67611940298508,0.02607550482879719,True,MAR_Amb_AS_CBS_0003,907,670
3.7701152947871015,1.8746559118298367,0.4279590205623774,0.8458434417260398,0.3048654244306418,0.04888324338543796,202.5786078098472,0.007099437398049203,True,MAR_Amb_AS_CBS_0003,910,5890
2.0293837776852097,1.5554630080851222,0.9067796610169492,0.7659539902718122,0.5572916666666666,0.7823878840029438,220.98130841121494,0.023199560197910942,True,MAR_Amb_AS_CBS_0003,914,107
3.9575594018974796,1.57316335630806,0.323950705483122,0.7719675870261868,0.2138814206877034,0.1119275504413014,245.60370492887859,0.023571355987537807,True,MAR_Amb_AS_CBS_0003,921,9069
1.7634279935629373,2.894752959697705,0.7733333333333333,0.9384361917286251,0.5523809523809524,0.543281944476217,200.60344827586206,0.02420554428668019,True,MAR_Amb_AS_CBS_0003,922,58
1.6334684555795864,3.969382902630288,0.7543859649122807,0.9677458949943393,0.6142857142857143,0.6114334753001616,211.62790697674419,0.10077519379844961,True,MAR_Amb_AS_CBS_0003,923,43
1.9637878273455553,2.7484865429799696,0.7931034482758621,0.9314627894987271,0.416289592760181,0.5081460154199464,199.09782608695653,0.013469735720375107,True,MAR_Amb_AS_CBS_0003,924,92
1.9030899869919435,3.1396119660173376,0.7207207207207207,0.9479192660796506,0.3508771929824561,0.42690824277581896,205.1125,0.025784313725490195,True,MAR_Amb_AS_CBS_0003,925,80
3.401228167498113,7.57681119239934,0.39114906832298135,0.9912521604305515,0.17136054421768707,0.08552523644931102,204.22826518459706,0.0078104445430415125,True,MAR_Amb_AS_CBS_0003,935,2519
2.5237464668115646,1.6622117084209103,0.571917808219178,0.7987914083576888,0.3471933471933472,0.2908642279821849,204.48203592814372,0.02018316308559352,True,MAR_Amb_AS_CBS_0003,937,334
1.9731278535996986,4.223804934865353,0.8703703703703703,0.9715697852881948,0.6394557823129252,0.554807514797695,233.96808510638297,0.09002920317062996,True,MAR_Amb_AS_CBS_0003,942,94
3.66162340922923,5.72241594736116,0.5531042796865582,0.9846125940197616,0.28195673549655853,0.12491012396593812,230.93635571054926,0.015502504401935142,True,MAR_Amb_AS_CBS_0003,948,4588
2.1367205671564067,2.6795313633713223,0.7784090909090909,0.9277510807062012,0.40058479532163743,0.5387904756586036,211.98540145985402,0.025561757549735224,True,MAR_Amb_AS_CBS_0003,949,137
2.0086001717619175,1.5935291269180063,0.8947368421052632,0.7785859763362404,0.5666666666666667,0.7765539128823581,203.42156862745097,0.00784313725490196,True,MAR_Amb_AS_CBS_0003,951,102
3.0464951643347082,1.5044991658284224,0.7102744097000638,0.7471343789044359,0.4756410256410256,0.41545737534334914,204.46181491464512,0.01469619294258584,True,MAR_Amb_AS_CBS_0003,953,1113
2.0,2.8506146485528987,0.6172839506172839,0.9364498286960121,0.45454545454545453,0.3966758575973329,198.23,0.011333333333333334,True,MAR_Amb_AS_CBS_0003,955,100
1.662757831681574,1.782698134722603,0.9583333333333334,0.8278514004434003,0.7666666666666667,1.0,208.82608695652175,0.028132992327365727,True,MAR_Amb_AS_CBS_0003,960,46
3.833656996892872,7.47215770110598,0.5227725808925011,0.991004283768817,0.20060021183947274,0.11486463483968778,223.41390437078323,0.01820095594706055,True,MAR_Amb_AS_CBS_0003,965,6818
3.649918718735419,4.156817430199612,0.2833756345177665,0.9706321237809855,0.09541715628672151,0.07366592632567644,237.99574563367668,0.02724814063556457,True,MAR_Amb_AS_CBS_0003,969,4466
2.0863598306747484,1.2470497574692792,0.8970588235294118,0.5974681769776242,0.580952380952381,0.7965871268593917,212.18032786885246,0.017454194792671164,True,MAR_Amb_AS_CBS_0003,982,122
2.164352855784437,1.0684377638136053,0.7807486631016043,0.35214368508331567,0.5367647058823529,0.6461965855653892,199.54109589041096,0.01077088369594413,True,MAR_Amb_AS_CBS_0003,983,146
1.9030899869919435,1.4017130591976816,0.8080808080808081,0.7007440444571499,0.5714285714285714,0.6457689698456713,200.325,0.025784313725490195,True,MAR_Amb_AS_CBS_0003,986,80
3.0429690733931802,1.1214856746301303,0.556732223903177,0.4526774451972895,0.39499105545617175,0.15199189942173127,208.67753623188406,0.01009164535379369,True,MAR_Amb_AS_CBS_0003,988,1104
2.60422605308447,1.8299680550079573,0.6655629139072847,0.8374867535588346,0.4652777777777778,0.22361614422301374,205.36069651741295,0.0094332260267291,True,MAR_Amb_AS_CBS_0003,990,402
1.6989700043360187,1.0253735117746314,0.9803921568627451,0.22108575360892002,0.78125,1.0,210.52,0.01027450980392157,True,MAR_Amb_AS_CBS_0003,995,50
3.296665190261531,3.3489804098755953,0.49241482218353644,0.95437887118212,0.2830188679245283,0.205062242837447,238.11111111111111,0.026949891067538125,True,MAR_Amb_AS_CBS_0003,1012,1980
3.458939861890326,2.0875612766746334,0.5750549670197881,0.8777997006065292,0.3180059688294462,0.2700536708652687,241.5773375043448,0.024088272778697854,True,MAR_Amb_AS_CBS_0003,1020,2877
3.7157527168228595,2.4623253100592333,0.5003851338340073,0.913819675200284,0.28140567468052846,0.19611806910603646,229.71656725033674,0.0273762766603659,True,MAR_Amb_AS_CBS_0003,1021,5197
1.8573324964312685,2.326362380868577,0.7272727272727273,0.902897627143685,0.42857142857142855,0.5221357542597962,206.29166666666666,0.06465141612200435,True,MAR_Amb_AS_CBS_0003,1023,72
3.8972971220594967,7.038616202529555,0.5293013276116401,0.9898561281670972,0.3103719430683337,0.09241948023718134,224.80288826957184,0.025942761193659118,True,MAR_Amb_AS_CBS_0003,1028,7894
2.621176281775035,2.6108589926724557,0.7359154929577465,0.9237418303067761,0.5160493827160494,0.2934894043951724,205.55263157894737,0.0370485036119711,True,MAR_Amb_AS_CBS_0003,1033,418
4.4837156409037995,3.538140157982846,0.43976495047789554,0.9592277181227563,0.21306555863342566,0.10522457374550817,229.09593223677732,0.012845039522752863,True,MAR_Amb_AS_CBS_0003,1036,30459
1.6532125137753437,3.865964620054144,0.8333333333333334,0.9659663786086804,0.4017857142857143,0.6125059203548893,199.95555555555555,0.027276688453159042,True,MAR_Amb_AS_CBS_0003,1043,45
2.113943352306837,3.512429195292946,0.5579399141630901,0.9586157001750019,0.30952380952380953,0.29961430313631837,211.5076923076923,0.09016591251885368,True,MAR_Amb_AS_CBS_0003,1047,130
2.0,1.298261332072829,0.704225352112676,0.6377288430048216,0.4444444444444444,0.5087724279008407,219.58,0.07776470588235293,True,MAR_Amb_AS_CBS_0003,1050,100
3.658106835506393,6.588792622316712,0.5728851963746223,0.988415395656749,0.38198757763975155,0.16284259911799617,235.54427598330037,0.019899957346155336,True,MAR_Amb_AS_CBS_0003,1052,4551
2.884228769632604,2.527853462873504,0.39750908147379344,0.9184261176448149,0.25593050451052457,0.2127798344634218,233.7402088772846,0.02134848717554907,False,MAR_Amb_AS_CBS_0003,1077,766
1.6020599913279623,5.1032447394378595,0.7017543859649122,0.9806131365373767,0.625,0.4993287764543345,209.3,0.05892156862745098,False,MAR_Amb_AS_CBS_0003,1086,40
2.9180303367848803,3.7401941528573412,0.6183719193427931,0.9635951064905678,0.34966216216216217,0.3172671459721831,241.92753623188406,0.021350762527233117,False,MAR_Amb_AS_CBS_0003,1094,828
2.3654879848909,2.578849056562491,0.7918088737201365,0.921756213386868,0.42962962962962964,0.5114851138520257,237.9655172413793,0.03537863421230561,False,MAR_Amb_AS_CBS_0003,1096,232
3.291368850451583,3.1374444571966063,0.5720971044164961,0.9478453007051251,0.4416346805147889,0.1955387916443904,229.9780163599182,0.022771562612775173,True,MAR_Amb_AS_CBS_0003,1100,1956
3.5241363765925686,3.1984782633886315,0.4851959361393324,0.9498688352998632,0.26281446540880504,0.20802018838287847,240.72031109781634,0.01700363064759257,True,MAR_Amb_AS_CBS_0003,1106,3343
2.776701183988411,1.6652213800082696,0.565752128666036,0.7996091689552314,0.359375,0.3071995122050342,217.2742474916388,0.014263230375762345,True,MAR_Amb_AS_CBS_0003,1108,598
4.165125569088229,2.627450731976235,0.376173452328901,0.9247409825670313,0.20775568181818183,0.08691261168061241,231.03363872555724,0.016146641892091175,True,MAR_Amb_AS_CBS_0003,1110,14626
1.806179973983887,3.863755649929252,0.6881720430107527,0.9659267658159215,0.5079365079365079,0.4469327273206218,207.0,0.04007352941176471,True,MAR_Amb_AS_CBS_0003,1113,64
3.35237549500052,1.7503275629318378,0.4966902030008826,0.820726259279537,0.3171315863623556,0.1867380299013814,240.15148822745448,0.041656431564184984,True,MAR_Amb_AS_CBS_0003,1142,2251
3.383815365980431,3.2667901121647334,0.7716836734693877,0.9519958657462106,0.40226063829787234,0.4036124042997357,249.78223140495868,0.013882677037757252,True,MAR_Amb_AS_CBS_0003,1146,2420
3.7797407511767407,4.933196848390626,0.5725423084236547,0.9792391642142696,0.19789681235622741,0.18054693696508936,247.42527399535038,0.018816626617435418,True,MAR_Amb_AS_CBS_0003,1147,6022
3.2111205412580492,3.3766585886990144,0.656969696969697,0.9551412087396164,0.3169590643274854,0.25069243520812473,240.1408364083641,0.022318693775173044,True,MAR_Amb_AS_CBS_0003,1163,1626
3.8812705039293576,2.5216606538363613,0.517691888949374,0.9180070490869083,0.2983529411764706,0.1193822104153856,205.3937960042061,0.006655532875610813,True,MAR_Amb_AS_CBS_0004,14,7608
4.0508435809569185,3.0335040762384557,0.5528943097427826,0.9441025939669999,0.260080971659919,0.19557530967736086,224.57952321650953,0.015391511523663014,True,MAR_Amb_AS_CBS_0004,33,11242
4.320727726644173,2.9573934829781545,0.36186326382404815,0.9410974022602538,0.15295450392837567,0.07596365023435887,217.55021980122325,0.01284047640462913,True,MAR_Amb_AS_CBS_0004,204,20928
3.967875445548033,2.206429653710177,0.3696612665684831,0.8913982440758197,0.2112314060865214,0.1265073305964125,212.70227199310864,0.011562019014561786,True,MAR_Amb_AS_CBS_0004,317,9287
4.3989290729854345,2.097922903068339,0.42744067825523274,0.8790866825209898,0.22770810614322065,0.14883393511291965,207.2557369198228,0.008669801480076405,True,MAR_Amb_AS_CBS_0004,363,25057
4.268086304447384,2.160107843307155,0.3250460243710003,0.886389697421716,0.1837108825336425,0.09115455381916747,210.82922487728572,0.009164358337325975,True,MAR_Amb_AS_CBS_0004,476,18539
3.868879446237088,4.310537317634837,0.4327772900204858,0.972718256736834,0.21119076861557795,0.11681985817390028,203.8489315661347,0.03148498782796862,True,MAR_Amb_AS_CBS_0004,574,7394
4.543459606069367,4.981546195830814,0.37333233638470825,0.9796443724363626,0.14453611231726735,0.06148171634279144,203.05201567909359,0.011261255954414613,True,MAR_Amb_AS_CBS_0004,578,34951
4.6943858028784335,1.9204651475972587,0.32085370757078563,0.853735338366194,0.17374280095519035,0.0822258559019484,194.8366043456291,0.00955348809559195,True,MAR_Amb_AS_CBS_0004,622,49475
4.24462342843235,2.417865092818857,0.3253978546417919,0.9104641465503613,0.19412024756852342,0.10034166662416516,210.8092689592348,0.009413640199874073,True,MAR_Amb_AS_CBS_0004,757,17564
4.244845909032436,1.3942423350887976,0.35664562742272643,0.6968309254800927,0.19509947597477573,0.10569620726438468,212.8396972628464,0.016745385913996852,True,MAR_Amb_AS_CBS_0004,799,17573
4.131073048034346,3.3641887687799152,0.4627836145238014,0.954800157507287,0.25929973922380734,0.14621395617051353,218.5984618797604,0.016233780356777777,True,MAR_Amb_AS_CBS_0004,825,13523
4.318814348760659,3.360615432731442,0.5454735850044505,0.9547017031207086,0.4216106839336301,0.18791263820347026,203.62910347475523,0.010379659638860344,True,MAR_Amb_AS_CBS_0004,884,20836
4.01736728355353,3.4400651152032258,0.5852780745655963,0.9568166288087486,0.46245445658935397,0.2128332078193833,210.6432551883167,0.017215641060421092,True,MAR_Amb_AS_CBS_0004,898,10408
3.9777693180915743,3.4515906745515696,0.748935834778496,0.957110995169331,0.4247585836909871,0.26166835601911387,226.70318913798548,0.008551834585007563,True,MAR_Amb_AS_CBS_0004,918,9501
3.9607560909017727,2.130737412191031,0.37618380960223996,0.8830275854087271,0.19074263523811513,0.1272698822969923,219.4335595446585,0.01697185879605783,True,MAR_Amb_AS_CBS_0004,924,9136
4.207445853984251,2.77661044339518,0.3369769677716006,0.9328938873166389,0.16681496502917684,0.0960746495728671,206.1413508652236,0.0069621646338868,True,MAR_Amb_AS_CBS_0004,1014,16123
4.11968469182405,3.5141519462343895,0.39506357965451055,0.958657140811109,0.19737196967426807,0.07949700668091216,193.8968344340697,0.021995376758461676,True,MAR_Amb_AS_CBS_0004,1111,13173
4.080373916701309,3.174235953238467,0.41787053757466314,0.9490795753603369,0.20089151557648002,0.1352456775467326,215.76281891465138,0.01684061640944918,True,MAR_Amb_AS_CBS_0004,1148,12033
4.179264464339026,1.952814819661267,0.6159553218376748,0.8589369690263928,0.39302900247106254,0.2954866619375365,216.92336201191264,0.0077678722051361905,True,MAR_Amb_AS_CBS_0004,1163,15110
3.5459253293558426,2.5155691322980416,0.8664037466107961,0.9175916227617111,0.5366412213740458,0.37749858787722085,228.7402560455192,0.02451454550525758,True,MAR_Amb_AS_ETD_0001,1,3515
3.852723910791206,3.9677948632142512,0.7311165845648604,0.96771964087039,0.49627307558342043,0.2109758683016506,208.92518248175182,0.023355462342151908,True,MAR_Amb_AS_ETD_0001,2,7124
2.905256048748451,2.5965159014824124,0.8663793103448276,0.9228617158964492,0.5491803278688525,0.43246770580036287,251.4726368159204,0.04316164276655936,True,MAR_Amb_AS_ETD_0001,3,804
3.2286569581089353,2.766793552991634,0.7929742388758783,0.9323995539856351,0.5141208624354692,0.3923772704287234,252.14943886591848,0.039403310054086614,True,MAR_Amb_AS_ETD_0001,4,1693
2.093421685162235,1.2359269485139712,0.9323308270676691,0.5876581703299122,0.6888888888888889,0.881601755083954,255.0,0.010404807084123972,True,MAR_Amb_AS_ETD_0001,17,124
1.724275869600789,1.9068865453971708,0.9137931034482759,0.8514627748823768,0.5353535353535354,0.8618420958559636,255.0,0.06311505734369219,True,MAR_Amb_AS_ETD_0001,25,53
2.4608978427565478,4.1686252599946245,0.774798927613941,0.970800758668117,0.3473557692307692,0.3855515067569115,254.32179930795849,0.07966619173621005,True,MAR_Amb_AS_ETD_0001,39,289
2.3560258571931225,1.1764582537422408,0.941908713692946,0.5267683076274142,0.6305555555555555,0.903678656710516,246.72246696035242,0.011384641962511878,True,MAR_Amb_AS_ETD_0002,72,227
2.930949031167523,1.5085825612819248,0.8521478521478522,0.7487310584291493,0.5667774086378737,0.5626615569023798,224.99648300117232,0.0063489874261545174,True,MAR_Amb_AS_ETD_0002,83,853
2.4099331233312946,1.5239301204969917,0.9379562043795621,0.7545886934443158,0.6692708333333334,0.8260551185802473,244.61867704280155,0.010254062714579995,True,MAR_Amb_AS_ETD_0002,84,257
1.8388490907372552,3.7982819220089,0.7666666666666667,0.9647203007311721,0.45098039215686275,0.5104887892560173,228.97101449275362,0.019494174481386756,True,MAR_Amb_AS_ETD_0002,85,69
2.5024271199844326,2.59725815189468,0.7737226277372263,0.9229076403353758,0.4386206896551724,0.5027500392714761,240.99056603773585,0.008336416327537304,True,MAR_Amb_AS_ETD_0002,87,318
1.6901960800285136,2.161490268534964,0.875,0.8865442712737667,0.6363636363636364,0.8619370549918568,226.57142857142858,0.017927170868347338,True,MAR_Amb_AS_ETD_0002,89,49
3.513617073787875,5.221096285475404,0.7157271331432332,0.9814866313722692,0.2230958566935594,0.2568043210495048,233.1682500766166,0.003932385090107143,True,MAR_Amb_AS_ETD_0002,91,3263
1.8976270912904414,4.0477820417159425,0.6694915254237288,0.9690030202835535,0.29044117647058826,0.41627759940538006,231.25316455696202,0.023678332092330605,True,MAR_Amb_AS_ETD_0002,98,79
1.9912260756924949,2.316687517275367,0.8909090909090909,0.9020407941884059,0.5240641711229946,0.737268091539961,222.8469387755102,0.0038015206082432974,True,MAR_Amb_AS_ETD_0002,100,98
1.724275869600789,2.541661734974108,0.8688524590163934,0.9193488465900375,0.5096153846153846,0.6586566558568328,222.60377358490567,0.004957454679985201,True,MAR_Amb_AS_ETD_0002,102,53
2.711807229041191,1.3848901294422031,0.6803170409511229,0.6918106684278998,0.48402255639097747,0.34504200677106994,237.873786407767,0.009023415191319245,True,MAR_Amb_AS_ETD_0002,103,515
2.1172712956557644,1.3854124766915195,0.8136645962732919,0.6920947161394753,0.4924812030075188,0.6555194509088399,234.67175572519085,0.01924861547672504,True,MAR_Amb_AS_ETD_0002,109,131
1.6334684555795864,2.3010316017307173,0.7166666666666667,0.9006295258753115,0.41346153846153844,0.5709631431685673,224.27906976744185,0.017601459188326493,True,MAR_Amb_AS_ETD_0002,110,43
2.7902851640332416,1.1841665585516088,0.7415865384615384,0.5355937134395459,0.5379250217959896,0.49387539993068647,242.29821717990276,0.009063463310770013,True,MAR_Amb_AS_ETD_0002,111,617
2.439332693830263,6.018851865682575,0.5813953488372093,0.9861013930110895,0.24909420289855072,0.21927266749183133,229.26545454545453,0.017540106951871658,True,MAR_Amb_AS_ETD_0002,114,275
2.1789769472931693,2.315799669307424,0.7864583333333334,0.9019615844035739,0.527972027972028,0.5539564091001238,231.72847682119206,0.013582651603687834,True,MAR_Amb_AS_ETD_0002,116,151
2.3502480183341627,1.6301963267933053,0.8818897637795275,0.7897544959646484,0.5358851674641149,0.70127998400235,235.47767857142858,0.0195203081232493,True,MAR_Amb_AS_ETD_0002,117,224
2.359835482339888,2.227760095808119,0.8910505836575876,0.8935913591868856,0.5871794871794872,0.6737258363277027,238.235807860262,0.009743984930216628,True,MAR_Amb_AS_ETD_0002,118,229
1.8260748027008264,2.595096857397052,0.8481012658227848,0.9227738008675558,0.4652777777777778,0.679005973891562,237.8955223880597,0.034474685396546675,True,MAR_Amb_AS_ETD_0002,119,67
2.012837224705172,3.0798371201601813,0.7054794520547946,0.9458196357787626,0.3576388888888889,0.4353367026087124,236.76699029126215,0.03300970873786408,True,MAR_Amb_AS_ETD_0002,122,103
2.146128035678238,3.462676513246814,0.8484848484848485,0.9573912779454451,0.5982905982905983,0.5076319833081351,228.7642857142857,0.008291316526610644,True,MAR_Amb_AS_ETD_0002,124,140
1.845098040014257,1.5649905702078082,0.9459459459459459,0.7692221139912994,0.7,0.9681883773454033,247.0,0.022128851540616248,True,MAR_Amb_AS_ETD_0002,126,70
1.8692317197309762,6.164722927291451,0.6166666666666667,0.9867557184605072,0.2569444444444444,0.3451543039437179,219.95945945945945,0.007048224695283519,True,MAR_Amb_AS_ETD_0002,129,74
2.3384564936046046,3.1570607730590323,0.8582677165354331,0.94850895452377,0.6488095238095238,0.5775711131336724,240.4862385321101,0.014265155603525813,True,MAR_Amb_AS_ETD_0002,130,218
3.1222158782728267,1.1533070372352734,0.8391386953768207,0.4981832060284657,0.6264775413711584,0.5617309183855436,227.9056603773585,0.009509433962264151,True,MAR_Amb_AS_ETD_0002,131,1325
3.434888120867316,3.190186629208456,0.6806701675418855,0.9496009808555469,0.3703401360544218,0.2737208017023459,238.81631153563555,0.008155767817781042,True,MAR_Amb_AS_ETD_0002,134,2722
2.110589710299249,2.986678566277195,0.832258064516129,0.9422820725635345,0.37941176470588234,0.5135442586592799,228.45736434108528,0.018148654810761514,True,MAR_Amb_AS_ETD_0002,136,129
1.7160033436347992,1.8430709999933408,0.8524590163934426,0.8400088513648002,0.5416666666666666,0.76569329047576,227.34615384615384,0.020211161387631977,True,MAR_Amb_AS_ETD_0002,137,52
2.558708570533166,5.0871441383035005,0.6716141001855288,0.980489002249763,0.25086625086625086,0.26848487895927076,168.25138121546962,0.0,True,MAR_Amb_AS_ETD_0002,140,362
2.8068580295188172,3.2454111278305233,0.6520854526958291,0.9513451124491957,0.3826865671641791,0.238562559130045,231.8361934477379,0.004649597748615827,True,MAR_Amb_AS_ETD_0002,141,641
1.7075701760979363,2.8583468945661195,0.9444444444444444,0.9368047720745977,0.4722222222222222,0.7509684195050722,242.90196078431373,0.05167243367935409,True,MAR_Amb_AS_ETD_0002,143,51
1.6989700043360187,1.4220216480158059,0.9803921568627451,0.7109681849075941,0.7142857142857143,1.0,235.36,0.016784313725490198,True,MAR_Amb_AS_ETD_0002,145,50
2.146128035678238,2.6013869029580112,0.7142857142857143,0.9231623354243399,0.4166666666666667,0.4118847907680278,221.80714285714285,0.018151260504201683,True,MAR_Amb_AS_ETD_0002,146,140
2.419955748489758,1.2432526767987342,0.8679867986798679,0.5941669739014005,0.6018306636155606,0.7232662153624806,233.27756653992395,0.006307313800044733,True,MAR_Amb_AS_ETD_0002,147,263
2.247973266361807,1.6170196660015124,0.815668202764977,0.7858464479857745,0.472,0.5645274493971513,233.5819209039548,0.024637199512573392,True,MAR_Amb_AS_ETD_0002,150,177
1.8808135922807914,1.6937570266016002,0.926829268292683,0.8071082706973701,0.5757575757575758,0.8657687883140981,223.32894736842104,0.0020639834881320948,True,MAR_Amb_AS_ETD_0002,151,76
2.4638929889859074,2.3821135243043603,0.8738738738738738,0.907618822963928,0.49489795918367346,0.6072982418140148,245.659793814433,0.011077420658985244,True,MAR_Amb_AS_ETD_0002,153,291
1.9344984512435677,1.2140550544700697,0.9555555555555556,0.5670463641603731,0.7166666666666667,0.9941584211054687,228.2325581395349,0.013406292749658003,True,MAR_Amb_AS_ETD_0002,154,86
2.24551266781415,3.2727540329855063,0.7457627118644068,0.9521750518055945,0.4055299539170507,0.4018877567948606,237.3693181818182,0.03150623885918003,True,MAR_Amb_AS_ETD_0002,155,176
3.570192561095726,1.668079065559118,0.8396205105037271,0.8003807728770612,0.5114199229499174,0.4958557509766547,246.11810599946193,0.006581314258283351,True,MAR_Amb_AS_ETD_0002,156,3717
3.0322157032979815,1.432491970196837,0.6365248226950354,0.7160156845015179,0.38382038488952247,0.32797982908796053,235.86908077994428,0.010745170863145628,True,MAR_Amb_AS_ETD_0002,157,1077
2.806179973983887,1.4287001717199062,0.6859592711682744,0.7142046666484774,0.4878048780487805,0.31392409013224437,231.5375,0.011580882352941177,True,MAR_Amb_AS_ETD_0002,159,640
2.2227164711475833,1.8861422243533403,0.835,0.8478834187209522,0.5170278637770898,0.643370251852646,230.34131736526948,0.005753199483386168,True,MAR_Amb_AS_ETD_0002,160,167
1.6989700043360187,1.442717687897124,0.9433962264150944,0.7208065411403058,0.7142857142857143,1.0,236.72,0.020941176470588234,True,MAR_Amb_AS_ETD_0002,162,50
1.6232492903979006,2.8085442466491117,0.7636363636363637,0.9344644878167819,0.5454545454545454,0.6664154407635193,225.73809523809524,0.011484593837535013,True,MAR_Amb_AS_ETD_0002,163,42
2.012837224705172,1.4597676702515132,0.911504424778761,0.7285049688411834,0.6688311688311688,0.9059134353485837,237.29126213592232,0.017513801637159716,True,MAR_Amb_AS_ETD_0002,164,103
2.123851640967086,3.4939101525862872,0.875,0.9581662325944034,0.37254901960784315,0.5262491058196612,236.22556390977442,0.04405130473241928,True,MAR_Amb_AS_ETD_0002,165,133
1.806179973983887,1.8818728529408204,0.8648648648648649,0.847130108306837,0.5470085470085471,0.739838825008721,245.234375,0.047610294117647056,True,MAR_Amb_AS_ETD_0002,169,64
2.56702636615906,2.261165260020356,0.762396694214876,0.8968918937244009,0.47307692307692306,0.453176398468772,232.00542005420056,0.018194378022211598,True,MAR_Amb_AS_ETD_0002,170,369
2.952792443044092,1.6879588890457489,0.6216216216216216,0.8056208347871036,0.3894919669995658,0.3441998484206323,238.53957636566332,0.027214899337661483,True,MAR_Amb_AS_ETD_0002,171,897
1.7708520116421442,1.3549045375919615,0.7866666666666666,0.6747357666779024,0.5363636363636364,0.639795479586178,225.6949152542373,0.015885676304420074,True,MAR_Amb_AS_ETD_0002,172,59
2.167317334748176,2.2493902845932383,0.7903225806451613,0.8957466363970761,0.4803921568627451,0.5595756136946404,233.6326530612245,0.018780845671601973,True,MAR_Amb_AS_ETD_0002,175,147
1.806179973983887,1.6161826142253515,0.9552238805970149,0.7855942882580926,0.7272727272727273,1.0,243.46875,0.022487745098039216,True,MAR_Amb_AS_ETD_0002,177,64
3.3688445068258215,1.7056915325966115,0.45601716403354786,0.8101139318540138,0.291958041958042,0.13212449001020463,232.80410607356714,0.018380046629430217,True,MAR_Amb_AS_ETD_0002,178,2338
2.2095150145426308,1.8282448996444844,0.8526315789473684,0.8371504612589628,0.5142857142857142,0.684704328374868,246.6851851851852,0.039845073832001934,True,MAR_Amb_AS_ETD_0002,179,162
1.724275869600789,4.448785019707094,0.4732142857142857,0.9744094309167279,0.2548076923076923,0.40350350375259786,224.11320754716982,0.032260451350351466,True,MAR_Amb_AS_ETD_0002,180,53
2.247973266361807,1.7674037781096976,0.885,0.8245413732055251,0.6210526315789474,0.7387751807634411,241.75141242937852,0.008751523208153318,True,MAR_Amb_AS_ETD_0002,181,177
1.863322860120456,1.0895568815422538,0.8488372093023255,0.39703306121186116,0.553030303030303,0.7650547753028325,237.57534246575344,0.025087295192049424,True,MAR_Amb_AS_ETD_0002,182,73
2.670245853074124,2.8919935584104013,0.5473684210526316,0.938314789959926,0.3611111111111111,0.1982439017310157,224.6517094017094,0.009795542148483325,True,MAR_Amb_AS_ETD_0002,184,468
3.318689269947746,1.4224688094749502,0.6706374758531873,0.711186771744696,0.44394714407502134,0.3654721776779746,241.80220835333654,0.008067173100637278,True,MAR_Amb_AS_ETD_0002,186,2083
2.8887409606828927,1.7029447486553473,0.8514851485148515,0.8094287424101289,0.5758928571428571,0.6067553577459602,242.3152454780362,0.010614581750012666,True,MAR_Amb_AS_ETD_0002,189,774
1.6532125137753437,1.833814989715308,0.9183673469387755,0.8382336234625913,0.5555555555555556,0.8658142929932737,246.2,0.08592592592592593,True,MAR_Amb_AS_ETD_0002,190,45
3.2946866242794433,2.130775566853976,0.786512370311253,0.8830320519442532,0.4308196721311475,0.37236722587948207,234.26585489599188,0.009586056644880174,True,MAR_Amb_AS_ETD_0002,192,1971
1.7481880270062005,1.1136049368439633,1.0,0.4400270369680434,0.7777777777777778,1.0,230.08928571428572,0.00742296918767507,True,MAR_Amb_AS_ETD_0002,193,56
1.792391689498254,1.746082882684346,0.9117647058823529,0.819757698166832,0.62,0.8918667557887776,234.0483870967742,0.02726122707147375,True,MAR_Amb_AS_ETD_0002,194,62
1.662757831681574,3.094048748073876,0.7931034482758621,0.9463303019336691,0.7076923076923077,0.6122112564153523,240.32608695652175,0.058312020460358056,True,MAR_Amb_AS_ETD_0002,195,46
1.9084850188786497,2.1886746446017233,0.7641509433962265,0.889519344028724,0.54,0.5758850174338734,221.34567901234567,0.010360687484870491,True,MAR_Amb_AS_ETD_0002,197,81
3.267406418752904,1.9043819244405158,0.7968144640551011,0.8510376010523477,0.5225861095426313,0.41110728214200987,224.50351161534306,0.009228715797502144,True,MAR_Amb_AS_ETD_0002,198,1851
1.7075701760979363,3.12446106198482,0.8225806451612904,0.947398897518483,0.4358974358974359,0.6338016877112919,224.76470588235293,0.017224144559784698,True,MAR_Amb_AS_ETD_0002,199,51
1.8388490907372552,1.4623706004401964,0.8734177215189873,0.7296496310202868,0.575,0.8267556118595506,237.7391304347826,0.011196362603012218,True,MAR_Amb_AS_ETD_0002,200,69
1.9138138523837167,2.006266881493802,0.7321428571428571,0.8669252489002428,0.4659090909090909,0.4987056197985515,227.3048780487805,0.016642754662840747,True,MAR_Amb_AS_ETD_0002,201,82
3.3246939138617746,3.238372269418111,0.4463229078613694,0.9511279327489235,0.32224595666768385,0.13638122284142065,242.93371212121212,0.021130421865715985,True,MAR_Amb_AS_ETD_0002,204,2112
1.9822712330395684,2.7428753734996194,0.7619047619047619,0.9311717134773726,0.48,0.5411954791404044,237.84375,0.01866830065359477,True,MAR_Amb_AS_ETD_0002,205,96
2.1172712956557644,2.7084474614432144,0.524,0.9293439235437726,0.262,0.3277033411358414,229.66412213740458,0.028887891034276306,True,MAR_Amb_AS_ETD_0002,206,131
1.7708520116421442,1.5122128680728322,0.9076923076923077,0.7501369027866468,0.59,0.8833809161862828,245.47457627118644,0.05290794283815221,True,MAR_Amb_AS_ETD_0002,207,59
2.983175072037813,2.882054526240073,0.8285960378983634,0.937874489829914,0.7411402157164869,0.4953152090430487,247.05093555093555,0.012082670906200318,True,MAR_Amb_AS_ETD_0002,209,962
1.7075701760979363,2.1464640261686774,0.8947368421052632,0.8848466012658204,0.5795454545454546,0.8439887960035097,245.50980392156862,0.054286812764321415,True,MAR_Amb_AS_ETD_0002,211,51
1.662757831681574,2.635717498132528,0.7666666666666667,0.9252313829285195,0.41818181818181815,0.5306148027391282,226.54347826086956,0.036487638533674344,True,MAR_Amb_AS_ETD_0002,212,46
1.7853298350107671,2.506620451152473,0.8840579710144928,0.916975497721318,0.5446428571428571,0.7697792370265092,233.91803278688525,0.02500803600128576,True,MAR_Amb_AS_ETD_0002,213,61
3.0149403497929366,1.2497722493246355,0.7834973504920515,0.5998055681257285,0.4763000460193281,0.4548690077682127,247.05024154589373,0.013443213034005874,True,MAR_Amb_AS_ETD_0002,214,1035
1.7781512503836436,1.7844850014290603,0.8333333333333334,0.8282317246842176,0.5128205128205128,0.7082649125076957,225.93333333333334,0.008627450980392158,True,MAR_Amb_AS_ETD_0002,215,60
2.250420002308894,1.3223355280691886,0.7007874015748031,0.6542969634383201,0.52046783625731,0.45540863583675534,216.24157303370785,0.009429389733421459,True,MAR_Amb_AS_ETD_0002,216,178
2.089905111439398,1.2123823681220525,0.9534883720930233,0.5653920689157621,0.7321428571428571,0.9758226096894388,242.7479674796748,0.008512673362027738,True,MAR_Amb_AS_ETD_0002,217,123
1.6232492903979006,1.6696490452651171,0.9545454545454546,0.8008026832956755,0.7777777777777778,1.0,244.04761904761904,0.04239028944911298,True,MAR_Amb_AS_ETD_0002,218,42
2.359835482339888,2.7872227341792986,0.8674242424242424,0.9334221194340209,0.4893162393162393,0.5745825680423855,248.5414847161572,0.026337871393098726,True,MAR_Amb_AS_ETD_0002,219,229
3.077731179652392,1.4575792494861646,0.7832351015062213,0.7275364382505464,0.5436363636363636,0.4341171275569364,222.37625418060202,0.015997770345596435,True,MAR_Amb_AS_ETD_0002,220,1196
1.8864907251724818,1.6974920057354732,0.8191489361702128,0.8080569364374844,0.55,0.6292684303400425,224.4805194805195,0.06381461675579322,True,MAR_Amb_AS_ETD_0002,221,77
1.6532125137753437,4.138414349103928,0.8823529411764706,0.9703663549618358,0.3409090909090909,0.5715045465269183,230.42222222222222,0.061350762527233114,True,MAR_Amb_AS_ETD_0002,223,45
1.9344984512435677,2.5524983186015056,0.6935483870967742,0.9200618963263143,0.43434343434343436,0.5367784346884096,234.69767441860466,0.05075239398084816,True,MAR_Amb_AS_ETD_0002,228,86
3.3531465462139796,1.5812195784933685,0.7607962213225371,0.7746230390925233,0.48777849881029633,0.41050678025471127,241.14057649667404,0.0057962697274031565,True,MAR_Amb_AS_ETD_0002,229,2255
2.1903316981702914,2.5717641150904167,0.9064327485380117,0.921306080155129,0.6739130434782609,0.7032624871584986,246.09677419354838,0.023731815306767868,True,MAR_Amb_AS_ETD_0002,230,155
1.8920946026904804,2.287095060281019,0.8387096774193549,0.8993468704534903,0.5571428571428572,0.7403976781543302,248.80769230769232,0.04972347913524384,True,MAR_Amb_AS_ETD_0002,231,78
2.7596678446896306,1.6100504633816366,0.8672699849170438,0.7837324782985602,0.5755755755755756,0.6304829399991015,227.77217391304347,0.00810230179028133,True,MAR_Amb_AS_ETD_0002,232,575
2.7752462597402365,2.204723430365231,0.8153214774281806,0.8912198249945054,0.645021645021645,0.44231876237375783,245.7281879194631,0.019160415844190024,True,MAR_Amb_AS_ETD_0002,233,596
2.584331224367531,4.692932850182687,0.6453781512605042,0.9770333675233446,0.2601626016260163,0.2793156295066297,241.98958333333334,0.04396446078431373,True,MAR_Amb_AS_ETD_0002,236,384
3.0948203803548,1.4498505737787992,0.8885714285714286,0.7240702309908235,0.6547368421052632,0.6093779746423169,226.05305466237942,0.017599773028182334,True,MAR_Amb_AS_ETD_0002,237,1244
3.1547282074401557,2.670160866452653,0.6770981507823614,0.9272231693655153,0.41069887834339946,0.287004439792584,233.64915966386553,0.020645905420991924,True,MAR_Amb_AS_ETD_0002,238,1428
3.0674428427763805,2.4492439646309783,0.7364438839848676,0.9128526070119946,0.49158249158249157,0.35997913971922885,239.97431506849315,0.005170561375235026,True,MAR_Amb_AS_ETD_0002,240,1168
1.7481880270062005,1.3185164530546722,0.9333333333333333,0.6517566529427666,0.7,1.0,246.08928571428572,0.032983193277310925,True,MAR_Amb_AS_ETD_0002,241,56
2.369215857410143,3.135126143435292,0.6518105849582173,0.9477660129087416,0.2867647058823529,0.31667895077052416,233.10256410256412,0.039751969163733865,True,MAR_Amb_AS_ETD_0002,242,234
1.7160033436347992,1.5700586179538012,0.9285714285714286,0.7709308148065139,0.6419753086419753,0.9147087114199295,235.98076923076923,0.03755656108597285,True,MAR_Amb_AS_ETD_0002,243,52
1.6232492903979006,1.5924970507679368,0.9545454545454546,0.7782580028735516,0.7,1.0,241.5952380952381,0.04267040149393091,True,MAR_Amb_AS_ETD_0002,244,42
1.8976270912904414,5.446799907132415,0.8144329896907216,0.9830021508002746,0.47023809523809523,0.4499719360316696,237.74683544303798,0.054058078927773645,True,MAR_Amb_AS_ETD_0002,245,79
2.751279103983342,1.7879168215090522,0.8257686676427526,0.828958486379067,0.5371428571428571,0.5246707983384984,237.68085106382978,0.01761229314420804,True,MAR_Amb_AS_ETD_0002,246,564
1.7323937598229686,1.4139978719482587,0.8852459016393442,0.7069989030678158,0.54,0.8781032674758874,241.27777777777777,0.028467683369644156,True,MAR_Amb_AS_ETD_0002,247,54
1.7708520116421442,1.9600363425645306,0.9365079365079365,0.8600589794608978,0.5959595959595959,0.9202184226197372,226.0677966101695,0.004785643070787637,True,MAR_Amb_AS_ETD_0002,248,59
2.110589710299249,1.5698933866743061,0.9020979020979021,0.7708754270949244,0.7329545454545454,0.8228705194602542,237.66666666666666,0.03912448700410397,True,MAR_Amb_AS_ETD_0002,249,129
2.100370545117563,2.8815164255508803,0.7241379310344828,0.9378505158885494,0.39375,0.46771010224380577,242.5079365079365,0.04671646436352319,True,MAR_Amb_AS_ETD_0002,250,126
2.3729120029701067,3.452802598586003,0.5673076923076923,0.9571417716929297,0.35435435435435436,0.24409479884415225,226.65677966101694,0.021070122964440014,True,MAR_Amb_AS_ETD_0002,251,236
2.0253058652647704,4.043092736679955,0.6708860759493671,0.9689299226067826,0.49074074074074076,0.36445100352302123,228.83962264150944,0.030595634480207176,True,MAR_Amb_AS_ETD_0002,252,106
2.514547752660286,1.3112768245363196,0.8650793650793651,0.6468520970281844,0.5468227424749164,0.6502059666873488,245.36697247706422,0.0194639323619356,True,MAR_Amb_AS_ETD_0002,255,327
1.6232492903979006,1.8279671261923465,0.9333333333333333,0.83709614908619,0.6363636363636364,0.9055403018804473,234.92857142857142,0.09673202614379085,True,MAR_Amb_AS_ETD_0002,256,42
2.4608978427565478,1.217338523059986,0.7448453608247423,0.5702601070370089,0.39697802197802196,0.4900837295499534,243.77854671280278,0.02878078567066965,True,MAR_Amb_AS_ETD_0002,257,289
1.9030899869919435,2.1131930604338276,0.8695652173913043,0.8809456109839761,0.5555555555555556,0.6823101358515681,240.7375,0.03558823529411764,True,MAR_Amb_AS_ETD_0002,258,80
3.477555332198981,2.0639739219378743,0.5339615931721194,0.8747900171051021,0.326555023923445,0.11780025490851304,236.10256410256412,0.008387690740631917,True,MAR_Amb_AS_ETD_0002,259,3003
3.485579476984679,2.736636381637872,0.4708326920116977,0.9308458571456808,0.258274231678487,0.1311428333797384,231.36155606407323,0.018661743873750872,True,MAR_Amb_AS_ETD_0002,260,3059
2.3521825181113627,1.9981141228725285,0.5369928400954654,0.8657527724638794,0.3196022727272727,0.2407924586236257,237.84,0.05105010893246187,True,MAR_Amb_AS_ETD_0002,263,225
2.8887409606828927,1.7390801294911162,0.593103448275862,0.8181417188696768,0.3917004048582996,0.21266505127960025,238.35400516795866,0.022196889091553935,True,MAR_Amb_AS_ETD_0002,264,774
2.4927603890268375,2.1968749366597087,0.7933673469387755,0.8903932839526956,0.5456140350877193,0.550914397424325,235.7877813504823,0.043931656263791696,True,MAR_Amb_AS_ETD_0002,265,311
2.4608978427565478,1.5292423690850339,0.7853260869565217,0.7565649274322203,0.44461538461538463,0.5136752161678684,226.67474048442907,0.009878553497523576,True,MAR_Amb_AS_ETD_0002,266,289
2.130333768495006,1.741674306778044,0.9440559440559441,0.8187430059408698,0.7219251336898396,0.8843322095211711,225.65925925925927,0.0014233841684822078,True,MAR_Amb_AS_ETD_0002,267,135
1.8808135922807914,1.73055005604344,0.95,0.8161423132733773,0.6785714285714286,0.9106293695844325,235.23684210526315,0.01021671826625387,True,MAR_Amb_AS_ETD_0002,268,76
2.2041199826559246,1.6716137424066526,0.6060606060606061,0.8013286834497775,0.39215686274509803,0.31814359226292294,228.8,0.05438725490196079,True,MAR_Amb_AS_ETD_0002,269,160
1.7403626894942439,2.5349784613286968,0.8461538461538461,0.9189042396111787,0.6547619047619048,0.6265432020694132,226.45454545454547,0.018609625668449196,True,MAR_Amb_AS_ETD_0002,270,55
1.6434526764861874,2.6077789751671374,0.9166666666666666,0.9235541297846479,0.6111111111111112,0.8090594104371974,233.88636363636363,0.030748663101604276,True,MAR_Amb_AS_ETD_0002,271,44
1.8388490907372552,2.5352925908321637,0.9078947368421053,0.9189252207942874,0.8214285714285714,0.7438366765446531,228.2608695652174,0.011537368570616654,True,MAR_Amb_AS_ETD_0002,273,69
2.7489628612561616,2.041811434052819,0.7957446808510639,0.8718566256358394,0.501788908765653,0.47267686041387,229.270944741533,0.013568208031875853,True,MAR_Amb_AS_ETD_0002,274,561
1.9344984512435677,4.224624877944491,0.8037383177570093,0.9715809814507618,0.41545893719806765,0.46027351776996184,235.62790697674419,0.06735066119471043,True,MAR_Amb_AS_ETD_0002,276,86
1.6434526764861874,2.071831527683079,0.9565217391304348,0.8758052070545757,0.6285714285714286,0.948661268636659,221.63636363636363,0.004812834224598931,True,MAR_Amb_AS_ETD_0002,277,44
1.8573324964312685,3.2904833302542844,0.8470588235294118,0.952701792178803,0.5294117647058824,0.6140791222664113,242.84722222222223,0.052015250544662314,True,MAR_Amb_AS_ETD_0002,278,72
2.526339277389844,1.9256917518648016,0.8842105263157894,0.8545957141531476,0.5384615384615384,0.6968456024751685,249.6845238095238,0.02923669467787115,True,MAR_Amb_AS_ETD_0002,279,336
1.6901960800285136,1.6928107580593583,0.9245283018867925,0.8068667477907816,0.6125,0.9009979798050608,243.85714285714286,0.05322128851540616,True,MAR_Amb_AS_ETD_0002,280,49
2.8680563618230415,2.16056326823457,0.7062200956937799,0.8864406558452115,0.4090909090909091,0.3619661414544082,243.5731707317073,0.03338115734098517,True,MAR_Amb_AS_ETD_0002,282,738
1.7160033436347992,1.6110114064020624,0.8666666666666667,0.7840259331926086,0.5909090909090909,0.8250857838024527,227.21153846153845,0.020512820512820513,True,MAR_Amb_AS_ETD_0002,283,52
2.6009728956867484,1.2222026748460175,0.8126272912423625,0.57494095292925,0.642512077294686,0.4585436147222186,226.8546365914787,0.003990368077055384,True,MAR_Amb_AS_ETD_0002,284,399
2.387389826338729,2.529335983136014,0.8215488215488216,0.9185259554904242,0.3961038961038961,0.5463872054340014,234.16803278688525,0.007618129218900675,True,MAR_Amb_AS_ETD_0002,285,244
1.8573324964312685,2.12198830677566,0.9113924050632911,0.8819964051872361,0.6153846153846154,0.8323186781348111,227.72222222222223,0.004357298474945534,True,MAR_Amb_AS_ETD_0002,287,72
2.0453229787866576,2.464585601629184,0.5522388059701493,0.9139851114559484,0.33035714285714285,0.401509655526525,238.23423423423424,0.041370782547253133,True,MAR_Amb_AS_ETD_0002,288,111
2.4578818967339924,2.1897155294439323,0.7841530054644809,0.8896308676127436,0.6172043010752688,0.5002151133279966,223.00696864111498,0.011300129808020769,True,MAR_Amb_AS_ETD_0002,289,287
1.6532125137753437,2.4713433566078082,0.6164383561643836,0.9144768467964489,0.45918367346938777,0.5665931903487393,223.55555555555554,0.03616557734204793,True,MAR_Amb_AS_ETD_0002,290,45
2.957607287060095,1.6551176724245675,0.6259489302967564,0.7968428284914594,0.4152930402930403,0.29011763119104805,227.832414553473,0.0035237909937955334,True,MAR_Amb_AS_ETD_0002,292,907
1.6232492903979006,2.0854135481940617,0.84,0.8775302969287153,0.5454545454545454,0.725569699667603,226.78571428571428,0.03622782446311858,True,MAR_Amb_AS_ETD_0002,293,42
2.999130541287371,1.2187173774029307,0.7143879742304939,0.5715965957551495,0.45178813942960616,0.3408296298379938,229.85871743486973,0.004958937482808755,True,MAR_Amb_AS_ETD_0002,294,998
2.8744818176994666,1.6045482561921491,0.7968085106382978,0.7820398930961074,0.5443313953488372,0.4543870602635733,228.7716955941255,0.011272546401738266,True,MAR_Amb_AS_ETD_0002,295,749
1.8260748027008264,1.9733778007025125,0.9436619718309859,0.8620957967262189,0.6090909090909091,0.8777816005617554,237.29850746268656,0.044951712028094816,True,MAR_Amb_AS_ETD_0002,296,67
1.7634279935629373,2.838414835691653,0.6666666666666666,0.9358836162686696,0.3431952662721893,0.4545842125949117,229.75862068965517,0.043340094658553076,True,MAR_Amb_AS_ETD_0002,297,58
2.173186268412274,2.9203301188767496,0.8370786516853933,0.9395444225307338,0.45151515151515154,0.5358393008569671,239.00671140939596,0.022792472693775497,True,MAR_Amb_AS_ETD_0002,299,149
1.6901960800285136,6.235100138745912,0.6805555555555556,0.9870549642566785,0.20416666666666666,0.3768830965004773,229.3265306122449,0.06922769107643058,True,MAR_Amb_AS_ETD_0002,300,49
1.6232492903979006,2.6367603634944574,0.8936170212765957,0.9252929019155957,0.6363636363636364,0.8236592974532845,243.78571428571428,0.07619047619047618,True,MAR_Amb_AS_ETD_0002,301,42
2.1818435879447726,2.6682971770278088,0.6104417670682731,0.9271174738379762,0.37530864197530867,0.3798549601953997,234.13815789473685,0.03679050567595459,True,MAR_Amb_AS_ETD_0002,302,152
2.436162647040756,1.4395508998853008,0.7299465240641712,0.7193371722368085,0.5,0.48722278880045533,241.58608058608058,0.025439919557566616,True,MAR_Amb_AS_ETD_0002,303,273
1.8512583487190752,1.8778119887475568,0.8987341772151899,0.8464081865741857,0.6826923076923077,0.8207586964940499,232.42253521126761,0.03755868544600939,True,MAR_Amb_AS_ETD_0002,304,71
3.3653007486379876,1.5174097175596863,0.8258547008547008,0.7521273504130753,0.6315359477124183,0.5034367250780751,231.5510996119017,0.008675138878319763,True,MAR_Amb_AS_ETD_0002,306,2319
3.117602691690084,1.3509842164116266,0.6984549813532233,0.6723855552608606,0.5377358490566038,0.2174961042528226,225.9908466819222,0.007798268048638219,True,MAR_Amb_AS_ETD_0002,307,1311
2.290034611362518,1.5482833985037527,0.752895752895753,0.7634418327380248,0.4431818181818182,0.4926457477855378,239.26666666666668,0.025500251382604325,True,MAR_Amb_AS_ETD_0002,308,195
2.6893088591236203,4.273798909820268,0.7056277056277056,0.9722404792606117,0.28900709219858156,0.28627680048369625,228.17177914110428,0.013408717270139139,True,MAR_Amb_AS_ETD_0002,309,489
1.9344984512435677,4.02168094820205,0.688,0.9685928249872392,0.41148325358851673,0.47230811329617217,233.88372093023256,0.039489284085727314,True,MAR_Amb_AS_ETD_0002,310,86
1.8325089127062364,1.3662772495064766,0.9066666666666666,0.6813950110616273,0.6296296296296297,0.8908828184805874,238.48529411764707,0.026643598615916954,True,MAR_Amb_AS_ETD_0002,311,68
2.0755469613925306,2.7132269089344407,0.7212121212121212,0.9296020492721091,0.5409090909090909,0.5199757220663641,235.43697478991598,0.007612456747404844,True,MAR_Amb_AS_ETD_0002,314,119
2.630427875025024,1.0866556917636585,0.811787072243346,0.3913199458837772,0.6082621082621082,0.5883746654520124,229.7728337236534,0.01598934655829545,True,MAR_Amb_AS_ETD_0002,315,427
2.220108088040055,1.511071816091438,0.6859504132231405,0.7496964032961304,0.49404761904761907,0.46215670731952757,233.50602409638554,0.025348452634065675,True,MAR_Amb_AS_ETD_0002,316,166
3.110252917353403,2.4294693186710488,0.6464393179538616,0.9113589465680088,0.5443412162162162,0.2205371546023727,231.08611326609775,0.018588661220888668,True,MAR_Amb_AS_ETD_0002,317,1289
3.0,1.4641749664633557,0.6978367062107467,0.7304384911629102,0.4859086491739553,0.3491165892323138,237.875,0.014698039215686276,True,MAR_Amb_AS_ETD_0002,318,1000
1.8129133566428555,1.641688919360473,0.9558823529411765,0.7930713120941819,0.6565656565656566,0.9732162635950573,244.43076923076924,0.04856711915535445,True,MAR_Amb_AS_ETD_0002,319,65
1.863322860120456,1.3611375910596426,0.9358974358974359,0.6784142598396455,0.6759259259259259,0.9563889080747483,238.21917808219177,0.028256782164920766,True,MAR_Amb_AS_ETD_0002,320,73
2.0827853703164503,4.006012953729134,0.7960526315789473,0.968342646976309,0.31842105263157894,0.4583325833332961,242.20661157024793,0.053897261383892406,True,MAR_Amb_AS_ETD_0002,321,121
1.7075701760979363,2.4235050757460828,0.6710526315789473,0.9109007600070446,0.5604395604395604,0.6189718038182896,238.33333333333334,0.07773933102652826,True,MAR_Amb_AS_ETD_0002,322,51
2.0755469613925306,7.219528545025401,0.6538461538461539,0.9903605876014132,0.2065972222222222,0.31971317316070363,229.35294117647058,0.01532377656945131,True,MAR_Amb_AS_ETD_0002,323,119
1.9344984512435677,1.343187682220597,0.8775510204081632,0.6676251418143329,0.6615384615384615,0.8055559866371493,234.74418604651163,0.028454172366621067,True,MAR_Amb_AS_ETD_0002,324,86
2.5477747053878224,1.2707098198597933,0.6160558464223386,0.6170018097561462,0.36770833333333336,0.3470675874224218,233.44759206798867,0.028250847081042047,True,MAR_Amb_AS_ETD_0002,325,353
1.7781512503836436,2.483353659214678,0.8108108108108109,0.91534026270386,0.46153846153846156,0.6080650512461749,230.36666666666667,0.030784313725490196,True,MAR_Amb_AS_ETD_0002,326,60
2.5118833609788744,2.4172731982657805,0.6714876033057852,0.9104181361757852,0.390625,0.35635992260818783,232.36307692307693,0.05081146304675717,True,MAR_Amb_AS_ETD_0002,327,325
2.5237464668115646,2.1571301464614603,0.7182795698924731,0.8860556485153177,0.5493421052631579,0.424824977297202,240.96706586826346,0.029435247152753318,True,MAR_Amb_AS_ETD_0002,328,334
2.0791812460476247,3.3631369840853127,0.7741935483870968,0.9547712118388688,0.6060606060606061,0.5229582840973234,230.28333333333333,0.01647058823529412,True,MAR_Amb_AS_ETD_0002,329,120
2.037426497940624,1.212862607422722,0.7315436241610739,0.5658682238952477,0.48660714285714285,0.5417164716256453,225.67889908256882,0.026155783414283144,True,MAR_Amb_AS_ETD_0002,331,109
2.0293837776852097,1.980449160031804,0.7985074626865671,0.863156808003907,0.5245098039215687,0.5909959092384159,237.77570093457945,0.06270844786512736,True,MAR_Amb_AS_ETD_0002,332,107
2.7371926427047373,2.47201169267633,0.728,0.9145252456732859,0.43402225755166934,0.3110950152537743,224.48534798534797,0.039151045033397974,True,MAR_Amb_AS_ETD_0002,334,546
3.329194415088451,2.180599150617954,0.8542834267413931,0.8886481967402686,0.6431585292344786,0.5236027767930819,249.7928772258669,0.018609993200654207,True,MAR_Amb_AS_ETD_0002,335,2134
2.287801729930226,1.8958782595259747,0.8220338983050848,0.8495798483845357,0.4898989898989899,0.5873321468561555,234.18041237113403,0.022842126541338183,True,MAR_Amb_AS_ETD_0002,337,194
2.0530784434834195,1.3147255428827145,0.8188405797101449,0.6492031929019585,0.7243589743589743,0.6698644281570751,239.44247787610618,0.04997397188964081,True,MAR_Amb_AS_ETD_0002,338,113
1.8692317197309762,3.3860480390877328,0.8222222222222222,0.9553954492843184,0.7254901960784313,0.6005771894759261,247.1081081081081,0.07334393216746157,True,MAR_Amb_AS_ETD_0002,339,74
2.1702617153949575,4.001656819974609,0.6244725738396625,0.9682725563979288,0.3045267489711934,0.33115487820561657,233.79054054054055,0.04048754636989931,True,MAR_Amb_AS_ETD_0002,340,148
2.100370545117563,2.198389619502349,0.5526315789473685,0.890553547877733,0.3652173913043478,0.38598725337344064,236.23015873015873,0.06850295673825085,True,MAR_Amb_AS_ETD_0002,341,126
3.215108581053093,1.8578379467491821,0.7261061946902655,0.842778789094173,0.49727272727272726,0.33912296947583576,226.32419256550884,0.011752757166242488,True,MAR_Amb_AS_ETD_0002,342,1641
1.9590413923210936,2.111313625034411,0.91,0.880719200635922,0.5909090909090909,0.8003701224924381,244.01098901098902,0.09523809523809523,True,MAR_Amb_AS_ETD_0002,343,91
2.94546858513182,2.059507091102419,0.6842513576415826,0.8742071904658203,0.4349112426035503,0.38808870080590596,246.92290249433105,0.013227513227513227,True,MAR_Amb_AS_ETD_0002,344,882
2.711807229041191,2.1827836235039735,0.4327731092436975,0.8888848863688166,0.2636968766001024,0.14013353435317902,229.27766990291263,0.03546925566343042,True,MAR_Amb_AS_ETD_0002,345,515
2.4345689040341987,4.311153704144661,0.8217522658610272,0.972726166744769,0.47719298245614034,0.4202638473771127,246.09926470588235,0.04805363321799308,True,MAR_Amb_AS_ETD_0002,346,272
1.9084850188786497,3.3866361560109417,0.8804347826086957,0.9554113012974345,0.4153846153846154,0.6093746470891517,236.77777777777777,0.02851609779714355,True,MAR_Amb_AS_ETD_0002,350,81
1.919078092376074,2.425993890070706,0.8556701030927835,0.9110923952382008,0.6148148148148148,0.7394711241251195,225.90361445783134,0.00713442003307347,True,MAR_Amb_AS_ETD_0002,351,83
2.100370545117563,2.4380631797734598,0.5650224215246636,0.9120128433642651,0.4090909090909091,0.31704574780412326,234.33333333333334,0.07575474634298163,True,MAR_Amb_AS_ETD_0002,352,126
1.8388490907372552,2.4759224369801336,0.8734177215189873,0.9148076136767754,0.6571428571428571,0.7261113863560281,237.14492753623188,0.02705314009661836,True,MAR_Amb_AS_ETD_0002,353,69
3.041787318971752,1.7038093039782087,0.789247311827957,0.809644827052014,0.5935309973045823,0.49489601335052136,245.6630336058129,0.018948905629463414,True,MAR_Amb_AS_ETD_0002,354,1101
2.2278867046136734,1.8419443540557863,0.8711340206185567,0.8397943988237949,0.5748299319727891,0.7142903178725476,243.75739644970415,0.04258034574776656,True,MAR_Amb_AS_ETD_0002,355,169
1.9242792860618816,2.56963335465659,0.7567567567567568,0.9211699327480509,0.49411764705882355,0.5382575690505413,233.91666666666666,0.04570494864612512,True,MAR_Amb_AS_ETD_0002,357,84
2.4785664955938436,1.3849245874290335,0.6935483870967742,0.6918294198664784,0.384418901660281,0.4214135940898173,236.02325581395348,0.0258093935248518,True,MAR_Amb_AS_ETD_0002,359,301
2.0170333392987803,3.0949779659987318,0.7074829931972789,0.946363437176967,0.34210526315789475,0.4176195332575332,228.58653846153845,0.03469079939668175,True,MAR_Amb_AS_ETD_0002,361,104
3.0962145853464054,2.20774780298559,0.7727554179566564,0.8915357748913822,0.4449197860962567,0.41391158779561765,227.44391025641025,0.009825917546505782,True,MAR_Amb_AS_ETD_0002,362,1248
2.3483048630481607,1.1410181382743265,0.7287581699346405,0.4815652200151017,0.4407114624505929,0.4767323144135802,220.38565022421525,0.004677745537676954,True,MAR_Amb_AS_ETD_0002,363,223
1.8976270912904414,1.280462188720428,0.9186046511627907,0.6245710339022387,0.7181818181818181,0.9465752657522392,241.78481012658227,0.013303549267808388,True,MAR_Amb_AS_ETD_0002,364,79
1.6720978579357175,2.0796895699836537,0.9038461538461539,0.8768078116147721,0.5875,0.8642225520579159,243.31914893617022,0.05748852732582394,True,MAR_Amb_AS_ETD_0002,365,47
2.167317334748176,1.3517138851250026,0.7777777777777778,0.6728251604832662,0.5157894736842106,0.5975980570322014,221.9047619047619,0.08656796051754036,True,MAR_Amb_AS_ETD_0002,366,147
2.4345689040341987,3.1758536784399145,0.8,0.9491328279113511,0.5978021978021978,0.43237547759380174,228.90441176470588,0.024163783160322954,True,MAR_Amb_AS_ETD_0002,368,272
1.8976270912904414,1.3390849090641426,0.9404761904761905,0.6650726809228079,0.797979797979798,1.0,247.45569620253164,0.03360635393397865,True,MAR_Amb_AS_ETD_0002,369,79
1.6334684555795864,1.8563749732487038,0.9347826086956522,0.8425077184773019,0.5972222222222222,0.973783368255521,234.53488372093022,0.05672594619243047,True,MAR_Amb_AS_ETD_0002,370,43
2.2380461031287955,2.7727506976872274,0.5389408099688473,0.9327001858200356,0.2536656891495601,0.25734425678976314,225.2601156069364,0.031123200725376856,True,MAR_Amb_AS_ETD_0002,371,173
2.2576785748691846,2.009700432208856,0.8537735849056604,0.8674143058634899,0.5484848484848485,0.6330509316649721,234.08839779005524,0.030982558769364097,True,MAR_Amb_AS_ETD_0002,372,181
1.6127838567197355,1.6777375556317582,0.8723404255319149,0.8029541640071677,0.5857142857142857,0.842594217371043,245.29268292682926,0.10282161645145863,True,MAR_Amb_AS_ETD_0002,373,41
2.423245873936808,1.3669459671121584,0.726027397260274,0.6817794134340327,0.48007246376811596,0.576353864732358,240.4566037735849,0.03894931557528672,True,MAR_Amb_AS_ETD_0002,374,265
2.9014583213961123,1.6119494989050835,0.847872340425532,0.7843117982139024,0.6187888198757764,0.5249576688703922,242.16436637390214,0.020837946219893225,True,MAR_Amb_AS_ETD_0002,376,797
2.2278867046136734,2.7225844069198537,0.7316017316017316,0.9301032884871144,0.5029761904761905,0.477802114149744,241.62721893491124,0.048590323703445876,True,MAR_Amb_AS_ETD_0002,377,169
2.6866362692622934,1.6804792955350278,0.8820326678765881,0.8036751136449252,0.6270967741935484,0.643806332529736,242.07201646090536,0.02691035261841362,True,MAR_Amb_AS_ETD_0002,378,486
2.0791812460476247,1.3296907004637983,0.9375,0.6591008174103635,0.7142857142857143,0.9246039547582934,244.11666666666667,0.024052287581699347,True,MAR_Amb_AS_ETD_0002,379,120
2.6857417386022635,1.6470174702411866,0.8614564831261101,0.7945810468762465,0.6518817204301075,0.6126491991691947,239.5340206185567,0.03203557711744491,True,MAR_Amb_AS_ETD_0002,380,485
1.6127838567197355,2.9778993778354277,0.8723404255319149,0.9419307491239445,0.5694444444444444,0.7212126378503289,246.6341463414634,0.09335246293639407,True,MAR_Amb_AS_ETD_0002,381,41
1.6532125137753437,2.5861011659996676,0.7758620689655172,0.9222129165052513,0.5844155844155844,0.6473226453305645,226.8,0.033028322440087146,True,MAR_Amb_AS_ETD_0002,382,45
2.649334858712142,3.37750093668519,0.6435786435786436,0.95516410659521,0.2848020434227331,0.2838783730434453,241.2219730941704,0.07419326474984612,True,MAR_Amb_AS_ETD_0002,383,446
2.951337518795918,1.6886158742233106,0.6195426195426196,0.8057902842202456,0.46465696465696466,0.287158332663045,232.44630872483222,0.03593016624994517,True,MAR_Amb_AS_ETD_0002,384,894
1.9138138523837167,1.5117691154046948,0.8913043478260869,0.7499657427370525,0.5694444444444444,0.8310222367031057,234.4390243902439,0.01965566714490674,True,MAR_Amb_AS_ETD_0002,385,82
1.7075701760979363,1.6103087268045857,0.9444444444444444,0.7838114097772051,0.6296296296296297,0.9812561987257101,251.2549019607843,0.0746635909265667,True,MAR_Amb_AS_ETD_0002,386,51
2.5415792439465807,2.1014980540192107,0.7909090909090909,0.8795258969373312,0.5686274509803921,0.5251427198656983,241.5632183908046,0.042562542258282626,True,MAR_Amb_AS_ETD_0002,387,348
3.1604685311190375,1.2361639676682399,0.7656084656084656,0.5878717089569557,0.48819163292847506,0.453804766144398,241.0387007601935,0.018737889074081603,True,MAR_Amb_AS_ETD_0002,388,1447
2.718501688867274,3.110313987819945,0.7164383561643836,0.9469058612493622,0.516798418972332,0.36401800892788083,227.44933078393882,0.058808532973418814,True,MAR_Amb_AS_ETD_0002,389,523
2.380211241711606,1.989450793293299,0.7272727272727273,0.8644892622364706,0.48,0.5224692285086766,240.99583333333334,0.04656862745098039,True,MAR_Amb_AS_ETD_0002,390,240
2.5888317255942073,1.9315249723817485,0.8326180257510729,0.8555467041769461,0.6188197767145136,0.5648080613896534,242.32731958762886,0.024358196887002224,True,MAR_Amb_AS_ETD_0002,392,388
1.8260748027008264,1.5858589609738039,0.9436619718309859,0.7761298644543865,0.6203703703703703,0.9119532591950574,242.17910447761193,0.04664910740415569,True,MAR_Amb_AS_ETD_0002,394,67
2.2833012287035497,1.9066503153337682,0.47880299251870323,0.8514227540744272,0.29721362229102166,0.24456035665439438,237.21875,0.07804330065359477,True,MAR_Amb_AS_ETD_0002,395,192
2.5622928644564746,2.18527886672225,0.5877616747181964,0.8891543035527912,0.3168402777777778,0.29103463139824887,231.73698630136985,0.03858178887993554,True,MAR_Amb_AS_ETD_0002,396,365
1.792391689498254,1.8557021903735342,0.8266666666666667,0.8423828156517431,0.5299145299145299,0.7350724698360823,233.2258064516129,0.03927893738140417,True,MAR_Amb_AS_ETD_0002,397,62
1.724275869600789,1.6253475291799133,0.8548387096774194,0.7883296918919018,0.5520833333333334,0.6943645496981049,226.0188679245283,0.041731409544950054,True,MAR_Amb_AS_ETD_0002,398,53
2.3138672203691533,2.0643373923909154,0.8956521739130435,0.8748372588838859,0.5885714285714285,0.6747127228198567,226.0242718446602,0.011821816105082811,True,MAR_Amb_AS_ETD_0002,399,206
2.0791812460476247,1.4682041287539607,0.7407407407407407,0.732186497689342,0.47619047619047616,0.6046087928982802,233.95,0.0284640522875817,True,MAR_Amb_AS_ETD_0002,400,120
1.6989700043360187,1.0251685121591394,0.9803921568627451,0.22022372086249517,0.6944444444444444,1.0,240.36,0.049019607843137254,True,MAR_Amb_AS_ETD_0002,401,50
2.2227164711475833,1.4623314515307588,0.835,0.7296324734611184,0.6139705882352942,0.6076053172354167,234.4131736526946,0.03104379476341435,True,MAR_Amb_AS_ETD_0002,402,167
3.030599721965951,1.1536261443611457,0.6566707466340269,0.4986004120448874,0.4673344947735192,0.27849654644526634,228.68499534016775,0.012206933099428028,True,MAR_Amb_AS_ETD_0002,403,1073
1.9444826721501687,2.213039374796666,0.7787610619469026,0.8920851949715165,0.5146198830409356,0.5351962749057625,233.5568181818182,0.031327985739750444,True,MAR_Amb_AS_ETD_0002,405,88
1.6989700043360187,3.9685501594275006,0.78125,0.9677321317586663,0.32051282051282054,0.5840619725883437,249.4,0.11968627450980392,True,MAR_Amb_AS_ETD_0002,407,50
1.845098040014257,1.7280109831828194,0.8235294117647058,0.8155404836719338,0.5384615384615384,0.7094092264538707,243.8,0.07081232492997198,True,MAR_Amb_AS_ETD_0002,408,70
2.5428254269591797,1.870192189398773,0.4440203562340967,0.8450391708919881,0.35905349794238683,0.20108729191264446,220.36676217765043,0.011506264396876228,True,MAR_Amb_AS_ETD_0002,409,349
1.863322860120456,1.7278418549334817,0.7525773195876289,0.8155002855651023,0.46794871794871795,0.6071588837444936,239.6986301369863,0.06892291163040559,True,MAR_Amb_AS_ETD_0002,410,73
2.9041743682841634,2.32761710729536,0.8495762711864406,0.9030079081364862,0.6048265460030166,0.5132791848243893,236.45386533665837,0.03237005525402181,True,MAR_Amb_AS_ETD_0002,412,802
1.7781512503836436,2.7243398157286203,0.9090909090909091,0.9301967131112939,0.6122448979591837,0.7189179233561309,234.08333333333334,0.021568627450980392,True,MAR_Amb_AS_ETD_0002,413,60
1.6334684555795864,1.314449825740365,0.9772727272727273,0.6490162207198151,0.7678571428571429,1.0,247.2093023255814,0.04076607387140903,True,MAR_Amb_AS_ETD_0002,414,43
2.459392487759231,1.9623716333647578,0.6385809312638581,0.8604188562913079,0.4114285714285714,0.3123619448422287,228.23611111111111,0.03473583877995643,True,MAR_Amb_AS_ETD_0002,415,288
2.1271047983648077,1.2097251356544043,0.49814126394052044,0.5627398434033668,0.335,0.2526839649635934,233.82089552238807,0.0910155106818847,True,MAR_Amb_AS_ETD_0002,416,134
2.1172712956557644,1.81135994272212,0.8238993710691824,0.8337968464667608,0.5303643724696356,0.6510537411280692,229.17557251908397,0.017332734620565785,True,MAR_Amb_AS_ETD_0002,417,131
1.8573324964312685,2.409013963942762,0.9,0.9097723243341052,0.5333333333333333,0.7296780614954099,231.94444444444446,0.041938997821350764,True,MAR_Amb_AS_ETD_0002,420,72
1.8808135922807914,2.7155465903375733,0.6972477064220184,0.929726812644216,0.59375,0.5403365595675849,236.02631578947367,0.0630546955624355,True,MAR_Amb_AS_ETD_0002,421,76
1.9344984512435677,3.8659893161694985,0.7350427350427351,0.9659668210836906,0.32575757575757575,0.41762246749567605,234.2674418604651,0.09325125398996809,True,MAR_Amb_AS_ETD_0002,422,86
2.2095150145426308,1.5205744413932607,0.8901098901098901,0.7533269399092483,0.6230769230769231,0.7378382064483134,238.58024691358025,0.05555555555555555,True,MAR_Amb_AS_ETD_0002,423,162
1.919078092376074,1.8151076135384534,0.8217821782178217,0.8345504527228597,0.532051282051282,0.6783023340029031,240.85542168674698,0.07918733758563666,True,MAR_Amb_AS_ETD_0002,425,83
1.9242792860618816,1.087091779525904,0.9130434782608695,0.39218695531460623,0.6942148760330579,0.924020716204538,248.33333333333334,0.043277310924369754,True,MAR_Amb_AS_ETD_0002,426,84
1.6901960800285136,2.266094685609391,0.8909090909090909,0.8973656186758407,0.6805555555555556,0.825362254318116,245.83673469387756,0.09923969587835135,True,MAR_Amb_AS_ETD_0002,427,49
1.8195439355418688,2.0841912386667545,0.8461538461538461,0.8773765655563839,0.5641025641025641,0.7518518424832958,245.83333333333334,0.05858585858585859,True,MAR_Amb_AS_ETD_0002,428,66
3.484584529282843,1.5035246457211506,0.781562099871959,0.7467508926311234,0.5840030616150019,0.40423920648976724,238.81749672346004,0.011906046822398684,True,MAR_Amb_AS_ETD_0002,430,3052
2.621176281775035,2.4284274231392864,0.6333333333333333,0.9112791656713846,0.35185185185185186,0.2971582419516293,231.82775119617224,0.06107514776245426,True,MAR_Amb_AS_ETD_0002,431,418
2.3636119798921444,1.177478387214477,0.924,0.5279547711406846,0.6416666666666667,0.8307307281742244,244.4978354978355,0.032017655547067314,True,MAR_Amb_AS_ETD_0002,432,231
2.1760912590556813,1.95854032047063,0.8571428571428571,0.8598276807323366,0.5769230769230769,0.6621331855873317,235.13333333333333,0.05722875816993464,True,MAR_Amb_AS_ETD_0002,435,150
2.7895807121644256,1.8723905535872247,0.7324613555291319,0.8454360853077573,0.5310344827586206,0.36352796856220987,235.1931818181818,0.031958237840590785,True,MAR_Amb_AS_ETD_0002,436,616
2.155336037465062,1.067931813227095,0.7814207650273224,0.350962881052432,0.5607843137254902,0.5968635641196159,229.17482517482517,0.051391745509392565,True,MAR_Amb_AS_ETD_0002,437,143
2.423245873936808,1.642917140662968,0.7066666666666667,0.7934208617881082,0.45068027210884354,0.4209116622763941,229.82264150943396,0.07138734739178691,True,MAR_Amb_AS_ETD_0002,439,265
2.296665190261531,4.7355948055091766,0.42398286937901497,0.9774500592642833,0.20952380952380953,0.17341784144583433,232.65656565656565,0.055892255892255896,True,MAR_Amb_AS_ETD_0002,440,198
1.6812412373755872,1.5838192861613467,0.8888888888888888,0.775469389771688,0.6,0.8443465028491656,239.27083333333334,0.1059640522875817,True,MAR_Amb_AS_ETD_0002,441,48
1.662757831681574,1.6631444160027007,0.8070175438596491,0.7990453995459017,0.5974025974025974,0.7612447963953225,239.80434782608697,0.06427962489343562,True,MAR_Amb_AS_ETD_0002,442,46
2.110589710299249,1.2755192184582225,0.8958333333333334,0.6207678211612229,0.6201923076923077,0.8176254874093012,240.70542635658916,0.024745402036783704,True,MAR_Amb_AS_ETD_0002,443,129
1.9777236052888478,1.3082728566774469,0.8558558558558559,0.6447819699940831,0.5277777777777778,0.7356351055353134,239.10526315789474,0.0369453044375645,True,MAR_Amb_AS_ETD_0002,444,95
1.8573324964312685,2.535343853530352,0.8,0.9189286439215683,0.4,0.5575339747215007,234.77777777777777,0.06497821350762527,True,MAR_Amb_AS_ETD_0002,445,72
1.9912260756924949,3.074856043174338,0.7424242424242424,0.9456389068145655,0.5730994152046783,0.4985969793428238,228.31632653061226,0.031852741096438576,True,MAR_Amb_AS_ETD_0002,446,98
1.7075701760979363,1.7027271118108578,0.9807692307692307,0.8093742858762213,0.85,1.0,244.01960784313727,0.03806228373702422,True,MAR_Amb_AS_ETD_0002,447,51
1.7403626894942439,1.5228611438733484,0.9166666666666666,0.754187886480594,0.6790123456790124,0.9101839956900596,217.6909090909091,0.009625668449197862,True,MAR_Amb_AS_ETD_0002,448,55
2.146128035678238,2.078298175046747,0.6363636363636364,0.8766311955434711,0.3888888888888889,0.4118847907680278,238.85,0.05560224089635855,True,MAR_Amb_AS_ETD_0002,449,140
1.6334684555795864,1.346511102561976,0.9148936170212766,0.6696686144446056,0.6825396825396826,0.9941584211054686,229.41860465116278,0.03018695850433197,True,MAR_Amb_AS_ETD_0002,451,43
2.103803720955957,2.0188502461890563,0.7839506172839507,0.8687040717908109,0.41776315789473684,0.4952022867487569,229.51968503937007,0.029087540528022232,True,MAR_Amb_AS_ETD_0002,452,127
2.0043213737826426,2.393166373216959,0.7481481481481481,0.9085130648095242,0.5941176470588235,0.5578559517110281,244.32673267326732,0.05132983886623956,True,MAR_Amb_AS_ETD_0002,453,101
2.041392685158225,2.45737731735625,0.8870967741935484,0.9134558193818079,0.5882352941176471,0.6761950571936151,225.6909090909091,0.033939393939393936,True,MAR_Amb_AS_ETD_0002,455,110
1.7558748556724915,2.6239822847244527,0.8636363636363636,0.9245337678845205,0.6785714285714286,0.7193019100083774,245.71929824561403,0.06047471620227038,True,MAR_Amb_AS_ETD_0002,456,57
1.9590413923210936,2.78955555993783,0.7165354330708661,0.9335373897276766,0.4789473684210526,0.5041237970228128,238.6043956043956,0.060116354234001294,True,MAR_Amb_AS_ETD_0002,457,91
2.374748346010104,2.8153665005654633,0.5616113744075829,0.9347927832204385,0.29625,0.2993770313465962,228.33333333333334,0.029171837511375857,True,MAR_Amb_AS_ETD_0002,458,237
3.0780941504064105,4.772081646102042,0.5312916111850865,0.9777974706964981,0.2933823529411765,0.18128920918752556,220.5187969924812,0.018058217439022393,True,MAR_Amb_AS_ETD_0002,459,1197
1.8260748027008264,1.4869419520652185,0.9305555555555556,0.7400778491660186,0.6442307692307693,0.8777816005617551,239.26865671641792,0.03166520339479075,True,MAR_Amb_AS_ETD_0002,461,67
2.4983105537896004,1.662748270110131,0.5844155844155844,0.7989375847647914,0.31947261663286003,0.2812295777584595,223.6952380952381,0.02711484593837535,True,MAR_Amb_AS_ETD_0002,463,315
2.2013971243204513,1.082502849426782,0.9085714285714286,0.3829113398058687,0.8112244897959183,0.853472462703379,241.98742138364778,0.038722407201874455,True,MAR_Amb_AS_ETD_0002,464,159
2.1398790864012365,1.880751589063049,0.7931034482758621,0.846931303846468,0.5111111111111111,0.5960036818698166,233.8695652173913,0.032225063938618924,True,MAR_Amb_AS_ETD_0002,465,138
1.6989700043360187,2.1751202686745783,0.7936507936507936,0.8880511344094542,0.5050505050505051,0.7075820108881489,225.66,0.06235294117647059,True,MAR_Amb_AS_ETD_0002,470,50
2.1789769472931693,2.9931720383613705,0.5206896551724138,0.9425398569778718,0.2525083612040134,0.25772748995324424,228.50331125827816,0.07056226464095572,True,MAR_Amb_AS_ETD_0002,471,151
1.6334684555795864,1.5161210366520823,0.9347826086956522,0.7516361702919964,0.5972222222222222,1.0,244.41860465116278,0.06611947104423165,True,MAR_Amb_AS_ETD_0002,472,43
1.792391689498254,2.4125518890584496,0.8157894736842105,0.9100498325402181,0.4696969696969697,0.7062850641509748,231.0,0.03592662871600253,True,MAR_Amb_AS_ETD_0002,473,62
2.3180633349627615,2.0893569806260732,0.5859154929577465,0.8780242469487615,0.3727598566308244,0.31056651957382436,244.06730769230768,0.054185520361990945,True,MAR_Amb_AS_ETD_0002,474,208
2.2121876044039577,3.5250899512278813,0.7442922374429224,0.9589187963647211,0.31346153846153846,0.37530893909752255,222.30061349693253,0.0664741970407795,True,MAR_Amb_AS_ETD_0002,476,163
1.662757831681574,1.3424959787410107,0.9583333333333334,0.6671971337183333,0.6388888888888888,1.0,235.67391304347825,0.042028985507246375,True,MAR_Amb_AS_ETD_0002,479,46
2.8536982117761744,3.2176903560172123,0.4518987341772152,0.9504812442404654,0.31875,0.17892043792955137,235.0140056022409,0.04292854396660625,True,MAR_Amb_AS_ETD_0002,480,714
2.9030899869919438,1.0231841575915193,0.8205128205128205,0.21167012231791818,0.6177606177606177,0.5528150092705546,232.77875,0.04479901960784314,True,MAR_Amb_AS_ETD_0002,484,800
2.8987251815894934,1.836991021465298,0.7719298245614035,0.838846209972671,0.49530956848030017,0.43397216271884104,243.1060606060606,0.028936423054070112,True,MAR_Amb_AS_ETD_0002,488,792
2.220108088040055,2.336655897641768,0.664,0.9037967146315249,0.3905882352941176,0.4264348783036376,241.1024096385542,0.0918025041341838,True,MAR_Amb_AS_ETD_0002,489,166
2.507855871695831,3.000100765201872,0.6491935483870968,0.9428129998053023,0.48348348348348347,0.3707651139455293,229.05900621118013,0.03872853489221776,True,MAR_Amb_AS_ETD_0002,492,322
1.7708520116421442,3.1210800719215936,0.6145833333333334,0.9472817001380006,0.4609375,0.4624218714327551,218.9322033898305,0.032170156198072446,True,MAR_Amb_AS_ETD_0002,497,59
1.6127838567197355,1.8378042359020363,0.8913043478260869,0.8390024789861922,0.6833333333333333,0.8262986836276494,232.9268292682927,0.032520325203252036,True,MAR_Amb_AS_ETD_0002,500,41
1.792391689498254,2.655292462755159,0.7560975609756098,0.9263733900926451,0.49206349206349204,0.5885212313534419,243.70967741935485,0.1,True,MAR_Amb_AS_ETD_0002,502,62
1.7403626894942439,1.8076436257115183,0.9322033898305084,0.8330442322412267,0.5555555555555556,0.8943644390958112,251.4909090909091,0.09803921568627451,True,MAR_Amb_AS_ETD_0002,504,55
1.9590413923210936,1.3269840040895002,0.91,0.6573463639817657,0.6363636363636364,0.7901926924611633,246.93406593406593,0.07179487179487179,True,MAR_Amb_AS_ETD_0002,506,91
1.8808135922807914,1.4789608720590146,0.8837209302325582,0.7367636141070386,0.6333333333333333,0.8360187432326771,245.43421052631578,0.07378740970072238,True,MAR_Amb_AS_ETD_0002,509,76
1.968482948553935,2.1601589244574693,0.7560975609756098,0.8863954147464792,0.4696969696969697,0.5455391873095837,239.79569892473117,0.040101201771031,True,MAR_Amb_AS_ETD_0002,513,93
1.9294189257142926,4.0268764805078945,0.7024793388429752,0.9686751262613675,0.4497354497354497,0.4161480133537106,238.01176470588234,0.06726643598615917,True,MAR_Amb_AS_ETD_0002,514,85
1.6812412373755872,2.105892530605356,0.8275862068965517,0.8800624078081942,0.5,0.7186827792701964,239.16666666666666,0.06968954248366013,True,MAR_Amb_AS_ETD_0002,515,48
2.2430380486862944,2.5356093416254257,0.5271084337349398,0.9189463686772301,0.3333333333333333,0.24934956613956172,231.92,0.05826330532212885,True,MAR_Amb_AS_ETD_0002,516,175
1.6812412373755872,1.698732116586677,0.9230769230769231,0.8083702905668158,0.6,0.9235352458594919,252.52083333333334,0.0934640522875817,True,MAR_Amb_AS_ETD_0002,517,48
2.346352974450639,1.9007621696702126,0.5388349514563107,0.8504197759902247,0.37,0.23033109097565982,229.9144144144144,0.04783607136548313,True,MAR_Amb_AS_ETD_0002,519,222
2.146128035678238,1.2642328957477733,0.7692307692307693,0.6118245555223636,0.43343653250773995,0.5621801409236022,226.97142857142856,0.05946778711484594,True,MAR_Amb_AS_ETD_0002,521,140
1.9444826721501687,1.5664794083267455,0.8461538461538461,0.7697261932975273,0.676923076923077,0.71916392038862,233.0909090909091,0.05753119429590017,True,MAR_Amb_AS_ETD_0002,523,88
2.3180633349627615,4.593181530908697,0.6819672131147541,0.9760126059545814,0.30014430014430016,0.2948442171364908,231.07692307692307,0.0375,True,MAR_Amb_AS_ETD_0002,524,208
2.3138672203691533,1.0502398966429516,0.8442622950819673,0.30558933722321835,0.544973544973545,0.6570206473209782,238.79611650485438,0.04624024367028365,True,MAR_Amb_AS_ETD_0002,525,206
1.9912260756924949,2.126100705387811,0.6125,0.882482833251569,0.362962962962963,0.39993086270202527,231.9387755102041,0.06942777110844338,True,MAR_Amb_AS_ETD_0002,526,98
3.629409599102719,6.034113909935981,0.4395831183572387,0.9861721037173372,0.19631336405529953,0.06408663346923774,224.2568075117371,0.02407622203811102,True,MAR_Amb_AS_ETD_0002,528,4260
1.9084850188786497,1.3642745074865281,0.9204545454545454,0.6802390750162416,0.6230769230769231,0.9227272612294993,246.679012345679,0.043815056886952315,True,MAR_Amb_AS_ETD_0002,529,81
1.9731278535996986,1.7207498590385715,0.912621359223301,0.8138021784715447,0.6103896103896104,0.8267559507064746,246.3404255319149,0.051022110972048396,True,MAR_Amb_AS_ETD_0002,531,94
2.155336037465062,1.6554233835786716,0.8313953488372093,0.7969274164659392,0.5789473684210527,0.6944187540916477,239.43356643356643,0.04502948032359797,True,MAR_Amb_AS_ETD_0002,532,143
2.1931245983544616,4.938288249434857,0.7188940092165899,0.9792824038154672,0.5098039215686274,0.3255619440652452,240.46153846153845,0.07559074912016088,True,MAR_Amb_AS_ETD_0002,533,156
1.7323937598229686,3.1679577382251263,0.7105263157894737,0.948872106288931,0.35064935064935066,0.5011085684563713,235.92592592592592,0.08576615831517792,True,MAR_Amb_AS_ETD_0002,534,54
3.5058280338548364,5.541537093788535,0.5459965928449745,0.9835831778173351,0.18321614360029725,0.17547373114176323,229.7204368174727,0.028670888011991066,True,MAR_Amb_AS_ETD_0002,537,3205
1.9395192526186185,1.9850617324794004,0.925531914893617,0.8638420987294079,0.6041666666666666,0.8530757009337585,239.24137931034483,0.04669821951769213,True,MAR_Amb_AS_ETD_0002,538,87
1.6127838567197355,2.741973426175196,0.7321428571428571,0.9311247502015697,0.37272727272727274,0.5492536828018643,226.7560975609756,0.06771879483500717,True,MAR_Amb_AS_ETD_0002,539,41
2.8524799936368566,2.8460609741093355,0.6085470085470085,0.9362393770453535,0.37083333333333335,0.22695742433551516,232.83567415730337,0.05152015862524785,True,MAR_Amb_AS_ETD_0002,540,712
1.6901960800285136,1.7130962458226306,0.8596491228070176,0.811941822013117,0.5444444444444444,0.8845025938889486,242.44897959183675,0.08219287715086034,True,MAR_Amb_AS_ETD_0002,542,49
2.937517892017347,1.6877297812170615,0.6344322344322344,0.8055616884280493,0.4589295177530472,0.21252743732940702,223.07505773672057,0.05268305936693384,True,MAR_Amb_AS_ETD_0002,544,866
2.6190933306267428,1.4455771877928607,0.6698872785829307,0.7221224971034266,0.45021645021645024,0.4120224839991074,232.61298076923077,0.06676093514328808,True,MAR_Amb_AS_ETD_0002,545,416
1.8920946026904804,1.5461919002519768,0.7222222222222222,0.7627018503202029,0.42857142857142855,0.5133005262156828,230.1153846153846,0.05796882855706385,True,MAR_Amb_AS_ETD_0002,546,78
1.6232492903979006,2.6459819073443356,0.7777777777777778,0.9258335465650259,0.4375,0.57167219233123,238.64285714285714,0.08123249299719888,True,MAR_Amb_AS_ETD_0002,547,42
2.374748346010104,1.8663786658967263,0.9367588932806324,0.8443468638507876,0.6076923076923076,0.7284464934313033,251.81856540084388,0.05091420534458509,True,MAR_Amb_AS_ETD_0002,548,237
1.6812412373755872,2.8396659959832387,0.6486486486486487,0.9359420364459309,0.34285714285714286,0.4912272925879606,232.625,0.12998366013071896,True,MAR_Amb_AS_ETD_0002,552,48
2.9929950984313414,2.0984293223636676,0.7522935779816514,0.879149047005451,0.43733333333333335,0.37105228405106866,237.0111788617886,0.033743822732344976,True,MAR_Amb_AS_ETD_0002,553,984
2.167317334748176,5.339926896231554,0.6024590163934426,0.9823087681168933,0.2722222222222222,0.2781242744406948,240.68707482993196,0.09011604641856744,True,MAR_Amb_AS_ETD_0002,559,147
1.7853298350107671,1.2297174350942797,0.953125,0.5819913951835267,0.61,0.9919314688153542,242.81967213114754,0.08235294117647059,True,MAR_Amb_AS_ETD_0002,562,61
1.8260748027008264,2.684113858512436,0.881578947368421,0.928007128541303,0.46853146853146854,0.7021735608943805,236.83582089552237,0.04805384840503365,True,MAR_Amb_AS_ETD_0002,565,67
3.3364597338485296,2.0973014792391464,0.7073011734028684,0.879010087675211,0.4410569105691057,0.3081794879261009,233.93133640552995,0.022334869431643627,True,MAR_Amb_AS_ETD_0002,569,2170
1.6020599913279623,2.247043777994512,0.8888888888888888,0.8955160795495731,0.5194805194805194,0.806145057197707,236.2,0.06764705882352941,True,MAR_Amb_AS_ETD_0002,572,40
3.286231854028553,1.8147965143991447,0.7722732720735118,0.8344880983426989,0.6003105590062112,0.35375099042468,234.17123642007243,0.019252812351013865,True,MAR_Amb_AS_ETD_0002,575,1933
2.910624404889201,2.3948082401948114,0.5452109845947756,0.9086447721209281,0.34786324786324785,0.16279848093174504,224.04914004914005,0.020913426795779736,True,MAR_Amb_AS_ETD_0002,581,814
2.469822015978163,1.491111652939709,0.8832335329341318,0.7417824464491679,0.667420814479638,0.6843843874751365,151.58983050847456,0.0,True,MAR_Amb_AS_ETD_0003,2,295
4.6038477712994235,3.3732768508113353,0.682242831906509,0.955049103433828,0.5284868421052632,0.2018888633997159,181.35745051661894,7.518007825562691e-06,True,MAR_Amb_AS_ETD_0003,3,40165
3.188647295999717,2.947337385625222,0.7666335650446872,0.9406820821903759,0.4172972972972973,0.34997284878355517,148.27202072538861,0.0,True,MAR_Amb_AS_ETD_0003,4,1544
2.315970345456918,1.2158014028467476,0.8625,0.5687611296343401,0.6571428571428571,0.6530504182970793,151.1400966183575,0.0,True,MAR_Amb_AS_ETD_0003,5,207
1.7403626894942439,1.2328690431990432,0.5670103092783505,0.5848851001564134,0.38461538461538464,0.4222892431927847,145.76363636363635,0.0,True,MAR_Amb_AS_ETD_0003,7,55
3.182129214052998,3.5288740015525253,0.6957913998170174,0.9590087347807832,0.33072407045009783,0.31003853409288595,153.8500986193294,0.0,True,MAR_Amb_AS_ETD_0003,9,1521
1.8750612633917,1.7680500896741862,0.7575757575757576,0.824683261510639,0.390625,0.5642357843418071,152.37333333333333,0.0,True,MAR_Amb_AS_ETD_0003,11,75
2.48572142648158,1.5595689849340137,0.8247978436657682,0.7673714675546268,0.5828571428571429,0.5923798481415945,152.6437908496732,0.0,True,MAR_Amb_AS_ETD_0003,12,306
3.2135177569963047,2.680088812185558,0.6665307786384019,0.9277823022357927,0.31142857142857144,0.24327801774965727,151.8868501529052,0.0,True,MAR_Amb_AS_ETD_0003,13,1635
2.9278834103307068,2.862778139637556,0.6368421052631579,0.9370068300660853,0.32677469135802467,0.2945059666246287,152.71900826446281,0.0,True,MAR_Amb_AS_ETD_0003,15,847
2.7693773260761385,1.2790085375709064,0.786096256684492,0.623459546020758,0.5126416739319966,0.4604288970751922,152.04931972789115,0.0,True,MAR_Amb_AS_ETD_0003,19,588
1.8976270912904414,1.9870488206148196,0.7181818181818181,0.864135684629155,0.4647058823529412,0.5824621509932573,149.25316455696202,0.0,True,MAR_Amb_AS_ETD_0003,20,79
2.877371345869774,1.5291230477749997,0.6714158504007124,0.7565208205526569,0.4583586626139818,0.2943489251797877,150.29575596816977,0.0,True,MAR_Amb_AS_ETD_0003,21,754
3.1166077439882485,2.181733175896331,0.8341836734693877,0.888771166019499,0.4935849056603774,0.48620502443906505,155.08792048929664,0.0,True,MAR_Amb_AS_ETD_0003,22,1308
2.9479236198317262,1.163648562141997,0.7153225806451613,0.5113610204043193,0.479978354978355,0.31639916066717505,152.41600901916573,0.0,True,MAR_Amb_AS_ETD_0003,23,887
2.7331972651065692,2.478417174131786,0.7840579710144927,0.9149869983496305,0.42936507936507934,0.3561241918684669,151.16635859519408,0.0,True,MAR_Amb_AS_ETD_0003,25,541
1.6334684555795864,3.3141653098019233,0.8269230769230769,0.9533918027972356,0.41346153846153844,0.6331694517395707,239.7906976744186,0.0,True,MAR_Amb_AS_ETD_0003,28,43
3.049605612594973,2.5301484670651053,0.73993399339934,0.9185805918359674,0.5118721461187214,0.3090655078797336,193.18198037466547,0.0,True,MAR_Amb_AS_ETD_0003,31,1121
2.369215857410143,2.689135060062189,0.527027027027027,0.9282861071688302,0.31283422459893045,0.23739030800230862,151.52136752136752,0.0,True,MAR_Amb_AS_ETD_0003,34,234
4.7367469838848155,1.5942101670761935,0.595790232553059,0.7788019732500983,0.4067230399832968,0.05176291905728816,167.9834628923438,8.577352912417534e-05,True,MAR_Amb_AS_ETD_0003,40,54544
2.6720978579357175,2.7552646501289857,0.6723891273247496,0.9318119108943278,0.38461538461538464,0.2763126455519088,214.58723404255318,0.0,True,MAR_Amb_AS_ETD_0003,41,470
2.462397997898956,4.332632734430688,0.8761329305135952,0.9729996597907065,0.3502415458937198,0.4339517004627287,246.7655172413793,0.0018661257606490873,True,MAR_Amb_AS_ETD_0003,49,290
2.311753861055754,2.5426108288817932,0.8686440677966102,0.9194116838951882,0.6327160493827161,0.5820616628338487,249.38536585365853,0.0011095169775227163,True,MAR_Amb_AS_ETD_0003,50,205
2.2278867046136734,2.1854508300766673,0.8802083333333334,0.8891728338501994,0.5868055555555556,0.6028051975747958,255.0,2.320454809142592e-05,True,MAR_Amb_AS_ETD_0003,51,169
2.2528530309798933,1.9071458301072783,0.9040404040404041,0.8515066822003358,0.5986622073578596,0.6979622781734447,255.0,8.763281849052471e-05,True,MAR_Amb_AS_ETD_0003,52,179
1.6334684555795864,2.2614931201859454,0.8958333333333334,0.8969235055472655,0.5375,0.8273336577491281,255.0,0.00337437300501596,True,MAR_Amb_AS_ETD_0003,53,43
3.413299764081252,3.2242102095984513,0.7099780701754386,0.9506865004132863,0.5541292255027813,0.24504388259785126,213.63706563706563,0.008261034143387086,True,MAR_Amb_AS_ETD_0003,64,2590
3.9007493580610797,2.812330288290652,0.771999611914233,0.9346469861428643,0.38372878086419754,0.21848560745479187,198.08395123790373,0.0066026460854544155,True,MAR_Amb_AS_ETD_0003,66,7957
1.9344984512435677,3.2840935458951703,0.7818181818181819,0.9525129671132903,0.31851851851851853,0.45569830944491585,207.74418604651163,0.0168718650250798,True,MAR_Amb_AS_ETD_0003,68,86
3.978317496746751,1.996484480996497,0.6423362592842674,0.8655164917650816,0.3739827809883241,0.30799728794899045,206.6869546935772,0.006712795493473328,True,MAR_Amb_AS_ETD_0003,70,9513
3.8677620246502005,3.7205254852482965,0.5759918775382693,0.9632018074764452,0.504584017515052,0.1901944103050192,211.0337627118644,0.015885676304420074,True,MAR_Amb_AS_ETD_0003,85,7375
3.754501229386917,2.064500791197167,0.6234364713627386,0.8748584875516386,0.5489855072463768,0.27030881472111024,210.64836325237593,0.014804232146924239,True,MAR_Amb_AS_ETD_0003,89,5682
2.975431808509263,4.421561054810961,0.6372218476062036,0.9740891303119302,0.3807413376309428,0.24154430417723502,221.9915343915344,0.0066562921464882255,True,MAR_Amb_AS_ETD_0003,94,945
2.785329835010767,3.1218148866839797,0.7126168224299065,0.9473072051066854,0.3388888888888889,0.3713124908360987,227.7639344262295,0.014027643844423015,True,MAR_Amb_AS_ETD_0003,97,610
2.093421685162235,2.393659419243619,0.4732824427480916,0.9085526464650325,0.2701525054466231,0.26341885662400555,216.99193548387098,0.01157495256166983,True,MAR_Amb_AS_ETD_0003,101,124
2.3710678622717363,2.051499614809751,0.8703703703703703,0.8731518508711051,0.4662698412698413,0.615711891082759,228.7404255319149,0.02758448060075094,True,MAR_Amb_AS_ETD_0003,102,235
3.073351702386901,3.467631278656096,0.7713355048859935,0.9575156544315337,0.31913746630727763,0.34778521250403416,217.55743243243242,0.0084525702172761,True,MAR_Amb_AS_ETD_0003,103,1184
2.788875115775417,3.724878894234164,0.4459753444525018,0.9632894102475426,0.23590333716915995,0.18089710543796006,232.79674796747966,0.032233381157340986,True,MAR_Amb_AS_ETD_0003,107,615
2.950364854376123,1.972061631110466,0.7269763651181744,0.8618969079083965,0.52316715542522,0.45619111926052097,240.16367713004485,0.019695770684955597,True,MAR_Amb_AS_ETD_0003,109,892
3.1728946977521764,1.7049809101462916,0.7739085239085239,0.809937039024549,0.5252204585537918,0.31948332349508646,222.45735392881127,0.023537312843203095,True,MAR_Amb_AS_ETD_0003,110,1489
1.7853298350107671,4.394735300733822,0.6161616161616161,0.9737675685356947,0.5350877192982456,0.36160823112904045,222.72131147540983,0.04223722275795564,True,MAR_Amb_AS_ETD_0003,112,61
4.318605864055056,4.122217167675942,0.6240186971894289,0.9701294302750098,0.2704850964348334,0.12865103880410625,186.4301354076635,0.005974432411973721,True,MAR_Amb_AS_ETD_0003,114,20826
3.1975562131535367,6.736796716085234,0.7115124153498872,0.9889216408233225,0.38817733990147785,0.1734128582084261,194.68083756345177,0.012692843634915896,True,MAR_Amb_AS_ETD_0003,119,1576
2.8363241157067516,4.296317639446846,0.7912341407151096,0.9725348131391848,0.3118181818181818,0.3545754842323709,228.73760932944606,0.018064368604584692,True,MAR_Amb_AS_ETD_0003,121,686
3.1720188094245563,1.4290698075099355,0.8476896748431261,0.7143820470348884,0.5596986817325801,0.5393796417638859,221.97173620457605,0.0063916818409732665,True,MAR_Amb_AS_ETD_0003,127,1486
2.806179973983887,3.2404067843943136,0.743321718931475,0.9511908570142329,0.39408866995073893,0.3238795967948701,226.3375,0.02372549019607843,True,MAR_Amb_AS_ETD_0003,129,640
4.012584163914151,3.1828659977049782,0.6094008998342411,0.9493626882834926,0.2607990676699349,0.228501624394864,198.84690110744123,0.006215309127342408,True,MAR_Amb_AS_ETD_0003,131,10294
3.2545480771089736,3.837724144277539,0.755359394703657,0.965454660812861,0.34825581395348837,0.3785206408929253,230.4941569282137,0.012432485515074145,True,MAR_Amb_AS_ETD_0003,141,1797
3.633165353683903,4.713446592280837,0.5672607260726072,0.9772351657216889,0.19491064138619252,0.19314668472911908,218.09285548056783,0.0153677668414352,True,MAR_Amb_AS_ETD_0003,142,4297
3.0461047872460387,1.334771050987508,0.6936993137866501,0.6623527119460049,0.49731663685152055,0.3632412974967407,231.25359712230215,0.03585131894484413,True,MAR_Amb_AS_ETD_0003,143,1112
5.568489202272053,4.094940142015945,0.3540927070741075,0.969723928404947,0.16906511777639266,0.033125665026445476,168.3010033896474,0.006492235268697278,True,MAR_Amb_Cast_CBS_0005,194,370245
3.295347148333618,4.519589567805011,0.38034682080924853,0.9752150747464111,0.14215756877430505,0.0873090866714612,226.5739614994934,0.024113475177304965,True,MAR_Amb_Cast_CBS_0005,268,1974
2.2405492482826,5.3990586706757755,0.5594855305466238,0.9826975566978068,0.3858093126385809,0.2244318501489199,239.77011494252875,0.189272030651341,True,MAR_Amb_Cast_CBS_0005,283,174
1.6334684555795864,2.363242957070367,0.8269230769230769,0.9060608800111628,0.5972222222222222,0.843270233106934,220.30232558139534,0.03502051983584131,True,MAR_Amb_Cast_CBS_0005,299,43
2.0863598306747484,3.696452711647916,0.7218934911242604,0.9627116479028711,0.5213675213675214,0.3995871465243812,215.47540983606558,0.05162327225972356,True,MAR_Amb_Cast_CBS_0005,311,122
2.2576785748691846,6.468407877320356,0.6464285714285715,0.9879775291084364,0.25857142857142856,0.30400559900764984,204.02762430939225,0.020517820387823637,True,MAR_Amb_Cast_CBS_0005,316,181
2.2810333672477277,1.7079201069710837,0.5552325581395349,0.8106670027862011,0.31006493506493504,0.30910507226258016,195.7539267015707,0.02634226465455292,True,MAR_Amb_Cast_CBS_0005,882,191
2.5514499979728753,2.4994136632896895,0.5460122699386503,0.9164741799361794,0.3677685950413223,0.24081896230674146,251.76404494382024,0.058922670191672175,True,MAR_Amb_Cast_CBS_0005,887,356
2.0453229787866576,1.896701964705217,0.6568047337278107,0.8497220213285624,0.502262443438914,0.47335265674702537,249.77477477477478,0.0784313725490196,True,MAR_Amb_Cast_CBS_0005,888,111
2.1958996524092336,1.1202159536911702,0.6767241379310345,0.45068110311106974,0.5432525951557093,0.42437280383941783,250.11464968152868,0.04171350068689897,True,MAR_Amb_Cast_CBS_0005,891,157
1.8388490907372552,1.3384236868280461,0.9583333333333334,0.6646581937340603,0.7666666666666667,0.9925613895068655,212.2608695652174,0.011594202898550723,True,MAR_Amb_Cast_CBS_0005,894,69
2.2068258760318495,4.413426931305246,0.6338582677165354,0.9739922564765382,0.4128205128205128,0.37423386706314815,253.0062111801242,0.06739739374010474,True,MAR_Amb_Cast_CBS_0005,895,161
1.7853298350107671,2.8554738028759505,0.8026315789473685,0.9366732370940417,0.3961038961038961,0.5713827347077455,237.0655737704918,0.046994535519125684,True,MAR_Amb_Cast_CBS_0005,896,61
1.7708520116421442,1.1586249042274548,0.9076923076923077,0.5050465616686093,0.7283950617283951,0.9361550239297056,248.0,0.036291126620139585,True,MAR_Amb_Cast_CBS_0005,897,59
3.3062105081677613,2.382844589182806,0.3549009293354375,0.9076783824473442,0.19858712715855573,0.09293028138633715,247.83053359683794,0.030006587615283267,True,MAR_Amb_Cast_CBS_0005,899,2024
2.2405492482826,2.781940007305526,0.6373626373626373,0.9331599620454305,0.32222222222222224,0.4101741835923281,249.5632183908046,0.04356547216587784,True,MAR_Amb_Cast_CBS_0005,900,174
2.290034611362518,2.394091974310389,0.5508474576271186,0.9085873503608993,0.34759358288770054,0.293574712262946,223.36923076923077,0.03177476118652589,True,MAR_Amb_Cast_CBS_0005,901,195
2.9116901587538613,2.133341356021539,0.5090455396132252,0.8833318120126337,0.27530364372469635,0.14566568618433892,246.8186274509804,0.03452518262206844,True,MAR_Amb_Cast_CBS_0005,905,816
2.0569048513364727,4.424341891522044,0.7080745341614907,0.9741221241621318,0.5066666666666667,0.44405165291158133,246.03508771929825,0.044960440316477474,True,MAR_Amb_Cast_CBS_0005,906,114
2.3010299956639813,1.0705638229589727,0.8547008547008547,0.3570448706277237,0.5555555555555556,0.7276710386052894,247.465,0.01931372549019608,True,MAR_Amb_Cast_CBS_0005,907,200
1.6720978579357175,1.791431179079945,0.7121212121212122,0.8296977487618259,0.4351851851851852,0.622636786423006,161.06382978723406,0.0021693783896537338,True,MAR_Amb_Cast_CBS_0005,908,47
1.9294189257142926,2.718234484531192,0.85,0.9298709600850422,0.4722222222222222,0.6471282607352984,253.43529411764706,0.07953863898500577,True,MAR_Amb_Cast_CBS_0005,910,85
2.4800069429571505,4.8722882350424594,0.569811320754717,0.9787111771438818,0.31166150670794635,0.2288274862169078,177.78807947019868,0.0036488767692507466,True,MAR_Amb_Cast_CBS_0005,911,302
1.7075701760979363,1.2128823723053597,0.9272727272727272,0.5658877999866504,0.7083333333333334,1.0,203.47058823529412,0.005382545174932718,True,MAR_Amb_Cast_CBS_0005,912,51
2.225309281725863,3.120852093160927,0.5714285714285714,0.9472737833336919,0.3111111111111111,0.3035418702385784,179.4345238095238,0.004411764705882353,True,MAR_Amb_Cast_CBS_0005,915,168
1.6989700043360187,2.3035189590878464,0.847457627118644,0.9008558161811699,0.6410256410256411,0.748627895073121,184.6,0.006745098039215686,True,MAR_Amb_Cast_CBS_0005,916,50
2.012837224705172,4.76943025280645,0.7103448275862069,0.9777724977805418,0.29428571428571426,0.36440473560739683,191.62135922330097,0.006853226727584237,True,MAR_Amb_Cast_CBS_0005,918,103
1.9777236052888478,2.810262926168048,0.8482142857142857,0.9345474290542385,0.4298642533936652,0.6087436792833503,171.53684210526316,0.0032610939112487102,True,MAR_Amb_Cast_CBS_0005,920,95
1.662757831681574,1.5625591054183545,0.8518518518518519,0.7683950718890352,0.6571428571428571,0.8303493738549313,195.6086956521739,0.005370843989769821,True,MAR_Amb_Cast_CBS_0005,922,46
1.7781512503836436,4.725956379437577,0.6451612903225806,0.9773569192941342,0.5,0.4031013467504749,195.38333333333333,0.01392156862745098,True,MAR_Amb_Cast_CBS_0005,924,60
2.531478917042255,2.622146232744975,0.4370179948586118,0.9244237251541478,0.27375201288244766,0.14437033436815574,197.9764705882353,0.003979238754325259,True,MAR_Amb_Cast_CBS_0005,927,340
1.6812412373755872,1.7377818351579897,0.9411764705882353,0.8178396175842076,0.6857142857142857,0.9864517666782943,254.35416666666666,0.10187908496732026,True,MAR_Amb_Cast_CBS_0005,929,48
2.9876662649262746,2.4049883511660615,0.3632286995515695,0.9094549683143318,0.19224683544303797,0.12292710272715815,249.03292181069958,0.026067134672799162,True,MAR_Amb_Cast_CBS_0005,932,972
2.357934847000454,10.432929407195205,0.8113879003558719,0.9953957550714668,0.15384615384615385,0.22400329727360896,249.35526315789474,0.04871001031991744,True,MAR_Amb_Cast_CBS_0005,936,228
1.6812412373755872,1.4965123674620373,1.0,0.7439634264458945,0.7619047619047619,1.0,240.64583333333334,0.026715686274509803,True,MAR_Amb_Cast_CBS_0005,937,48
2.725094521081469,1.6156501459030232,0.49906015037593987,0.7854336373294569,0.251063829787234,0.2104467849521476,213.49529190207156,0.006078062109966397,True,MAR_Amb_Cast_CBS_0005,941,531
1.6901960800285136,2.7771113316740372,0.8909090909090909,0.9329189622866192,0.44545454545454544,0.7215186775636968,252.26530612244898,0.0581032412965186,True,MAR_Amb_Cast_CBS_0005,944,49
1.8260748027008264,1.6056166796573272,0.9178082191780822,0.7823702100343751,0.6203703703703703,0.9119532591950574,254.7462686567164,0.07287093942054433,True,MAR_Amb_Cast_CBS_0005,948,67
2.287801729930226,2.9956235036114762,0.7637795275590551,0.9426367238718127,0.5132275132275133,0.4599261990302043,230.5721649484536,0.008793208004851425,True,MAR_Amb_Cast_CBS_0005,952,194
2.837588438235511,4.77139359802045,0.6294602012808783,0.9777909941773372,0.3125851885506588,0.274912333325573,249.81976744186048,0.02264591883264934,True,MAR_Amb_Cast_CBS_0005,953,688
2.9278834103307068,1.4477665172103815,0.722080136402387,0.723123164699115,0.4935897435897436,0.4492429404263962,249.7922077922078,0.014926962520545409,True,MAR_Amb_Cast_CBS_0005,954,847
1.8573324964312685,3.311755596664634,0.7912087912087912,0.95332229058279,0.47058823529411764,0.520357491837563,205.20833333333334,0.003431372549019608,True,MAR_Amb_Cast_CBS_0005,956,72
2.6127838567197355,1.6898303600390527,0.49878345498783455,0.8061029103288082,0.328525641025641,0.23779457530915757,240.78780487804877,0.024017216642754663,True,MAR_Amb_Cast_CBS_0005,958,410
1.7481880270062005,1.2889338432254476,0.9491525423728814,0.6309358435217426,0.7777777777777778,1.0,251.41071428571428,0.02373949579831933,True,MAR_Amb_Cast_CBS_0005,962,56
2.037426497940624,1.6397312591260238,0.8320610687022901,0.7925122205150082,0.48444444444444446,0.6866596605444972,237.10091743119267,0.0066558733585177195,True,MAR_Amb_Cast_CBS_0005,964,109
2.5575072019056577,2.143705369486638,0.6026711185308848,0.8845306833698549,0.3683673469387755,0.2559755772816124,249.1578947368421,0.036814947585682475,True,MAR_Amb_Cast_CBS_0005,965,361
2.404833716619938,3.5153332052523325,0.6920980926430518,0.9586855196652032,0.3427800269905533,0.3462068419091533,227.05905511811022,0.008198239925891616,True,MAR_Amb_Cast_CBS_0005,966,254
1.8692317197309762,1.5082949239053436,0.9487179487179487,0.7486191226546826,0.6851851851851852,0.9338305498354373,247.8783783783784,0.023476417594064655,True,MAR_Amb_Cast_CBS_0005,967,74
2.0211892990699383,5.061460848809314,0.6818181818181818,0.9802884955762888,0.3230769230769231,0.3647148331742847,207.76190476190476,0.008440709617180206,True,MAR_Amb_Cast_CBS_0005,968,105
1.7853298350107671,1.4221350719956958,0.8026315789473685,0.7110236560603713,0.5545454545454546,0.6710150439104383,207.9344262295082,0.0024429443908711027,True,MAR_Amb_Cast_CBS_0005,970,61
2.0211892990699383,1.63216697287798,0.8015267175572519,0.7903292100899172,0.5048076923076923,0.6454589182302689,244.59047619047618,0.015873015873015872,True,MAR_Amb_Cast_CBS_0005,975,105
2.2833012287035497,3.9395275197295443,0.6881720430107527,0.9672468661018991,0.375,0.37011131410030557,211.515625,0.003533496732026144,True,MAR_Amb_Cast_CBS_0005,979,192
2.6655809910179533,4.44801633276338,0.6493688639551192,0.9744004690530125,0.23622448979591837,0.277291772335084,229.52051835853132,0.005996696734849447,True,MAR_Amb_Cast_CBS_0005,980,463
2.367355921026019,4.386136359819292,0.6934523809523809,0.9736632189185677,0.31700680272108844,0.36554784058402906,246.46781115879827,0.017083228141041823,True,MAR_Amb_Cast_CBS_0005,981,233
2.0530784434834195,2.853576494990989,0.7793103448275862,0.9365861470790016,0.6277777777777778,0.5363137027656366,242.76106194690266,0.01631094915842443,True,MAR_Amb_Cast_CBS_0005,983,113
1.8129133566428555,3.0849586618139044,0.8904109589041096,0.9460045134418267,0.48148148148148145,0.6587371388500228,252.1846153846154,0.06238310708898944,True,MAR_Amb_Cast_CBS_0005,986,65
1.9344984512435677,2.0573313642971636,0.9052631578947369,0.8739217867396206,0.5733333333333334,0.780394501879108,248.6046511627907,0.030551755585955312,True,MAR_Amb_Cast_CBS_0005,987,86
2.7664128471123997,2.797079720587411,0.5073848827106864,0.9339071165462756,0.28185328185328185,0.1697897513796897,225.54623287671234,0.005748052645715821,True,MAR_Amb_Cast_CBS_0005,988,584
2.506505032404872,3.8312713415513255,0.7447795823665894,0.9653361062356808,0.34516129032258064,0.3996308980631148,231.64797507788163,0.0065848146112027365,True,MAR_Amb_Cast_CBS_0005,989,321
2.4471580313422194,2.1436347283815853,0.4236006051437216,0.88452257613504,0.31215161649944256,0.2164328591028942,235.39642857142857,0.010028011204481792,True,MAR_Amb_Cast_CBS_0005,995,280
2.2068258760318495,1.7418448316267068,0.8944444444444445,0.8187824212559407,0.5366666666666666,0.7332836496183855,245.11180124223603,0.00784313725490196,True,MAR_Amb_Cast_CBS_0005,996,161
2.44870631990508,2.2137305741825246,0.7317708333333334,0.8921566460467508,0.37466666666666665,0.4442539655197634,241.7935943060498,0.00965738608610704,True,MAR_Amb_Cast_CBS_0005,999,281
1.7993405494535817,1.847585038090331,0.9130434782608695,0.8408636051374532,0.5833333333333334,0.8575082884968451,245.31746031746033,0.02483660130718954,True,MAR_Amb_Cast_CBS_0005,1001,63
2.747411807886423,2.2128457600075793,0.8031609195402298,0.8920651674759718,0.4326625386996904,0.46650570556067417,228.22540250447227,0.008172857694061526,True,MAR_Amb_Cast_CBS_0005,1002,559
2.8627275283179747,1.8997653869013154,0.5832,0.850248944006948,0.3719387755102041,0.24367258003385492,248.14677640603566,0.021130207913069205,True,MAR_Amb_Cast_CBS_0005,1003,729
1.7481880270062005,1.674805410875587,0.8888888888888888,0.8021785028153554,0.6363636363636364,0.926732795611697,237.66071428571428,0.008893557422969187,True,MAR_Amb_Cast_CBS_0005,1004,56
2.5538830266438746,4.63745669381288,0.7366255144032922,0.9764739414743929,0.2728658536585366,0.3004418905585039,239.9804469273743,0.007372110855515391,True,MAR_Amb_Cast_CBS_0005,1005,358
1.7853298350107671,1.9035593240272497,0.953125,0.8508975471475828,0.6354166666666666,0.9133260319892079,233.1639344262295,0.0026358084217293475,True,MAR_Amb_Cast_CBS_0005,1006,61
2.2278867046136734,3.3675889923068523,0.5671140939597316,0.9548935419748585,0.23214285714285715,0.27672470815788464,197.698224852071,0.001160227404571296,True,MAR_Amb_Cast_CBS_0005,1008,169
2.2095150145426308,1.5378541699748283,0.8223350253807107,0.7597145550821399,0.6090225563909775,0.6619576994486162,243.03086419753086,0.009489227789881385,True,MAR_Amb_Cast_CBS_0005,1009,162
1.6434526764861874,2.2868334074388392,0.9361702127659575,0.8993225469580123,0.8,0.8628811687605836,239.86363636363637,0.015775401069518715,True,MAR_Amb_Cast_CBS_0005,1010,44
2.130333768495006,1.2470694956335246,0.7670454545454546,0.5974852112713498,0.47368421052631576,0.5421022787477594,233.2074074074074,0.002585330428467683,True,MAR_Amb_Cast_CBS_0005,1011,135
1.9030899869919435,2.2932040391734683,0.7017543859649122,0.8999122172435892,0.5925925925925926,0.5383527386422593,244.825,0.02764705882352941,True,MAR_Amb_Cast_CBS_0005,1012,80
2.4608978427565478,1.8970622519798186,0.5245009074410163,0.8497841418599372,0.36215538847117795,0.20740440784258204,245.6159169550173,0.033421534703846935,True,MAR_Amb_Cast_CBS_0005,1014,289
1.9395192526186185,1.4493255897641657,1.0,0.723832161913393,0.7909090909090909,1.0,233.3448275862069,0.0013522650439486141,True,MAR_Amb_Cast_CBS_0005,1016,87
2.1986570869544226,2.136276915743288,0.8977272727272727,0.883673324317746,0.6245059288537549,0.6948268096362926,247.5759493670886,0.02889054355919583,True,MAR_Amb_Cast_CBS_0005,1017,158
2.7259116322950483,1.767017906446838,0.8512,0.8244565748021432,0.520039100684262,0.5744093455701856,235.093984962406,0.002240896358543417,True,MAR_Amb_Cast_CBS_0005,1018,532
1.7481880270062005,2.0447291284270417,0.9180327868852459,0.8722488368790132,0.6153846153846154,0.8384632424818955,184.92857142857142,0.0007703081232492997,True,MAR_Amb_Cast_CBS_0005,1019,56
2.9185545305502734,1.579635393179759,0.6168154761904762,0.7741047914063176,0.3527659574468085,0.24303578516195012,240.87575392038602,0.010293526336952151,True,MAR_Amb_Cast_CBS_0005,1020,829
2.2068258760318495,5.3801887416293,0.486404833836858,0.9825748961713945,0.17538126361655773,0.22989340517795706,239.0,0.022311533308975763,True,MAR_Amb_Cast_CBS_0005,1022,161
1.9444826721501687,1.8700481954593937,0.8543689320388349,0.8450131174258155,0.5238095238095238,0.6897139777302109,233.04545454545453,0.0018270944741532976,True,MAR_Amb_Cast_CBS_0005,1023,88
2.1986570869544226,2.180682853056345,0.9349112426035503,0.8886572802462293,0.7523809523809524,0.7399874760969163,252.27215189873417,0.029039463886820552,True,MAR_Amb_Cast_CBS_0005,1024,158
1.6020599913279623,2.5341023458478347,0.975609756097561,0.9188456787698549,0.5,0.8453417202576686,251.3,0.06313725490196079,True,MAR_Amb_Cast_CBS_0005,1025,40
1.6127838567197355,1.0594708047733767,0.9318181818181818,0.3303244602466295,0.640625,1.0,248.21951219512195,0.02659014825442372,True,MAR_Amb_Cast_CBS_0005,1027,41
1.9444826721501687,1.3951392041201034,0.8712871287128713,0.6973051894758588,0.6666666666666666,0.7840175773856687,248.2840909090909,0.02161319073083779,True,MAR_Amb_Cast_CBS_0005,1028,88
2.2174839442139063,2.664621629283871,0.6962025316455697,0.9269083364049464,0.4583333333333333,0.4854356462623185,246.37575757575758,0.02001188354129531,True,MAR_Amb_Cast_CBS_0005,1031,165
2.1271047983648077,1.8373925299678406,0.73224043715847,0.8389233942696191,0.49264705882352944,0.5162372080733806,244.2910447761194,0.023324553702077845,True,MAR_Amb_Cast_CBS_0005,1033,134
2.290034611362518,3.2621554742319048,0.8628318584070797,0.9518559154086872,0.4276315789473684,0.5496516585019733,248.73846153846154,0.018320764203117144,True,MAR_Amb_Cast_CBS_0005,1034,195
1.7634279935629373,1.1821984208329266,0.9354838709677419,0.5333705689724368,0.5858585858585859,0.8207951326302529,228.6551724137931,0.005476673427991886,True,MAR_Amb_Cast_CBS_0005,1035,58
2.3820170425748683,2.4087125704464007,0.6827195467422096,0.9097486231322776,0.5063025210084033,0.40544690628995156,241.8921161825726,0.009388983809291351,True,MAR_Amb_Cast_CBS_0005,1037,241
1.792391689498254,2.1404191814568883,0.8985507246376812,0.8841526095856305,0.5961538461538461,0.8438970458222919,224.24193548387098,0.0024667931688804553,True,MAR_Amb_Cast_CBS_0005,1040,62
1.8388490907372552,1.9211487562806084,0.8961038961038961,0.8538483191146333,0.575,0.7376818698347845,189.7536231884058,0.001534526854219949,True,MAR_Amb_Cast_CBS_0005,1042,69
1.8573324964312685,3.5250664528550426,0.6101694915254238,0.9589182369294845,0.36,0.433924741075786,175.34722222222223,0.0008714596949891067,True,MAR_Amb_Cast_CBS_0005,1043,72
2.2355284469075487,2.0287677925448104,0.7782805429864253,0.870080283169465,0.5584415584415584,0.5741608683823684,242.17441860465115,0.008299133606931146,True,MAR_Amb_Cast_CBS_0005,1045,172
2.0569048513364727,2.8253867145344618,0.912,0.935270457796247,0.4789915966386555,0.6859794629839534,250.59649122807016,0.04076367389060888,True,MAR_Amb_Cast_CBS_0005,1046,114
3.534660575828444,2.2317492990989485,0.5122644331438827,0.8939939638646234,0.25206064174271414,0.1544137534151226,243.26481751824818,0.002917418062115357,True,MAR_Amb_Cast_CBS_0005,1048,3425
2.1789769472931693,3.1771875076941662,0.5655430711610487,0.9491766717151634,0.3852040816326531,0.2989561974374645,234.2317880794702,0.007791195948578107,True,MAR_Amb_Cast_CBS_0005,1049,151
2.6599162000698504,4.125691430820118,0.6903323262839879,0.9701804902059684,0.28634085213032584,0.31148941042180556,242.12253829321662,0.012296734886514782,True,MAR_Amb_Cast_CBS_0005,1054,457
2.0969100130080562,2.0981950158880207,0.8333333333333334,0.8791201988126347,0.5341880341880342,0.6974939924564969,250.728,0.02804705882352941,True,MAR_Amb_Cast_CBS_0005,1055,125
2.7371926427047373,2.635651645118213,0.7408412483039348,0.9252274956477217,0.455,0.4296665026811273,237.06959706959708,0.0007756948933419521,True,MAR_Amb_Cast_CBS_0005,1056,546
2.0530784434834195,4.992965990313272,0.8828125,0.9797383415523526,0.5432692307692307,0.45607433495350547,246.94690265486724,0.03945861530452889,True,MAR_Amb_Cast_CBS_0005,1058,113
2.376576957056512,2.764460383458321,0.8623188405797102,0.9322812522429814,0.4897119341563786,0.6071744415720437,247.08823529411765,0.010051079255231505,True,MAR_Amb_Cast_CBS_0005,1059,238
1.6334684555795864,2.28143371824347,0.8958333333333334,0.8988185688007255,0.5584415584415584,0.7761961538209141,171.95348837209303,0.0020975832193342453,True,MAR_Amb_Cast_CBS_0005,1060,43
1.7708520116421442,2.2850654616630592,0.855072463768116,0.8991579607374552,0.49166666666666664,0.7221587176355242,170.45762711864407,0.0012628780325689597,True,MAR_Amb_Cast_CBS_0005,1062,59
2.27415784926368,3.0699012330612727,0.7230769230769231,0.9454582228839203,0.5595238095238095,0.482459987602127,212.67021276595744,0.002002503128911139,True,MAR_Amb_Cast_CBS_0005,1063,188
1.9822712330395684,4.107123999602878,0.9896907216494846,0.9699060738589071,0.9142857142857143,0.6096048496287129,246.29166666666666,0.03966503267973857,True,MAR_Amb_Cast_CBS_0005,1065,96
1.845098040014257,3.787583099236794,0.4666666666666667,0.9645170384887591,0.2564102564102564,0.3239073338899169,174.34285714285716,0.0012324929971988794,True,MAR_Amb_Cast_CBS_0005,1066,70
2.4871383754771865,1.5794259537631665,0.5229982964224872,0.774036132997286,0.2524671052631579,0.259269456023837,240.78501628664495,0.010244619020246534,True,MAR_Amb_Cast_CBS_0005,1070,307
1.792391689498254,1.165046197965796,0.96875,0.5130895849383963,0.6888888888888889,1.0,234.59677419354838,0.003795066413662239,True,MAR_Amb_Cast_CBS_0005,1071,62
3.1367205671564067,2.0151938594852155,0.5460342766042248,0.8681910009804606,0.31712962962962965,0.25600918929270783,231.76569343065694,0.00685558895090883,True,MAR_Amb_Cast_CBS_0005,1072,1370
1.6334684555795864,1.2823054489146435,0.9148936170212766,0.6259721711622496,0.7678571428571429,0.9941584211054686,234.8139534883721,0.013132694938440494,True,MAR_Amb_Cast_CBS_0005,1073,43
2.424881636631067,1.2827782324533072,0.6535626535626535,0.6263300768379789,0.44333333333333336,0.41506704542766554,242.52631578947367,0.013607548282470882,True,MAR_Amb_Cast_CBS_0005,1076,266
3.0141003215196207,10.009321334649384,0.5657174151150055,0.9949967922739618,0.2782866379310345,0.13982473151092456,235.76089060987417,0.005178140956285709,True,MAR_Amb_Cast_CBS_0005,1078,1033
2.6532125137753435,3.297579088684118,0.7305194805194806,0.9529101511624098,0.45592705167173253,0.41030669616040893,253.07333333333332,0.02988235294117647,True,MAR_Amb_Cast_CBS_0005,1079,450
1.7323937598229686,1.7679733806631561,0.9152542372881356,0.8246664305770622,0.7012987012987013,0.9498898157053113,244.53703703703704,0.03129992737835875,True,MAR_Amb_Cast_CBS_0005,1080,54
2.611723308007342,1.2932574921754172,0.6771523178807947,0.6341119908322562,0.4766899766899767,0.3655899170170119,249.26161369193153,0.02788244882305,True,MAR_Amb_Cast_CBS_0005,1084,409
2.1072099696478683,3.51189044424612,0.6918918918918919,0.9586027276737057,0.39751552795031053,0.45656251650635415,234.9609375,0.004411764705882353,True,MAR_Amb_Cast_CBS_0005,1085,128
1.6127838567197355,1.2796851934193252,1.0,0.6239776468404984,0.7321428571428571,1.0,241.85365853658536,0.008990913438546149,True,MAR_Amb_Cast_CBS_0005,1086,41
2.5899496013257077,1.7489205995299946,0.6753472222222222,0.8204061228631077,0.3754826254826255,0.3517730990986896,237.573264781491,0.0033368617369827105,True,MAR_Amb_Cast_CBS_0005,1087,389
2.290034611362518,3.062842954478173,0.8904109589041096,0.945199257018555,0.42207792207792205,0.601243338045468,244.5179487179487,0.006535947712418301,True,MAR_Amb_Cast_CBS_0005,1088,195
2.826722520168992,4.473870686813815,0.6241860465116279,0.9746993214445943,0.44733333333333336,0.24547258385358295,249.09985096870344,0.01784284503667339,True,MAR_Amb_Cast_CBS_0005,1091,671
2.3783979009481375,6.864175132785692,0.6602209944751382,0.9893311846622624,0.21339285714285713,0.267893042016845,174.65690376569037,0.0019033554844531955,True,MAR_Amb_Cast_CBS_0005,1092,239
3.0170333392987803,6.658394765192032,0.7407407407407407,0.9886577064754865,0.3385416666666667,0.25527051882395596,252.38846153846154,0.01939291101055807,True,MAR_Amb_Cast_CBS_0005,1093,1040
2.3010299956639813,2.9457298647834484,0.9216589861751152,0.9406152793356833,0.5,0.6378841236126003,239.38,0.03188235294117647,True,MAR_Amb_Cast_CBS_0005,1096,200
2.1789769472931693,2.4662316079906748,0.7704081632653061,0.9141052817746905,0.5243055555555556,0.5238754998065732,225.17880794701986,0.005609661082976237,True,MAR_Amb_Cast_CBS_0005,1097,151
2.0043213737826426,2.4671043586088293,0.8859649122807017,0.9141688949057641,0.5611111111111111,0.7264398575376334,242.4257425742574,0.007920792079207921,True,MAR_Amb_Cast_CBS_0005,1098,101
2.4727564493172123,3.3104916884672164,0.8413597733711048,0.953285768298001,0.4640625,0.5429186952076503,251.12457912457913,0.018736383442265796,True,MAR_Amb_Cast_CBS_0005,1103,297
1.6812412373755872,1.8713599722541774,0.9056603773584906,0.8452502113332575,0.5925925925925926,0.8664515205442763,226.3125,0.00261437908496732,True,MAR_Amb_Cast_CBS_0005,1105,48
2.694605198933569,2.2473198739664606,0.5493895671476138,0.8955432480367452,0.336734693877551,0.2954659565755921,251.08686868686868,0.02730837789661319,True,MAR_Amb_Cast_CBS_0005,1106,495
1.9590413923210936,2.3609481663881846,0.91,0.9058686861216058,0.5515151515151515,0.7664078075811077,193.21978021978023,0.011937082525317819,True,MAR_Amb_Cast_CBS_0005,1107,91
2.6314437690131722,3.179110740344278,0.6604938271604939,0.949239788896211,0.4553191489361702,0.3847973502798355,253.7289719626168,0.03416712479384277,True,MAR_Amb_Cast_CBS_0005,1108,428
2.481442628502305,2.68817461246632,0.8535211267605634,0.9282328719372342,0.5611111111111111,0.488063502205835,228.07260726072607,0.0008930304795185402,True,MAR_Amb_Cast_CBS_0005,1109,303
2.0043213737826426,1.7702200861915245,0.9439252336448598,0.8251583386370418,0.7481481481481481,0.8998383558630971,248.36633663366337,0.014599106969520482,True,MAR_Amb_Cast_CBS_0005,1111,101
2.123851640967086,1.761183051150949,0.8807947019867549,0.823166441286556,0.6157407407407407,0.7068041690882682,249.33834586466165,0.018605336871590744,True,MAR_Amb_Cast_CBS_0005,1113,133
2.041392685158225,3.077104195276726,0.9090909090909091,0.945720589714061,0.6875,0.6660467644760529,252.77272727272728,0.055650623885918,True,MAR_Amb_Cast_CBS_0005,1114,110
3.7712934426290596,4.4375958595585585,0.45493760591588356,0.974278512187635,0.23394731630025747,0.09535052720501253,218.17135116830343,0.0040716320392024065,True,MAR_Amb_Cast_CBS_0005,1115,5906
2.0530784434834195,4.161820393044243,0.710691823899371,0.9707037530047133,0.452,0.38235552137562717,213.55752212389382,0.0012840534443866042,True,MAR_Amb_Cast_CBS_0005,1117,113
1.7481880270062005,2.942171749834384,0.8,0.9404670101691123,0.6222222222222222,0.6249546172410213,230.0,0.01099439775910364,True,MAR_Amb_Cast_CBS_0005,1118,56
2.7641761323903307,3.9064344044274106,0.5729783037475346,0.9666799817663013,0.3568796068796069,0.19145818178516572,210.69018932874354,0.0008437109783672505,True,MAR_Amb_Cast_CBS_0005,1119,581
3.0211892990699383,2.6532341131113224,0.5830094392004442,0.9262545592812671,0.28225806451612906,0.1508543053581335,192.04,0.00196078431372549,True,MAR_Amb_Cast_CBS_0005,1120,1050
1.9867717342662448,1.2589469343168906,0.8981481481481481,0.6075065667084067,0.6217948717948718,0.8422933095465152,240.84536082474227,0.013786133009904993,True,MAR_Amb_Cast_CBS_0005,1123,97
1.724275869600789,1.6125502892008534,0.8412698412698413,0.7844945604751583,0.5353535353535354,0.7624022267226648,235.50943396226415,0.012726600073991862,True,MAR_Amb_Cast_CBS_0005,1125,53
1.9138138523837167,2.3281555961413525,0.9010989010989011,0.9030551784497775,0.6074074074074074,0.7538962688164793,234.3658536585366,0.007604017216642754,True,MAR_Amb_Cast_CBS_0005,1126,82
2.571708831808688,3.7950166080709673,0.6566901408450704,0.9646584512343767,0.475765306122449,0.2795091935029364,240.12600536193028,0.006844346317615518,True,MAR_Amb_Cast_CBS_0005,1127,373
2.0170333392987803,3.0848232743774173,0.6842105263157895,0.9459996385293926,0.43333333333333335,0.4603044171150718,225.96153846153845,0.013122171945701358,True,MAR_Amb_Cast_CBS_0005,1128,104
2.2329961103921536,1.422468838189158,0.9395604395604396,0.7111867857723451,0.6705882352941176,0.8997467178759478,250.47368421052633,0.014860681114551083,True,MAR_Amb_Cast_CBS_0005,1129,171
3.1746411926604483,2.0952617076555686,0.45385549483910137,0.8787581452740901,0.24285250162443145,0.14469634821188893,247.1839464882943,0.020216407633287428,True,MAR_Amb_Cast_CBS_0005,1130,1495
2.5877109650189114,1.1358408834199236,0.7603143418467584,0.47422254804337777,0.5337931034482759,0.4688984057181115,245.67441860465115,0.009981253483305466,True,MAR_Amb_Cast_CBS_0005,1134,387
1.6989700043360187,2.7779967106088654,0.8620689655172413,0.9329632504259686,0.6410256410256411,0.6550608959416085,195.46,0.019529411764705885,True,MAR_Amb_Cast_CBS_0005,1135,50
1.8573324964312685,2.961260653845156,0.9230769230769231,0.9412559440212271,0.75,0.7255305514779363,239.75,0.039542483660130724,True,MAR_Amb_Cast_CBS_0005,1136,72
2.738780558484369,2.3046200671024533,0.7506849315068493,0.9009557388140501,0.5204178537511871,0.5119217401791986,249.08211678832117,0.008422785172463145,True,MAR_Amb_Cast_CBS_0005,1137,548
2.496929648073215,1.8357275351086997,0.6695095948827292,0.8386029457008108,0.49216300940438873,0.39938635590215993,178.156050955414,0.008017984263769203,True,MAR_Amb_Cast_CBS_0005,1138,314
2.791690649020118,3.5403493117924656,0.5601809954751131,0.9592796651591091,0.35533869115958666,0.23554903641156605,211.53150242326333,0.003858215337831417,True,MAR_Amb_Cast_CBS_0005,1143,619
2.534026106056135,1.3607930787517744,0.6705882352941176,0.678212779306063,0.3838383838383838,0.3629851889113736,227.30116959064327,0.001353055842219929,True,MAR_Amb_Cast_CBS_0005,1144,342
1.9493900066449128,3.717664080755776,0.8640776699029126,0.9631440559624452,0.37083333333333335,0.5453874052448026,242.93258426966293,0.025468164794007493,True,MAR_Amb_Cast_CBS_0005,1145,89
2.6324572921847245,1.9518649677499216,0.5082938388625592,0.8587883528976858,0.32698170731707316,0.18187363319803634,229.5944055944056,0.0059234882764294524,True,MAR_Amb_Cast_CBS_0005,1149,429
1.7323937598229686,1.0700617564278043,0.9152542372881356,0.35589617345588864,0.6666666666666666,1.0,234.59259259259258,0.004793028322440087,True,MAR_Amb_Cast_CBS_0005,1150,54
2.130333768495006,2.677374721647814,0.6585365853658537,0.9276300981149942,0.3125,0.3485072010262048,195.0962962962963,0.024023238925199707,True,MAR_Amb_Cast_CBS_0005,1152,135
1.7993405494535817,2.3071750095963304,0.9402985074626866,0.9011869997018351,0.75,0.838463242481896,241.71428571428572,0.01288515406162465,True,MAR_Amb_Cast_CBS_0005,1153,63
1.7558748556724915,2.8689148141612115,0.7916666666666666,0.9372850370933686,0.5089285714285714,0.6144737762760177,236.78947368421052,0.013415892672858616,True,MAR_Amb_Cast_CBS_0005,1154,57
1.9242792860618816,2.4732032574987715,0.6885245901639344,0.9146114315349226,0.49122807017543857,0.5545875913562155,179.8452380952381,0.003968253968253968,True,MAR_Amb_Cast_CBS_0005,1155,84
1.9731278535996986,2.3400252160199186,0.7401574803149606,0.9040882413873561,0.3686274509803922,0.5016171852615873,204.2872340425532,0.0028785982478097623,True,MAR_Amb_Cast_CBS_0005,1156,94
1.7075701760979363,1.5485471831347999,0.8947368421052632,0.7635348973814133,0.5795454545454546,0.8439887960035097,175.07843137254903,0.00522875816993464,True,MAR_Amb_Cast_CBS_0005,1157,51
2.783903579272735,3.074255316763569,0.69327251995439,0.9456170488693143,0.3572267920094007,0.3787804875317398,234.66118421052633,0.0024703302373581012,True,MAR_Amb_Cast_CBS_0005,1158,608
2.225309281725863,1.594825779978538,0.9032258064516129,0.778996929916751,0.6176470588235294,0.7255696996676028,218.9047619047619,0.0012371615312791783,True,MAR_Amb_Cast_CBS_0005,1159,168
2.1398790864012365,2.8271847177522504,0.770949720670391,0.9353556079380796,0.41818181818181815,0.4787736355848152,225.55797101449275,0.0009093492469451549,True,MAR_Amb_Cast_CBS_0005,1160,138
2.3344537511509307,8.393495691060194,0.5983379501385041,0.9928774803389071,0.2491349480968858,0.1870337341680354,192.55092592592592,0.015541031227305737,True,MAR_Amb_Cast_CBS_0005,1161,216
2.948412965778601,1.562846524721965,0.3171428571428571,0.7684930828142592,0.2036230222426049,0.08265151171505983,174.74436936936937,0.005418653948065713,True,MAR_Amb_Cast_CBS_0005,1162,888
2.534026106056135,1.0498307972518466,0.47107438016528924,0.30443081886473156,0.3081081081081081,0.23465779195552816,240.1345029239766,0.011099644536177044,True,MAR_Amb_Cast_CBS_0005,1163,342
2.2174839442139063,3.2004049466259317,0.7638888888888888,0.9499307665771344,0.39285714285714285,0.43926076299323324,212.92727272727274,0.001473559120617944,True,MAR_Amb_Cast_CBS_0005,1164,165
1.6989700043360187,3.1229780554766835,0.847457627118644,0.9473475397799658,0.44642857142857145,0.569584729154012,204.48,0.002352941176470588,True,MAR_Amb_Cast_CBS_0005,1165,50
2.5921767573958667,1.9574751727518938,0.9030023094688222,0.85966263779305,0.5569800569800569,0.7189534188178043,250.04092071611254,0.009548167092924126,True,MAR_Amb_Cast_CBS_0005,1169,391
1.8195439355418688,1.7569904607354694,0.9041095890410958,0.8222302140321591,0.5641025641025641,0.8202139488028485,241.34848484848484,0.010516934046345811,True,MAR_Amb_Cast_CBS_0005,1170,66
1.7075701760979363,3.9131244390491693,0.6296296296296297,0.9667957697516653,0.40476190476190477,0.5049069702542037,168.3921568627451,0.0038446751249519412,True,MAR_Amb_Cast_CBS_0005,1171,51
2.4345689040341987,2.382619186768193,0.7906976744186046,0.9076600252898288,0.5112781954887218,0.5329608009733448,230.60294117647058,0.0008938869665513264,True,MAR_Amb_Cast_CBS_0005,1173,272
2.3138672203691533,3.0387096753996,0.7862595419847328,0.9442995891913221,0.3772893772893773,0.44319025283247654,246.71844660194174,0.015019988577955454,True,MAR_Amb_Cast_CBS_0005,1174,206
1.9138138523837167,3.677797644384015,0.8631578947368421,0.962324987474116,0.6833333333333333,0.5040726789988766,186.46341463414635,0.009325681492109038,True,MAR_Amb_Cast_CBS_0005,1177,82
1.9138138523837167,7.782452361627066,0.6721311475409836,0.9917102602293917,0.2662337662337662,0.2586963009679252,180.32926829268294,0.04351984696317551,True,MAR_Amb_Cast_CBS_0005,1178,82
2.0718820073061255,1.1257586397025103,0.8939393939393939,0.4592832460362013,0.6982248520710059,0.8389436056444082,199.1864406779661,9.970089730807578e-05,True,MAR_Amb_Cast_CBS_0005,1180,118
2.187520720836463,1.4116220492635492,0.8105263157894737,0.705806258272413,0.506578947368421,0.5764434792063032,229.1103896103896,0.0073847720906544435,True,MAR_Amb_Cast_CBS_0005,1181,154
2.8305886686851442,2.926442194824532,0.61996336996337,0.9398047701717201,0.34295845997973656,0.3063222167700268,223.9807976366322,0.0023401975265734064,True,MAR_Amb_Cast_CBS_0005,1182,677
1.7075701760979363,2.3215245647463782,0.9107142857142857,0.9024706173709757,0.6071428571428571,0.8439887960035097,235.2549019607843,0.05605536332179931,True,MAR_Amb_Cast_CBS_0005,1183,51
1.7075701760979363,3.037089582183887,0.796875,0.9442383930449718,0.5666666666666667,0.6189718038182899,168.33333333333334,0.02698961937716263,True,MAR_Amb_Cast_CBS_0005,1184,51
1.8325089127062364,4.5276330486039305,0.85,0.9753041728844296,0.41975308641975306,0.50309040100593,233.75,0.014071510957324106,True,MAR_Amb_Cast_CBS_0005,1185,68
2.2624510897304293,3.043555703589267,0.8356164383561644,0.9444820327883983,0.5213675213675214,0.49114924740477456,177.8360655737705,0.0017572056144862316,True,MAR_Amb_Cast_CBS_0005,1186,183
2.250420002308894,3.1637661765079033,0.8599033816425121,0.9487328789551945,0.6846153846153846,0.5811168384466054,245.42696629213484,0.008261731658955718,True,MAR_Amb_Cast_CBS_0005,1189,178
1.6334684555795864,1.1574745912106879,0.9772727272727273,0.5035778548266563,0.7678571428571429,1.0,245.41860465116278,0.007660738714090287,True,MAR_Amb_Cast_CBS_0005,1190,43
1.8692317197309762,2.1652690354144553,0.891566265060241,0.8869651423094286,0.5138888888888888,0.7241662977044407,221.86486486486487,0.006041335453100159,True,MAR_Amb_Cast_CBS_0005,1191,74
1.6434526764861874,2.1901039207398516,0.7333333333333333,0.8896724367364064,0.37606837606837606,0.6057159231542228,198.86363636363637,0.0022281639928698753,True,MAR_Amb_Cast_CBS_0005,1192,44
1.8692317197309762,1.34487034307865,0.9367088607594937,0.6686624339061039,0.6851851851851852,0.9196338213850119,224.21621621621622,0.008267090620031796,True,MAR_Amb_Cast_CBS_0005,1193,74
1.7781512503836436,2.062237917755884,0.967741935483871,0.8745640013917252,0.7692307692307693,0.913592838685127,238.9,0.006470588235294118,True,MAR_Amb_Cast_CBS_0005,1194,60
1.7781512503836436,1.9821207447397844,0.9230769230769231,0.8634057713385267,0.6593406593406593,0.8630968604407523,246.85,0.030849673202614378,True,MAR_Amb_Cast_CBS_0005,1195,60
1.9637878273455553,3.375457476951546,0.7863247863247863,0.9551085278718828,0.416289592760181,0.5477651904365477,208.55434782608697,0.0014492753623188404,True,MAR_Amb_Cast_CBS_0005,1198,92
2.2648178230095364,2.8642789177167827,0.9387755102040817,0.9370750409112548,0.5661538461538461,0.6617075930045769,248.0,0.010805626598465474,True,MAR_Amb_Cast_CBS_0005,1199,184
2.0,1.691142937862322,0.9433962264150944,0.8064398938793517,0.6666666666666666,0.8317244982801282,225.44,0.012862745098039216,True,MAR_Amb_Cast_CBS_0005,1200,100
1.6334684555795864,3.010324066846174,0.8269230769230769,0.9432124389417436,0.7166666666666667,0.6185527499825393,207.69767441860466,0.016780665754673962,True,MAR_Amb_Cast_CBS_0005,1201,43
1.845098040014257,1.6974758560051255,0.9210526315789473,0.8080528503524962,0.6363636363636364,0.8833532228173056,238.72857142857143,0.006554621848739496,True,MAR_Amb_Cast_CBS_0005,1202,70
1.6020599913279623,2.470837485026221,0.7547169811320755,0.9144401852845043,0.5194805194805194,0.6787510567585088,207.7,0.0024509803921568627,True,MAR_Amb_Cast_CBS_0005,1203,40
2.765668554759014,3.431246356985563,0.6262083780880774,0.956589327036516,0.30254281266216915,0.314980499603849,232.66037735849056,0.008683953855984932,True,MAR_Amb_Cast_CBS_0005,1204,583
1.968482948553935,1.8087754973615657,0.808695652173913,0.8332740179569499,0.5470588235294118,0.6258350586716264,232.83870967741936,0.005650432215897111,True,MAR_Amb_Cast_CBS_0005,1205,93
2.9590413923210934,1.9510935466042176,0.5840821566110398,0.8586674757580826,0.29564652371669914,0.2542781812523182,245.53516483516484,0.005740142210730445,True,MAR_Amb_Cast_CBS_0005,1206,910
1.8864907251724818,1.4069877297161943,0.9746835443037974,0.7034565635089649,0.8020833333333334,0.9868055432593259,238.15584415584416,0.0033104150751209573,True,MAR_Amb_Cast_CBS_0005,1208,77
2.1271047983648077,2.2088507869882026,0.8933333333333333,0.8916506507346904,0.67,0.6790059738915619,245.78358208955223,0.00942347088088967,True,MAR_Amb_Cast_CBS_0005,1210,134
1.6334684555795864,2.4065504515189438,0.9347826086956522,0.9095783175267942,0.7818181818181819,0.9012974065211452,235.62790697674419,0.011035111719106247,True,MAR_Amb_Cast_CBS_0005,1211,43
2.4578818967339924,1.9462799957455155,0.6449438202247191,0.85790958350049,0.43157894736842106,0.2968440985943717,175.9268292682927,0.00506934481109517,True,MAR_Amb_Cast_CBS_0005,1212,287
2.3324384599156054,1.6497649298787624,0.9071729957805907,0.7953526643252915,0.6022408963585434,0.7606506617047604,212.05116279069767,0.002352941176470588,True,MAR_Amb_Cast_CBS_0005,1213,215
2.4638929889859074,1.7887879353664204,0.5159574468085106,0.8291421972183803,0.3953804347826087,0.27974817592033685,220.3298969072165,0.0028839027019742607,True,MAR_Amb_Cast_CBS_0005,1217,291
2.369215857410143,1.851873437433917,0.9397590361445783,0.8416690547865792,0.5909090909090909,0.7962576964613561,252.37179487179486,0.0199932964638847,True,MAR_Amb_Cast_CBS_0005,1218,234
2.342422680822206,4.341647467255181,0.707395498392283,0.9731132145691359,0.5263157894736842,0.30533419410961793,195.9909090909091,0.008538324420677361,True,MAR_Amb_Cast_CBS_0005,1219,220
2.8305886686851442,2.0752000061915377,0.8186215235792019,0.8762365253466091,0.5187739463601533,0.5717440447170608,251.45937961595274,0.012459814058562864,True,MAR_Amb_Cast_CBS_0005,1221,677
2.041392685158225,5.450999420153071,0.7534246575342466,0.9830285573905667,0.36666666666666664,0.37731625510610983,172.77272727272728,0.019999999999999997,True,MAR_Amb_Cast_CBS_0005,1222,110
2.1903316981702914,2.734645418883745,0.748792270531401,0.9307413772838823,0.3743961352657005,0.4414281650943593,185.41935483870967,0.006704617330803289,True,MAR_Amb_Cast_CBS_0005,1223,155
2.8419848045901137,2.9010661286999486,0.6538099717779868,0.9387125836033382,0.31264057579847054,0.2798713977170424,221.83597122302157,0.003114684722809987,True,MAR_Amb_Cast_CBS_0005,1224,695
2.0086001717619175,1.5267228076734916,0.8869565217391304,0.7556308297317909,0.5604395604395604,0.8483589882457306,190.66666666666666,0.004652056901191849,True,MAR_Amb_Cast_CBS_0005,1225,102
1.6232492903979006,1.4636320980497997,0.8936170212765957,0.7302015480873992,0.5833333333333334,0.9511372434123698,200.1904761904762,0.0012138188608776844,True,MAR_Amb_Cast_CBS_0005,1226,42
2.808210972924222,4.325849958390772,0.48164794007490636,0.9729137427907079,0.27835497835497836,0.19747780608942592,213.4696734059098,0.0030555301436282134,True,MAR_Amb_Cast_CBS_0005,1227,643
2.1760912590556813,1.472069537092542,0.7853403141361257,0.73384612268265,0.4166666666666667,0.5162351617791673,204.4,0.0031633986928104574,True,MAR_Amb_Cast_CBS_0005,1228,150
2.1335389083702174,3.5376704165339725,0.7727272727272727,0.9592166594994808,0.6044444444444445,0.4931282123564742,240.09558823529412,0.010784313725490196,True,MAR_Amb_Cast_CBS_0005,1229,136
1.6232492903979006,1.7402234595027624,0.9333333333333333,0.8184071095924963,0.5833333333333334,0.9511372434123695,205.3095238095238,0.0017740429505135387,True,MAR_Amb_Cast_CBS_0005,1230,42
1.9030899869919435,2.43742015450644,0.8333333333333334,0.9119641717616881,0.625,0.6457689698456713,218.325,0.0016176470588235294,True,MAR_Amb_Cast_CBS_0005,1231,80
1.8920946026904804,2.5668950023256802,0.8297872340425532,0.920994434773815,0.52,0.6569209779266638,238.15384615384616,0.008044243338360985,True,MAR_Amb_Cast_CBS_0005,1232,78
2.4983105537896004,3.4870218886295663,0.7429245283018868,0.9579971659868615,0.386977886977887,0.36270500277280043,215.2253968253968,0.0007096171802054154,True,MAR_Amb_Cast_CBS_0005,1233,315
1.806179973983887,2.3757601768405325,0.9552238805970149,0.9070987355195703,0.5289256198347108,0.8254925385704519,239.34375,0.011642156862745098,True,MAR_Amb_Cast_CBS_0005,1234,64
2.56702636615906,1.3520151766394637,0.9044117647058824,0.6730063890606375,0.6451048951048951,0.7318669572670791,245.51761517615176,0.0021467665657048727,True,MAR_Amb_Cast_CBS_0005,1235,369
1.8573324964312685,1.8339218901694705,0.9113924050632911,0.8382543012748239,0.5538461538461539,0.8083480154341256,224.77777777777777,0.0009259259259259259,True,MAR_Amb_Cast_CBS_0005,1236,72
1.8692317197309762,1.728671215760384,0.9487179487179487,0.8156972747474249,0.6851851851851852,0.9694901259935806,238.36486486486487,0.004610492845786964,True,MAR_Amb_Cast_CBS_0005,1237,74
1.919078092376074,1.6425257626784804,0.9021739130434783,0.7933095781124906,0.5928571428571429,0.8296832025320574,231.19277108433735,0.0010866997401370187,True,MAR_Amb_Cast_CBS_0005,1238,83
1.8808135922807914,1.3819729928325624,0.9620253164556962,0.690216265129842,0.76,1.0,236.5921052631579,0.0022703818369453044,True,MAR_Amb_Cast_CBS_0005,1239,76
2.9380190974762104,2.1198303323152157,0.4768976897689769,0.8817399115700885,0.3009371745921555,0.20650558392798152,237.43483275663206,0.0032295271049596307,True,MAR_Amb_Cast_CBS_0005,1240,867
2.037426497940624,1.8472523184296303,0.9646017699115044,0.8408008465539623,0.68125,0.8907825832086316,241.5321100917431,0.007879114948731787,True,MAR_Amb_Cast_CBS_0005,1241,109
3.070037866607755,7.862472870868297,0.6361667569030861,0.9918788269472294,0.3797672915319974,0.18814280613278847,237.17106382978724,0.001471839799749687,True,MAR_Amb_Cast_CBS_0005,1242,1175
2.322219294733919,2.347222433370421,0.9090909090909091,0.9047064622706119,0.5706521739130435,0.6625149171129792,236.8095238095238,0.001680672268907563,True,MAR_Amb_Cast_CBS_0005,1243,210
1.8808135922807914,1.7215670633712463,0.9156626506024096,0.8139991016110009,0.7307692307692307,0.9244299293826808,234.98684210526315,0.0025283797729618164,True,MAR_Amb_Cast_CBS_0005,1244,76
2.0211892990699383,2.209913186177018,0.9375,0.8917611231172045,0.7291666666666666,0.8432702113854035,234.17142857142858,0.0008590102707749767,True,MAR_Amb_Cast_CBS_0005,1245,105
2.708420900134713,5.149062579681427,0.7661169415292354,0.9809599553131101,0.5407407407407407,0.3185367612002899,245.01761252446184,0.004995970991136181,True,MAR_Amb_Cast_CBS_0005,1246,511
2.513217600067939,1.53366916247952,0.8601583113456465,0.7581922164073315,0.6209523809523809,0.6803409856748072,247.87730061349694,0.00566582461205341,True,MAR_Amb_Cast_CBS_0005,1248,326
1.845098040014257,1.0313725155770515,0.9333333333333333,0.24476758556830924,0.7,0.9681883773454033,230.62857142857143,0.0011204481792717086,True,MAR_Amb_Cast_CBS_0005,1249,70
3.8893577368889316,2.274326141625549,0.35914187749050136,0.8981492687292708,0.2232430875576037,0.123580823583236,205.462262933815,0.0007634688503191238,True,MAR_Amb_Cast_CBS_0005,1250,7751
2.1789769472931693,1.6408277573149328,0.7783505154639175,0.7928256664158855,0.4415204678362573,0.601125450058537,235.04635761589404,0.003817686014803272,True,MAR_Amb_Cast_CBS_0005,1251,151
2.8254261177678233,4.047813577340923,0.851145038167939,0.969003510987746,0.3871527777777778,0.4323843369098648,231.796711509716,0.005052903074533251,True,MAR_Amb_Cast_CBS_0005,1252,669
2.1958996524092336,2.608684617523735,0.8920454545454546,0.9236093938525026,0.6826086956521739,0.66113200983645,246.88535031847132,0.011814662170600725,True,MAR_Amb_Cast_CBS_0005,1253,157
2.5514499979728753,3.6782213666374344,0.8240740740740741,0.9623338369790279,0.3603238866396761,0.43304584847540173,233.77808988764045,0.01335095836087244,True,MAR_Amb_Cast_CBS_0005,1254,356
2.0530784434834195,2.49964209394548,0.743421052631579,0.9164901408009326,0.5136363636363637,0.48188153344517004,228.08849557522123,0.0037480478917230613,True,MAR_Amb_Cast_CBS_0005,1255,113
1.7160033436347992,1.9234362335163373,0.9285714285714286,0.8542253891876658,0.6753246753246753,0.9147087114199298,230.48076923076923,0.0023378582202111613,True,MAR_Amb_Cast_CBS_0005,1256,52
1.6720978579357175,1.5949777584397538,0.94,0.7790450172922789,0.6714285714285714,0.9659006882058299,221.6595744680851,0.013850646641635378,True,MAR_Amb_Cast_CBS_0005,1257,47
3.048053173115609,3.158624630731138,0.8274074074074074,0.9485613112372532,0.4256859756097561,0.4632709334448484,247.82811101163833,0.001376235364333737,True,MAR_Amb_Cast_CBS_0005,1258,1117
1.8260748027008264,1.2149400495212321,0.9305555555555556,0.5679169251604502,0.6767676767676768,1.0,237.50746268656715,0.003160667251975417,True,MAR_Amb_Cast_CBS_0005,1259,67
2.1789769472931693,1.675185945565116,0.9556962025316456,0.8022794408512659,0.722488038277512,0.8951285721391,238.02649006622516,0.0012985326580963513,True,MAR_Amb_Cast_CBS_0005,1260,151
2.03342375548695,2.298920963161794,0.8503937007874016,0.90043688686051,0.48,0.6269388200224061,215.50925925925927,0.004175744371822804,True,MAR_Amb_Cast_CBS_0005,1261,108
2.0863598306747484,2.002665278701463,0.9606299212598425,0.8664092509272806,0.6931818181818182,0.877481808114765,235.5737704918033,0.0008036001285760206,True,MAR_Amb_Cast_CBS_0005,1262,122
2.5477747053878224,3.40374448099118,0.6465201465201466,0.955868733048189,0.3232600732600733,0.32430934916511267,216.60623229461757,0.005387990890407154,True,MAR_Amb_Cast_CBS_0005,1263,353
2.6503075231319366,2.53027884312091,0.8083182640144665,0.9185893539099708,0.573076923076923,0.5010384509687434,208.27293064876957,0.0006228889766197307,True,MAR_Amb_Cast_CBS_0005,1264,447
2.56702636615906,1.7723926623796127,0.5783699059561128,0.8256319611882516,0.3942307692307692,0.24599003934656838,231.28726287262873,0.001275306870715766,True,MAR_Amb_Cast_CBS_0005,1265,369
1.8920946026904804,3.8386811236373353,0.8478260869565217,0.9654721908590667,0.5416666666666666,0.5456129576780975,227.82051282051282,0.0023629964806435393,True,MAR_Amb_Cast_CBS_0005,1266,78
3.246252312299322,2.367404129381266,0.6079310344827586,0.9064078598005763,0.3682121971595656,0.24251029494593251,245.39931934203062,0.0020264033009687143,True,MAR_Amb_Cast_CBS_0005,1267,1763
2.167317334748176,1.1961815768416553,0.9671052631578947,0.5487393736460476,0.65625,0.9673740686372484,238.21768707482994,0.0006669334400426837,True,MAR_Amb_Cast_CBS_0005,1268,147
1.8692317197309762,1.57199630383457,0.9736842105263158,0.7715787543784369,0.7708333333333334,1.0,235.13513513513513,0.0018018018018018018,True,MAR_Amb_Cast_CBS_0005,1269,74
2.0827853703164503,1.0884343350711974,0.952755905511811,0.3948377209043542,0.7756410256410257,0.9212061123408366,192.83471074380165,0.0016204829039053639,True,MAR_Amb_Cast_CBS_0005,1270,121
1.9138138523837167,1.5681363621444295,0.9318181818181818,0.7702851186067925,0.6833333333333333,0.9479184945424236,234.82926829268294,0.0014347202295552368,True,MAR_Amb_Cast_CBS_0005,1271,82
2.44870631990508,1.8333574902413892,0.9006410256410257,0.838145082457208,0.5311909262759924,0.6954846011834869,241.83274021352312,0.001465354825204103,True,MAR_Amb_Cast_CBS_0005,1272,281
2.416640507338281,1.4830230345989976,0.90625,0.7384590183395974,0.6397058823529411,0.7542888020596722,242.86206896551724,0.0019232213958380285,True,MAR_Amb_Cast_CBS_0005,1273,261
2.03342375548695,2.154337444113709,0.9152542372881356,0.8857409782189511,0.6136363636363636,0.7990259310094183,238.5462962962963,0.003449527959331881,True,MAR_Amb_Cast_CBS_0005,1274,108
2.462397997898956,3.155054723842686,0.8841463414634146,0.9484416753242596,0.6092436974789915,0.5702526932153106,244.80689655172415,0.004584178498985801,True,MAR_Amb_Cast_CBS_0005,1275,290
3.8385342705118686,9.060313769251936,0.509119102119176,0.9938904075648053,0.13668351670135792,0.12900699543029398,252.53923132704858,0.004836696099759701,True,MAR_Amb_Cast_CBS_0005,1276,6895
2.5563025007672873,2.5974016772851405,0.9090909090909091,0.9229165157174014,0.4433497536945813,0.6203366572073153,249.5,0.007952069716775598,True,MAR_Amb_Cast_CBS_0005,1277,360
1.7075701760979363,1.3919061723563937,0.9807692307692307,0.6955897292621407,0.8095238095238095,1.0,229.35294117647058,0.0010765090349865436,True,MAR_Amb_Cast_CBS_0005,1278,51
1.968482948553935,3.078992960889481,0.93,0.9457890711994889,0.6992481203007519,0.6767340659029191,241.51612903225808,0.012987560615644107,True,MAR_Amb_Cast_CBS_0005,1279,93
1.954242509439325,1.282462946935348,0.9183673469387755,0.6260914667064733,0.6818181818181818,0.8658142929932735,242.84444444444443,0.007363834422657952,True,MAR_Amb_Cast_CBS_0005,1280,90
2.429752280002408,1.4423284041202722,0.8251533742331288,0.7206265987301188,0.6226851851851852,0.6086055259521257,244.44981412639405,0.005962533712369706,True,MAR_Amb_Cast_CBS_0005,1281,269
3.119585774961784,5.576946020373939,0.4868761552680222,0.9837926940084258,0.2570257611241218,0.16073776280822544,236.2452543659833,0.004618339363080084,True,MAR_Amb_Cast_CBS_0005,1282,1317
2.1760912590556813,1.9070920823189574,0.8982035928143712,0.8514975821978772,0.6818181818181818,0.7814721964091667,212.58,0.0014640522875816993,True,MAR_Amb_Cast_CBS_0005,1284,150
2.330413773349191,2.767397002214788,0.9596412556053812,0.9324301003292155,0.7205387205387206,0.685637617719142,243.76168224299064,0.0038482682792743265,True,MAR_Amb_Cast_CBS_0005,1285,214
2.250420002308894,2.702152003686739,0.9518716577540107,0.9290017189594346,0.577922077922078,0.7210130150499786,248.35955056179776,0.010619079092311082,True,MAR_Amb_Cast_CBS_0005,1286,178
2.72916478969277,2.409938977738255,0.7223719676549866,0.9098450068754135,0.4072948328267477,0.40811680170143505,242.5205223880597,0.0023192859233245535,True,MAR_Amb_Cast_CBS_0005,1287,536
1.6127838567197355,1.5496687751847757,0.9318181818181818,0.7639299443525187,0.5694444444444444,0.9764509916477586,202.34146341463415,0.0037302725968436155,True,MAR_Amb_Cast_CBS_0005,1288,41
2.432969290874406,4.110528649128462,0.728494623655914,0.9699566770843674,0.3662162162162162,0.40162225670479507,244.98523985239854,0.010722813110484047,True,MAR_Amb_Cast_CBS_0005,1289,271
2.173186268412274,1.4629739834642257,0.8869047619047619,0.7299138469688703,0.5912698412698413,0.7762623817664389,241.20805369127515,0.004447953678115541,True,MAR_Amb_Cast_CBS_0005,1290,149
2.7007037171450192,3.848443088099265,0.7080394922425952,0.9656502470587338,0.4985104270109235,0.3382300829940361,239.70318725099602,0.0031013202093586436,True,MAR_Amb_Cast_CBS_0005,1291,502
1.7558748556724915,1.733923178719962,0.9344262295081968,0.8169370696385189,0.7125,0.9601152754312778,237.17543859649123,0.006467148262813897,True,MAR_Amb_Cast_CBS_0005,1292,57
2.2121876044039577,1.260134570609936,0.6221374045801527,0.6084841341410421,0.37299771167048057,0.4046403987264498,232.00613496932516,0.005244797305425238,True,MAR_Amb_Cast_CBS_0005,1293,163
1.662757831681574,2.244984942715172,0.92,0.8953131431172773,0.575,0.8850546106153464,231.80434782608697,0.005200341005967604,True,MAR_Amb_Cast_CBS_0005,1294,46
2.326335860928751,1.934652136058706,0.933920704845815,0.8560525566045184,0.7361111111111112,0.7686998604380332,242.95283018867926,0.0037365889752127264,True,MAR_Amb_Cast_CBS_0005,1295,212
1.6901960800285136,2.9702666521288874,0.9245283018867925,0.9416226617633463,0.7,0.7165795573111075,236.26530612244898,0.012805122048819529,True,MAR_Amb_Cast_CBS_0005,1297,49
3.399327532158679,7.235364694603002,0.8103392568659128,0.9904029414933406,0.32571428571428573,0.2608345160357999,253.08931419457736,0.04897738999906182,True,MAR_Amb_Cast_ETD_0003,24,2508
3.4082399653118496,6.330055809033135,0.7850352652560564,0.9874428735467147,0.23725671918443003,0.2686695729916425,252.749609375,0.04360906862745098,True,MAR_Amb_Cast_ETD_0003,25,2560
2.934498451243568,6.161322056409229,0.7577092511013216,0.9867409952493743,0.20476190476190476,0.25818266247278393,253.54418604651164,0.0717236662106703,True,MAR_Amb_Cast_ETD_0003,28,860
2.214843848047698,5.40021998613186,0.7454545454545455,0.9827050631448594,0.26031746031746034,0.3362304518687043,251.57926829268294,0.1450023912003826,True,MAR_Amb_Cast_ETD_0003,41,164
2.173186268412274,6.559532964887612,0.7925531914893617,0.9883112033710163,0.5477941176470589,0.34154205236171564,255.0,0.0973812343729438,True,MAR_Amb_Cast_ETD_0003,43,149
3.0557604646877348,11.994655449619161,0.7455737704918033,0.9965186228055877,0.37450592885375494,0.1599317330512392,254.40633245382585,0.08372221359959992,True,MAR_Amb_Cast_ETD_0003,49,1137
3.4345689040341987,15.70341708967107,0.47845206684256814,0.9979703430943582,0.18912529550827423,0.07088828361936327,251.5360294117647,0.07972029988465974,True,MAR_Amb_Cast_ETD_0003,60,2720
3.1983821300082944,4.858104227103916,0.5187253613666228,0.9785853213820425,0.23275353773584906,0.18460673628552043,254.6630778974034,0.04348247215288902,True,MAR_Amb_Cast_ETD_0003,72,1579
1.7160033436347992,3.077297564047524,0.7647058823529411,0.9457276067602961,0.49523809523809526,0.5526889743246609,249.65384615384616,0.1566365007541478,True,MAR_Amb_Cast_ETD_0003,105,52
2.9532763366673045,7.452530358389892,0.7178257394084733,0.9909566217845678,0.34485407066052226,0.23250006102481488,252.52449888641425,0.07545307655356129,True,MAR_Amb_Cast_ETD_0003,114,898
3.110589710299249,5.298453500651667,0.5947441217150761,0.9820281858337344,0.22126929674099485,0.23062963566845435,250.93875968992248,0.05101687186502508,True,MAR_Amb_Cast_ETD_0003,147,1290
2.949877704036875,5.527904785419875,0.3717146433041302,0.9835014273038873,0.26517857142857143,0.09405907382623728,216.12121212121212,0.04053167844017517,True,MAR_Amb_Cast_ETD_0003,154,891
2.9425041061680806,21.746455103047026,0.6426999266324285,0.9989421530736838,0.07724867724867725,0.0911357478425138,250.32191780821918,0.18538365117736594,True,MAR_Amb_Cast_ETD_0003,158,876
3.0043213737826426,7.966340001871897,0.6662269129287599,0.9920900569614053,0.5055055055055055,0.19036685549087906,253.92475247524752,0.07139196272568434,True,MAR_Amb_Cast_ETD_0003,161,1010
3.1119342763326814,9.364582639755548,0.5807899461400359,0.9942820999998208,0.1333745619459905,0.14929087954940232,251.34775888717155,0.08819892717519776,True,MAR_Amb_Cast_ETD_0003,171,1294
3.0132586652835167,2.1713244744516467,0.49282982791587,0.8876345963278173,0.2465327594452415,0.24831051903044465,252.9941804073715,0.08156558452673018,True,MAR_Amb_Cast_ETD_0003,175,1031
3.130333768495006,4.948931555751785,0.7964601769911505,0.9793723571134338,0.4398826979472141,0.3020406880526003,251.01703703703703,0.058042120551924474,True,MAR_Amb_Cast_ETD_0003,185,1350
3.356599435724971,6.13513574339817,0.3356963520897947,0.9866267994393727,0.11230237154150198,0.08837709233561872,246.60140783106027,0.07649560484114455,True,MAR_Amb_Cast_ETD_0003,226,2273
2.6201360549737576,5.47490059775201,0.6505460218408736,0.9831776797281153,0.22419354838709676,0.2225751442135763,231.9208633093525,0.1492359053933324,True,MAR_Amb_Cast_ETD_0003,237,417
3.1997551772534747,11.513198632417692,0.7367441860465116,0.9962208038995772,0.30368098159509205,0.1501431210316609,252.26136363636363,0.06392602495543671,True,MAR_Amb_Cast_ETD_0003,238,1584
2.807535028068853,1.7150131752211057,0.6618556701030928,0.8124105081517712,0.41796875,0.3248917205348541,220.10903426791276,0.006816932380428807,False,MAR_Amb_Cast_ETD_0003,295,642
2.8976270912904414,1.5787267182771092,0.7931726907630522,0.7738066675645842,0.626984126984127,0.4594435186745661,212.05949367088607,0.0020997766195085628,False,MAR_Amb_Cast_ETD_0003,310,790
1.8195439355418688,2.262704381887215,0.6111111111111112,0.8970401649422225,0.4074074074074074,0.4638698004697758,244.74242424242425,0.21360665478312538,True,MAR_Amb_Cast_ETD_0003,315,66
2.7708520116421442,1.3816202184660686,0.793010752688172,0.6900225156968516,0.6020408163265306,0.42006873775108383,224.03389830508473,0.006201395812562314,False,MAR_Amb_Cast_ETD_0003,321,590
3.0433622780211294,5.409253009257501,0.8467432950191571,0.9827632833986985,0.3426356589147287,0.36648421836070316,244.72941176470587,0.07102120486203531,True,MAR_Amb_Cast_ETD_0003,322,1105
1.6720978579357175,3.8551284295669257,0.6438356164383562,0.9657713879552052,0.34558823529411764,0.44700974867746956,254.36170212765958,0.3607843137254902,True,MAR_Amb_Cast_ETD_0003,337,47
2.6981005456233897,2.6312576081091033,0.565118912797282,0.9249674202284137,0.37183308494783907,0.21282060205898756,211.0881763527054,0.017784588785413967,False,MAR_Amb_Cast_ETD_0003,348,499
2.53655844257153,3.990170165166773,0.5443037974683544,0.968086608526298,0.35390946502057613,0.16822377870053895,209.8924418604651,0.03757409940720474,False,MAR_Amb_Cast_ETD_0003,351,344
3.0681858617461617,5.437446322430717,0.7442748091603053,0.9829431127221533,0.32865168539325845,0.24274232467559007,215.36153846153846,0.005128205128205128,True,MAR_Amb_Cast_ETD_0003,374,1170
5.385602699143422,3.2908680115672935,0.36727506861903436,0.9527131236496755,0.17744488939907757,0.050396729816408206,166.7194339048058,0.0020413949989744125,True,MAR_Amb_Cast_ETD_0004,34,242998
3.190051417759206,2.1176303018567584,0.46712907117008445,0.8814775344226976,0.2738684582743989,0.10224622059548696,188.13105229180115,0.003422828137065026,True,MAR_Amb_Cast_ETD_0004,53,1549
1.7853298350107671,3.6836947317471442,0.8356164383561644,0.9624478674214791,0.3388888888888889,0.6392923464859286,200.08196721311475,0.01947926711668274,True,MAR_Amb_Cast_ETD_0004,63,61
1.8920946026904804,3.5694802009891458,0.8764044943820225,0.9599554097423134,0.40625,0.6039951392816257,205.52564102564102,0.010005027652086475,True,MAR_Amb_Cast_ETD_0004,64,78
2.3541084391474008,5.007336863812371,0.773972602739726,0.9798556689347963,0.2803970223325062,0.3819863996877601,183.60176991150442,0.006073225750477182,True,MAR_Amb_Cast_ETD_0004,65,226
3.036628895362161,3.6196420296629728,0.594210813762971,0.961079943950432,0.3321123321123321,0.26299158655911115,214.11029411764707,0.005799452133794694,True,MAR_Amb_Cast_ETD_0004,67,1088
1.968482948553935,1.7657912401210663,0.93,0.8241865775531176,0.5961538461538461,0.8711244971773824,175.44086021505376,0.01151170145477546,True,MAR_Amb_Cast_ETD_0004,72,93
1.792391689498254,2.0419950462951157,0.8378378378378378,0.871881362516158,0.4696969696969697,0.8104147941667268,176.20967741935485,0.005502846299810247,True,MAR_Amb_Cast_ETD_0004,74,62
2.3502480183341627,1.9020401922648473,0.896,0.850638364933228,0.5833333333333334,0.7144302184461123,177.62946428571428,0.00022759103641456583,True,MAR_Amb_Cast_ETD_0004,79,224
2.1398790864012365,1.5169289912472461,0.9517241379310345,0.7519443056960528,0.7040816326530612,0.9183168846230286,254.9927536231884,0.005314009661835749,True,MAR_Amb_Cast_ETD_0004,81,138
3.0261245167454502,2.371336754743289,0.7000659195781147,0.9067339835975226,0.3853410740203193,0.350473152108883,254.79001883239172,0.0024703666777445444,True,MAR_Amb_Cast_ETD_0004,235,1062
2.2528530309798933,6.74597223073126,0.667910447761194,0.9889519249472833,0.2465564738292011,0.298721960795535,239.2290502793296,0.014371782232446052,True,MAR_Amb_Cast_ETD_0004,241,179
2.0170333392987803,1.4898451700330049,0.8188976377952756,0.741266627974328,0.5561497326203209,0.7309463522554043,227.78846153846155,0.0036576168929110106,True,MAR_Amb_Cast_ETD_0004,244,104
2.1398790864012365,1.856122157494896,0.7624309392265194,0.8424608010760971,0.46153846153846156,0.533523375843837,234.07971014492753,0.003381642512077295,True,MAR_Amb_Cast_ETD_0004,245,138
1.8692317197309762,3.292872226086618,0.7474747474747475,0.9527720949386846,0.31092436974789917,0.5109045860021395,222.63513513513513,0.005246422893481717,True,MAR_Amb_Cast_ETD_0004,248,74
2.3242824552976926,1.6439949627325965,0.9419642857142857,0.7937268364986889,0.6205882352941177,0.8298159880581414,254.46919431279622,0.01576061704302574,True,MAR_Amb_Cast_ETD_0004,251,211
3.246498580795801,2.584385936256643,0.8032786885245902,0.9221052669718378,0.4375,0.4699740993459887,235.06802721088437,0.002174203014539149,True,MAR_Amb_Cast_ETD_0004,252,1764
2.2833012287035497,2.681574827455772,0.768,0.9278654305723801,0.4343891402714932,0.5080720606947687,232.796875,0.0010212418300653595,True,MAR_Amb_Cast_ETD_0004,253,192
1.6901960800285136,1.5812389180605015,0.875,0.7746293540445024,0.6049382716049383,0.8314700445291732,247.73469387755102,0.009843937575030012,True,MAR_Amb_Cast_ETD_0004,254,49
2.4727564493172123,4.7880758297292525,0.5789473684210527,0.9779472242692819,0.28205128205128205,0.2754466356227369,207.77777777777777,0.0018617548029312735,True,MAR_Amb_Cast_ETD_0004,256,297
2.0530784434834195,2.6523441363943006,0.9112903225806451,0.9262030895154869,0.44841269841269843,0.6902898247234033,196.32743362831857,0.0015963907686968595,True,MAR_Amb_Cast_ETD_0004,257,113
1.6232492903979006,1.3420574450828298,0.875,0.6669252951344885,0.6666666666666666,0.887608806270552,214.21428571428572,0.0008403361344537815,True,MAR_Amb_Cast_ETD_0004,258,42
2.12057393120585,3.8394625079742717,0.7857142857142857,0.9654864943819568,0.33,0.42564459020038925,200.2348484848485,0.0011586452762923352,True,MAR_Amb_Cast_ETD_0004,259,132
1.9030899869919435,1.377249022474897,0.9523809523809523,0.6876048439703794,0.7407407407407407,0.9585572311415079,255.0,0.0027941176470588237,True,MAR_Amb_Cast_ETD_0004,260,80
1.9777236052888478,2.124790936911922,0.8407079646017699,0.8823282450754923,0.521978021978022,0.6422780171741098,195.49473684210525,0.0007017543859649123,True,MAR_Amb_Cast_ETD_0004,263,95
2.1931245983544616,2.5757209662112013,0.8342245989304813,0.9215579589580313,0.5416666666666666,0.5308384643075708,231.8653846153846,0.005555555555555556,True,MAR_Amb_Cast_ETD_0004,264,156
1.7993405494535817,1.682115108501416,0.9,0.8041032717710707,0.65625,0.8575082884968451,252.36507936507937,0.0056022408963585435,True,MAR_Amb_Cast_ETD_0004,265,63
2.3891660843645326,1.9810948852279724,0.7446808510638298,0.863253064569285,0.5671296296296297,0.5018398453499424,196.78367346938776,0.0007362945178071229,True,MAR_Amb_Cast_ETD_0004,266,245
1.6989700043360187,2.1586677518820543,0.8771929824561403,0.8862283310381645,0.45454545454545453,0.8637734519852416,196.86,0.0003921568627450981,True,MAR_Amb_Cast_ETD_0004,267,50
3.971739590887778,1.3618275628552168,0.5947695823282976,0.6788171356836993,0.36237769269443476,0.11527284963700281,174.16371398078977,0.0003381672839893695,True,MAR_Amb_Cast_ETD_0004,268,9370
1.863322860120456,3.104563213584045,0.8690476190476191,0.9467034386436104,0.4147727272727273,0.6538732130603623,203.24657534246575,0.00300832661831856,True,MAR_Amb_Cast_ETD_0004,271,73
2.2671717284030137,2.3910847025061703,0.8767772511848341,0.9083456595376403,0.5745341614906833,0.6295199736980807,191.8108108108108,0.0008479067302596715,True,MAR_Amb_Cast_ETD_0004,272,185
3.0269416279590295,2.486453197665498,0.7445766270118964,0.9155609279347087,0.3988005997001499,0.38704033503887736,162.84774436090225,0.00010319917440660474,True,MAR_Amb_Cast_ETD_0004,273,1064
4.011655010724778,1.475753911454573,0.663994828700711,0.7354124497407896,0.4856737588652482,0.19800109539906144,202.71242211838006,0.0029155977032557573,True,MAR_Amb_Cast_ETD_0004,278,10272
1.662757831681574,3.7848372807857555,0.7666666666666667,0.9644645867755218,0.4107142857142857,0.6261171630294424,255.0,0.00034100596760443307,True,MAR_Amb_Cast_ETD_0004,279,46
1.6532125137753437,4.970126282163728,0.5844155844155844,0.9795497447425678,0.3125,0.3776021475355547,162.53333333333333,0.0011328976034858387,True,MAR_Amb_Cast_ETD_0004,282,45
2.5634810853944106,1.8333839200303093,0.8693586698337292,0.8381501995383642,0.5683229813664596,0.6596966335320193,246.61475409836066,0.004768027429551055,True,MAR_Amb_Cast_ETD_0004,284,366
2.9995654882259823,2.5078971969813497,0.359740727403673,0.9170638318134334,0.2270970675153444,0.08963217993948007,164.25125125125126,0.0003964749062788278,True,MAR_Amb_Cast_ETD_0004,285,999
1.9344984512435677,3.3197407263744325,0.5695364238410596,0.9535520358354748,0.25146198830409355,0.385586637881986,175.22093023255815,0.000364797081623347,True,MAR_Amb_Cast_ETD_0004,287,86
1.8750612633917,2.4583422946751674,0.8928571428571429,0.9135269638860686,0.5357142857142857,0.6933036605938452,254.69333333333333,0.009254901960784313,True,MAR_Amb_Cast_ETD_0004,289,75
1.6334684555795864,1.9588320301094773,0.9148936170212766,0.859872828199024,0.6142857142857143,0.8666059364875347,251.86046511627907,0.006383948928408573,True,MAR_Amb_Cast_ETD_0004,299,43
1.8976270912904414,1.2402961760453775,0.9518072289156626,0.5915626474828785,0.6528925619834711,0.966958282935702,255.0,0.005361131794489948,True,MAR_Amb_Cast_ETD_0004,300,79
2.113943352306837,3.634691275308075,0.7831325301204819,0.9614080258751597,0.3611111111111111,0.5025944844905711,186.7846153846154,0.00030165912518853697,True,MAR_Amb_Cast_ETD_0004,303,130
1.7993405494535817,1.8403906504670942,0.875,0.8394979210675673,0.5727272727272728,0.7327392927761408,229.82539682539684,0.0036725801431683786,True,MAR_Amb_Cast_ETD_0004,304,63
2.2833012287035497,4.584296369988187,0.5470085470085471,0.975918384111967,0.4,0.26018988394925846,161.66666666666666,0.00026552287581699344,True,MAR_Amb_Cast_ETD_0004,308,192
2.617000341120899,2.0281270000936793,0.9118942731277533,0.86999203842368,0.6070381231671554,0.6581009107493893,247.70772946859904,0.0008146253670550346,True,MAR_Amb_Cast_ETD_0004,309,414
3.1370374547895126,1.890520672835889,0.8943248532289628,0.848649993121456,0.5273076923076923,0.5915964420683557,254.83515681983954,0.006676105890934055,True,MAR_Amb_Cast_ETD_0004,319,1371
2.0530784434834195,3.01779582316032,0.889763779527559,0.9435017015303795,0.4708333333333333,0.6241358667658037,254.92920353982302,0.007010237723407947,True,MAR_Amb_Cast_ETD_0004,321,113
3.446537167073644,1.3235359216540776,0.5270499528746465,0.6550888627611305,0.32391102873030586,0.12451284221450709,171.54005722460658,0.0002440461163005975,True,MAR_Amb_Cast_ETD_0004,324,2796
1.6989700043360187,2.466993729905758,0.8333333333333334,0.9141608353714968,0.45454545454545453,0.6698215643925174,201.16,0.0014117647058823528,True,MAR_Amb_Cast_ETD_0004,325,50
2.3502480183341627,3.3593821816696248,0.8205128205128205,0.9546676486443959,0.3916083916083916,0.48318561213776506,160.14732142857142,3.5014005602240894e-05,True,MAR_Amb_Cast_ETD_0004,326,224
1.9344984512435677,1.8581430873560596,0.7962962962962963,0.8428352361625908,0.4777777777777778,0.6215381152504225,155.54651162790697,0.0001823985408116735,True,MAR_Amb_Cast_ETD_0004,328,86
2.0863598306747484,1.915539947427762,0.7973856209150327,0.8529173207949975,0.5350877192982456,0.5269018057109974,157.37704918032787,0.0,True,MAR_Amb_Cast_ETD_0004,330,122
2.2671717284030137,2.2051062770820886,0.8564814814814815,0.8912598982718042,0.5027173913043478,0.6195849470630787,161.92972972972973,0.0002755696873343932,True,MAR_Amb_Cast_ETD_0004,332,185
3.0909630765957314,2.8255253073742383,0.6675690308608554,0.9352770273580338,0.3522857142857143,0.26184618261702675,156.11354420113545,0.00015266447211488001,True,MAR_Amb_Cast_ETD_0004,335,1233
2.037426497940624,3.9304741372043583,0.6855345911949685,0.9670932365741071,0.3244047619047619,0.39057983858931056,188.90825688073394,0.0007555315704263358,True,MAR_Amb_Cast_ETD_0004,337,109
1.9344984512435677,1.4031431938971384,0.9247311827956989,0.701483559161345,0.6615384615384615,0.9460212094475031,241.2325581395349,0.0012311901504787962,True,MAR_Amb_Cast_ETD_0004,338,86
2.8603380065709936,1.3090896382949435,0.677570093457944,0.6453469086606531,0.43154761904761907,0.34392284002066503,154.19310344827585,8.113590263691683e-05,True,MAR_Amb_Cast_ETD_0004,339,725
2.621176281775035,1.4721511485149732,0.7712177121771218,0.7338809816515883,0.4815668202764977,0.48902898768333536,163.3468899521531,0.00026268880758044844,True,MAR_Amb_Cast_ETD_0004,340,418
2.3201462861110542,2.4291137610577436,0.8781512605042017,0.9113317328364368,0.475,0.586613663978237,180.23923444976077,0.00071301247771836,True,MAR_Amb_Cast_ETD_0004,341,209
2.3344537511509307,1.2178206552989312,0.8244274809160306,0.5707282978565882,0.5413533834586466,0.6374384212569262,189.39814814814815,0.0001633986928104575,True,MAR_Amb_Cast_ETD_0004,343,216
2.0211892990699383,1.4933687095660233,0.8467741935483871,0.7426975756222034,0.5384615384615384,0.7122324097265758,227.85714285714286,0.0012698412698412698,True,MAR_Amb_Cast_ETD_0004,347,105
3.2692793897718984,3.933002551298242,0.7060387390808963,0.9671362512310988,0.39519557823129253,0.2543485381103527,254.49919311457774,0.000546361632334483,True,MAR_Amb_Cast_ETD_0004,349,1859
1.7481880270062005,1.2116821469218575,0.8888888888888888,0.5646960669396291,0.56,0.8586843796745431,255.0,0.00042016806722689073,True,MAR_Amb_Cast_ETD_0004,350,56
1.9444826721501687,1.4412986889187767,0.9072164948453608,0.7201497030710549,0.676923076923077,0.8513020413863774,237.89772727272728,0.0018270944741532976,True,MAR_Amb_Cast_ETD_0004,352,88
2.9232440186302764,1.781377589101991,0.8151750972762646,0.8275694814643352,0.48188614146060954,0.44364967883907547,155.38663484486872,8.89138471617764e-05,True,MAR_Amb_Cast_ETD_0004,354,838
2.419955748489758,2.4710588581820474,0.821875,0.9144562315855678,0.4943609022556391,0.5761209761635145,169.70342205323195,0.0002236636099306643,True,MAR_Amb_Cast_ETD_0004,356,263
1.662757831681574,1.8009865070321682,0.92,0.83168266489384,0.5974025974025974,0.8684849393317761,255.0,0.0011935208866155158,True,MAR_Amb_Cast_ETD_0004,359,46
2.8055008581584002,1.1292782700460728,0.86468200270636,0.4645987163817957,0.6441532258064516,0.6128331484691117,179.42723004694835,9.819264168891344e-05,True,MAR_Amb_Cast_ETD_0004,360,639
2.103803720955957,2.1002660384616374,0.6446700507614214,0.8793748193893439,0.36079545454545453,0.5240719447757766,182.68503937007873,0.001327775204570017,True,MAR_Amb_Cast_ETD_0004,362,127
2.167317334748176,1.9858539172485123,0.8546511627906976,0.8639592590924808,0.5764705882352941,0.556817270661112,162.75510204081633,8.003201280512204e-05,True,MAR_Amb_Cast_ETD_0004,363,147
2.1172712956557644,3.2526539335402473,0.8972602739726028,0.9515670633878055,0.4962121212121212,0.5966469447205498,254.18320610687022,0.004041311180960934,True,MAR_Amb_Cast_ETD_0004,364,131
1.7781512503836436,1.9272935096539763,0.8823529411764706,0.8548578145237806,0.625,0.7738992549097986,255.0,0.01411764705882353,True,MAR_Amb_Cast_ETD_0004,365,60
3.6547539332529304,1.601940921827609,0.9371238846233658,0.7812304359432749,0.7432521395655036,0.6119163644827421,160.92936226749336,5.2970701123673567e-05,True,MAR_Amb_Cast_ETD_0004,366,4516
2.342422680822206,5.199490873400056,0.7638888888888888,0.9813309883156152,0.33182503770739064,0.3051062771626814,229.10454545454544,0.001675579322638146,True,MAR_Amb_Cast_ETD_0004,374,220
2.6857417386022635,4.911635496342254,0.6598639455782312,0.9790545363104357,0.2730855855855856,0.2990785878017761,225.48247422680413,0.0005255710531635334,True,MAR_Amb_Cast_ETD_0004,376,485
1.662757831681574,1.636774021946424,0.8846153846153846,0.7916630967641898,0.5227272727272727,0.7805637152722851,226.95652173913044,0.00017050298380221653,True,MAR_Amb_Cast_ETD_0004,378,46
3.1024337056813365,1.153951133406146,0.6891671203048448,0.49902459443338915,0.47773584905660377,0.2699301470140488,243.81990521327015,0.0014063129201127528,True,MAR_Amb_Cast_ETD_0004,382,1266
2.6522463410033232,3.3298017965716187,0.8634615384615385,0.9538390815659717,0.6803030303030303,0.4555053345856264,238.01336302895322,0.002541595702869121,True,MAR_Amb_Cast_ETD_0004,384,449
2.893206753059848,1.2176026797516077,0.7287977632805219,0.5705167417943476,0.45730994152046783,0.41087208742308207,218.0843989769821,0.00012035504738979991,True,MAR_Amb_Cast_ETD_0004,387,782
2.155336037465062,1.6132036106022563,0.9285714285714286,0.7846930229246597,0.6355555555555555,0.7740061581926452,230.24475524475525,0.0033730974907445494,True,MAR_Amb_Cast_ETD_0004,388,143
2.24551266781415,1.800572510334339,0.88,0.8315974177421988,0.544891640866873,0.6226721695815712,222.0965909090909,0.002696078431372549,True,MAR_Amb_Cast_ETD_0004,389,176
2.1398790864012365,1.7392647564023251,0.9139072847682119,0.8181846158919078,0.5390625,0.7364167187882877,207.63768115942028,5.683432793407218e-05,True,MAR_Amb_Cast_ETD_0004,390,138
2.7730546933642626,1.7114673773300657,0.9251170046801872,0.8115421143370238,0.6275132275132275,0.6690179058369217,206.89207419898818,0.0002909764242965314,True,MAR_Amb_Cast_ETD_0004,391,593
2.271841606536499,1.3020136153963018,0.8820754716981132,0.6404005251331103,0.55,0.66621138911155,225.55080213903744,0.0003984481493132012,True,MAR_Amb_Cast_ETD_0004,393,187
2.0644579892269186,3.2993116700743914,0.8,0.9529608154938748,0.32132963988919666,0.4859476276962198,186.06896551724137,0.0003718728870858688,True,MAR_Amb_Cast_ETD_0004,394,116
1.806179973983887,2.6746433045419304,0.7619047619047619,0.9274764289689729,0.4740740740740741,0.6191287573719109,233.53125,0.0007352941176470588,True,MAR_Amb_Cast_ETD_0004,395,64
2.1072099696478683,1.3154549250029357,0.9142857142857143,0.6496969834149801,0.6153846153846154,0.8330622987654724,228.2734375,0.001409313725490196,True,MAR_Amb_Cast_ETD_0004,397,128
2.9925535178321354,1.3190546296217276,0.6209728363866077,0.6521165654340456,0.46106941838649157,0.21031793064157278,255.0,0.0029202321823948297,True,MAR_Amb_Cast_ETD_0004,398,983
2.733999286538387,3.8602843830674263,0.7255689424364123,0.965864375894001,0.2873806998939555,0.33262698110822586,234.20664206642067,0.0012010708342377542,True,MAR_Amb_Cast_ETD_0004,400,542
2.484299839346786,2.342243364469903,0.8815028901734104,0.9042794269470278,0.5083333333333333,0.5819508696930192,209.0983606557377,0.0002957248473159756,True,MAR_Amb_Cast_ETD_0004,403,305
2.2528530309798933,1.5748942392291632,0.8817733990147784,0.7725423241233171,0.7246963562753036,0.651265579551734,179.4022346368715,0.00041625588782999234,True,MAR_Amb_Cast_ETD_0004,405,179
1.9084850188786497,1.7638153852918677,0.8804347826086957,0.823750307105631,0.6136363636363636,0.8488963945141018,215.71604938271605,0.00019365770999757928,True,MAR_Amb_Cast_ETD_0004,407,81
2.6344772701607315,1.6181579131031454,0.6630769230769231,0.7861885849919694,0.46645021645021645,0.39457108220877896,172.9002320185615,8.188890405350075e-05,True,MAR_Amb_Cast_ETD_0004,408,431
2.6053050461411096,1.3509212325720756,0.8108651911468813,0.6723475623496172,0.514030612244898,0.5312058331113375,233.38957816377172,0.0005838563713326521,True,MAR_Amb_Cast_ETD_0004,409,403
2.037426497940624,2.8761519506807707,0.7569444444444444,0.9376107430897856,0.3892857142857143,0.42140614468824805,171.25688073394497,0.0003597769382982551,True,MAR_Amb_Cast_ETD_0004,411,109
2.965201701025912,7.851017843362202,0.6040575916230366,0.9918550138898284,0.1542446524064171,0.16661140697132643,181.47453954496208,0.0002549232043846791,True,MAR_Amb_Cast_ETD_0004,412,923
1.724275869600789,1.125628568816896,0.8833333333333333,0.4590846672744087,0.654320987654321,0.8993451502050241,175.1320754716981,7.399186089530152e-05,True,MAR_Amb_Cast_ETD_0004,413,53
2.6085260335771943,4.068799903521139,0.7733333333333333,0.9693274846255008,0.49754901960784315,0.36866231272446937,255.0,0.0012170385395537525,True,MAR_Amb_Cast_ETD_0004,415,406
3.0081741840064264,1.441454187792525,0.5614325068870524,0.720221805595134,0.40149724192277386,0.23980931954562457,178.11678115799805,0.00014239258019203756,True,MAR_Amb_Cast_ETD_0004,416,1019
2.904715545278681,2.6694237078170606,0.7504672897196262,0.9271813907483679,0.4591194968553459,0.42268232794480054,230.9252801992528,0.0032622762679168802,True,MAR_Amb_Cast_ETD_0004,417,803
2.220108088040055,2.884642891053926,0.8829787234042553,0.9379896130104801,0.4368421052631579,0.5990105057038078,221.73493975903614,0.00042523033309709425,True,MAR_Amb_Cast_ETD_0004,418,166
2.996949248495381,2.9311938741610373,0.7788235294117647,0.9400059972349416,0.36736958934517205,0.37571118795319325,172.7532729103726,0.00021325750844144304,True,MAR_Amb_Cast_ETD_0004,419,993
3.4058583993176366,5.16656492616027,0.8008807801195345,0.9810899787823508,0.4195089800626133,0.3223991141756405,251.66142969363707,0.0018067556952081696,True,MAR_Amb_Cast_ETD_0004,421,2546
2.2624510897304293,1.1135538085374899,0.8632075471698113,0.43994288582054397,0.5980392156862745,0.7285162739120018,176.53005464480876,0.0002785813779063538,True,MAR_Amb_Cast_ETD_0004,422,183
2.2810333672477277,1.642235758619134,0.955,0.7932270575028928,0.6631944444444444,0.8780133374630951,255.0,0.010081100503028437,True,MAR_Amb_Cast_ETD_0004,423,191
2.1583624920952498,2.0905724880376404,0.9290322580645162,0.8781758810222677,0.5333333333333333,0.6861216990160404,255.0,0.0001633986928104575,True,MAR_Amb_Cast_ETD_0004,426,144
3.2645817292380777,2.0660638429440104,0.7469536961819658,0.8750612777965665,0.50970066518847,0.30076938540370585,253.67047308319738,0.0016291889240742517,True,MAR_Amb_Cast_ETD_0004,429,1839
2.060697840353612,1.9466016697622517,0.92,0.8579604272979088,0.5989583333333334,0.756789237369276,211.51304347826087,0.001091219096334186,True,MAR_Amb_Cast_ETD_0004,430,115
2.1271047983648077,1.79585526449703,0.8589743589743589,0.830621287444926,0.5254901960784314,0.6751464854030794,172.06716417910448,5.85308750365818e-05,True,MAR_Amb_Cast_ETD_0004,431,134
2.0253058652647704,1.6035878470403655,0.803030303030303,0.7817422870593373,0.4732142857142857,0.6162698074448637,176.80188679245282,0.00014798372179060303,True,MAR_Amb_Cast_ETD_0004,432,106
2.5877109650189114,3.2083134472242296,0.7618110236220472,0.9501837675035172,0.49615384615384617,0.43378496761723445,228.66925064599482,0.00078026042458327,True,MAR_Amb_Cast_ETD_0004,433,387
1.9867717342662448,2.1222963150724556,0.8584070796460177,0.8820329447289278,0.5388888888888889,0.7092675210120145,228.7422680412371,0.0007277137659187386,True,MAR_Amb_Cast_ETD_0004,434,97
2.093421685162235,2.023488148859623,0.779874213836478,0.8693504420457258,0.40522875816993464,0.5389626914504664,181.21774193548387,0.0003795066413662239,True,MAR_Amb_Cast_ETD_0004,435,124
2.8318697742805017,1.7720904930461165,0.921302578018996,0.8255662086645208,0.6381578947368421,0.6429913720729505,223.37555228276878,0.0003407548586444887,True,MAR_Amb_Cast_ETD_0004,438,679
1.6334684555795864,1.2655896369299797,0.8775510204081632,0.6129192723937306,0.5972222222222222,1.0,214.27906976744185,0.0015503875968992248,True,MAR_Amb_Cast_ETD_0004,440,43
2.2810333672477277,3.370484467261225,0.834061135371179,0.9549728340435637,0.3638095238095238,0.47731774603500887,222.58638743455498,0.0024227492043937993,True,MAR_Amb_Cast_ETD_0004,441,191
1.6232492903979006,1.5916028715058397,0.9130434782608695,0.7779732222378477,0.5833333333333334,0.9511372434123698,222.16666666666666,0.00028011204481792715,True,MAR_Amb_Cast_ETD_0004,442,42
1.6232492903979006,1.9234065474409336,0.84,0.8542205053836484,0.4772727272727273,0.887608806270552,188.97619047619048,0.00130718954248366,True,MAR_Amb_Cast_ETD_0004,443,42
2.037426497940624,1.3898241944500727,0.9159663865546218,0.6944764194832542,0.7077922077922078,0.7970119566011297,196.11926605504587,0.0009354200395754633,True,MAR_Amb_Cast_ETD_0004,444,109
1.8808135922807914,1.7590775184418594,0.8636363636363636,0.8226972348166974,0.5846153846153846,0.7352153993791442,206.57894736842104,5.159958720330237e-05,True,MAR_Amb_Cast_ETD_0004,445,76
2.597695185925512,1.7718655101226166,0.7514231499051234,0.8255172267724873,0.5217391304347826,0.3917192592191463,218.8510101010101,0.0011487423252129134,True,MAR_Amb_Cast_ETD_0004,448,396
2.8627275283179747,3.318537122665741,0.7002881844380403,0.9535175158409691,0.40165289256198344,0.34982824805402274,212.8559670781893,0.0007907689824901154,True,MAR_Amb_Cast_ETD_0004,449,729
2.326335860928751,2.7833715342978538,0.8724279835390947,0.9332311568791133,0.6883116883116883,0.5334420518609055,225.25,0.0009988901220865706,True,MAR_Amb_Cast_ETD_0004,450,212
2.578639209968072,1.492922663867618,0.8981042654028436,0.7425171436177956,0.7018518518518518,0.7027099137270463,209.1424802110818,0.0007346474209736666,True,MAR_Amb_Cast_ETD_0004,452,379
2.456366033129043,1.4829987987896154,0.910828025477707,0.7384489559519435,0.6271929824561403,0.7441112133277149,196.64335664335664,0.0002468120115178939,True,MAR_Amb_Cast_ETD_0004,456,286
1.8864907251724818,1.3897581274729889,0.9166666666666666,0.6944409798370282,0.6363636363636364,0.956916273603323,192.5064935064935,0.0004583651642475172,True,MAR_Amb_Cast_ETD_0004,458,77
2.0530784434834195,2.745627255599435,0.8828125,0.9313147000582059,0.4829059829059829,0.5970225899319784,214.71681415929203,0.003990976921742148,True,MAR_Amb_Cast_ETD_0004,459,113
2.60959440922522,2.135902709569792,0.812375249500998,0.8836298761606569,0.4845238095238095,0.554338389737895,199.61670761670763,0.0005877535289299995,True,MAR_Amb_Cast_ETD_0004,460,407
2.399673721481038,1.5861674691451675,0.8595890410958904,0.7762294930495717,0.6536458333333334,0.6421773460394696,198.70916334661354,0.0003749707054136396,True,MAR_Amb_Cast_ETD_0004,463,251
2.69196510276736,1.3438036836318756,0.7834394904458599,0.6680055208227299,0.5020408163265306,0.475828227105753,195.97154471544715,0.0002550613741431532,True,MAR_Amb_Cast_ETD_0004,464,492
1.8573324964312685,2.6670168449981393,0.8,0.9270447268591238,0.42857142857142855,0.5873418961299921,205.81944444444446,0.0015250544662309367,True,MAR_Amb_Cast_ETD_0004,465,72
2.1931245983544616,2.8894831403463277,0.8813559322033898,0.9382040263924037,0.4431818181818182,0.5519139684927562,221.17307692307693,0.0008044243338360985,True,MAR_Amb_Cast_ETD_0004,466,156
2.294466226161593,2.1924060471411733,0.9036697247706422,0.8899183378550591,0.5472222222222223,0.6834667116681782,199.89340101522842,0.0008957897879964168,True,MAR_Amb_Cast_ETD_0004,469,197
1.9294189257142926,4.534315006744954,0.7142857142857143,0.9753778229308337,0.2698412698412698,0.36993902297375153,208.2,0.001107266435986159,True,MAR_Amb_Cast_ETD_0004,470,85
2.545307116465824,2.2564168118396375,0.8863636363636364,0.8964323829871249,0.508695652173913,0.5942412183515324,199.62962962962962,0.00030165912518853697,True,MAR_Amb_Cast_ETD_0004,471,351
2.424881636631067,1.5830322026246857,0.7987987987987988,0.7752136874182647,0.680306905370844,0.5565656496304916,196.3421052631579,0.00014742739200943535,True,MAR_Amb_Cast_ETD_0004,473,266
3.0170333392987803,3.0827178667478314,0.8062015503875969,0.9459237429350562,0.47358834244080145,0.4028829559341294,193.8298076923077,0.00036199095022624434,True,MAR_Amb_Cast_ETD_0004,474,1040
1.9294189257142926,2.317631942707019,0.8762886597938144,0.9021249440405226,0.4722222222222222,0.6503419432784429,198.56470588235294,0.0008304498269896194,True,MAR_Amb_Cast_ETD_0004,475,85
2.2174839442139063,1.8698978967722548,0.8967391304347826,0.844985915936179,0.5427631578947368,0.706245073235879,195.78181818181818,0.000499108734402852,True,MAR_Amb_Cast_ETD_0004,476,165
2.0253058652647704,1.7482388898275327,0.8983050847457628,0.8202506854968525,0.6424242424242425,0.7660818629830789,195.14150943396226,0.0003699593044765076,True,MAR_Amb_Cast_ETD_0004,477,106
2.093421685162235,2.267651672837923,0.9117647058823529,0.897514554103186,0.6526315789473685,0.7428818541346687,234.36290322580646,0.01299810246679317,True,MAR_Amb_Cast_ETD_0004,478,124
2.3138672203691533,1.8312140393197487,0.9035087719298246,0.8377292458049062,0.5508021390374331,0.6954146078331935,199.66990291262135,0.00028555111364934324,True,MAR_Amb_Cast_ETD_0004,479,206
2.2764618041732443,3.1030068577994045,0.8475336322869955,0.9466484551044015,0.40384615384615385,0.48022089000622964,200.64550264550263,0.0007469654528478057,True,MAR_Amb_Cast_ETD_0004,480,189
2.060697840353612,1.7034392491358457,0.8646616541353384,0.8095523838691531,0.6318681318681318,0.7288909383881371,198.3304347826087,0.0007161125319693095,True,MAR_Amb_Cast_ETD_0004,481,115
2.484299839346786,1.935666431154027,0.9270516717325228,0.856216039505626,0.5545454545454546,0.749770412231655,231.3967213114754,0.0016072002571520412,True,MAR_Amb_Cast_ETD_0004,482,305
2.1492191126553797,1.1891411239212837,0.9038461538461539,0.5411235858998965,0.6778846153846154,0.7709257030081899,198.27659574468086,0.0003893756083993881,True,MAR_Amb_Cast_ETD_0004,483,141
1.9590413923210936,2.6200416371329664,0.8272727272727273,0.9242972865587881,0.44607843137254904,0.5618930324132184,198.3956043956044,0.00038784744667097606,True,MAR_Amb_Cast_ETD_0004,484,91
2.416640507338281,1.2303875000779068,0.8474025974025974,0.5826096946636357,0.6214285714285714,0.6071633335395532,199.40613026819923,0.00012020133723987678,True,MAR_Amb_Cast_ETD_0004,485,261
1.845098040014257,2.1673488978942417,0.8536585365853658,0.8871957695578851,0.625,0.7094092264538707,255.0,0.01361344537815126,True,MAR_Amb_Cast_ETD_0004,486,70
2.2068258760318495,1.3278371710348376,0.9252873563218391,0.6579010418280926,0.62890625,0.8591528385863356,255.0,0.003385702106929728,True,MAR_Amb_Cast_ETD_0004,489,161
2.526339277389844,2.63054035742945,0.8842105263157894,0.9249248366624515,0.47863247863247865,0.5353204439836182,183.36309523809524,0.00012838468720821662,True,MAR_Amb_Cast_ETD_0004,490,336
2.3010299956639813,2.54628186699179,0.7220216606498195,0.9196540334346159,0.3333333333333333,0.4011349632149427,242.565,0.0005686274509803921,True,MAR_Amb_Cast_ETD_0004,491,200
3.263399331334002,7.380797613378969,0.678003696857671,0.990779163533685,0.28354978354978355,0.20059084636624236,185.44111232279172,0.00015181645177154832,True,MAR_Amb_Cast_ETD_0004,492,1834
2.6384892569546374,2.292604173304486,0.8717434869739479,0.8998569192101725,0.6904761904761905,0.5441812235598193,218.80229885057472,0.0007302231237322516,True,MAR_Amb_Cast_ETD_0004,493,435
3.215373152783422,2.0444500972109347,0.730102267674522,0.8722114083064391,0.3919789925996658,0.33628792261987633,187.27649208282583,0.00014329727018700295,True,MAR_Amb_Cast_ETD_0004,495,1642
2.041392685158225,2.228275858414537,0.8461538461538461,0.8936435437617786,0.5263157894736842,0.6972000280234352,189.9,0.0003921568627450981,True,MAR_Amb_Cast_ETD_0004,496,110
3.8988348380682742,2.7885826736743597,0.3632278771205869,0.9334893540718736,0.2685423728813559,0.09181874738390901,232.47576369603635,0.004359663582676191,True,MAR_Amb_Cast_ETD_0004,497,7922
2.3201462861110542,1.2437777886056653,0.8931623931623932,0.5946264068212964,0.6875,0.7394232013781158,197.96172248803828,7.505394502298527e-05,True,MAR_Amb_Cast_ETD_0004,498,209
2.630427875025024,2.725789351412159,0.7721518987341772,0.9302737157837697,0.4420289855072464,0.39344842522785833,191.2646370023419,0.0002571520411443266,True,MAR_Amb_Cast_ETD_0004,500,427
2.845098040014257,1.4740386686413853,0.8793969849246231,0.7346851301504691,0.5887300252312868,0.6252648643084707,186.31571428571428,6.722689075630252e-05,True,MAR_Amb_Cast_ETD_0004,501,700
1.8260748027008264,2.9779900145814966,0.5929203539823009,0.9419343927567768,0.3383838383838384,0.4293244895998365,176.71641791044777,0.0004682470002926544,True,MAR_Amb_Cast_ETD_0004,502,67
1.9344984512435677,1.9430463120439498,0.8686868686868687,0.857396895386387,0.5584415584415584,0.7152830685209102,216.45348837209303,0.0025079799361605107,True,MAR_Amb_Cast_ETD_0004,503,86
2.840106094456758,5.663225494616433,0.6431226765799256,0.9842866829500676,0.21305418719211822,0.21738268441263836,186.92630057803467,0.00020401224073444407,True,MAR_Amb_Cast_ETD_0004,504,692
2.6522463410033232,2.407751134347157,0.5495716034271726,0.909672953395128,0.30420054200542007,0.2729052371062806,192.88641425389756,9.607406436962312e-05,True,MAR_Amb_Cast_ETD_0004,507,449
2.816241299991783,1.2738793730265812,0.7050592034445641,0.6194910952461601,0.44197031039136303,0.3166055818755163,190.05190839694657,0.00013770393653644665,True,MAR_Amb_Cast_ETD_0004,510,655
2.739572344450092,2.1336427812601286,0.7195281782437746,0.8833669497676543,0.4159090909090909,0.36266301413663254,229.17486338797815,0.0003571556127004536,True,MAR_Amb_Cast_ETD_0004,512,549
2.399673721481038,2.4089983172306697,0.742603550295858,0.9097710941306494,0.5229166666666667,0.4692870362131529,183.24302788844622,0.0002656042496679947,True,MAR_Amb_Cast_ETD_0004,514,251
2.1958996524092336,2.4176244937845395,0.7440758293838863,0.9104454481642562,0.4266304347826087,0.4840779696058384,201.4203821656051,0.0007993006119645311,True,MAR_Amb_Cast_ETD_0004,515,157
2.1702617153949575,1.8681089831436566,0.9192546583850931,0.8446615814302019,0.5803921568627451,0.7634899064060207,182.3310810810811,7.94912559618442e-05,True,MAR_Amb_Cast_ETD_0004,516,148
2.7209857441537393,2.238964633159769,0.8608837970540099,0.894716247968964,0.610917537746806,0.5017067628922557,223.56083650190115,1.4910907328710951e-05,True,MAR_Amb_Cast_ETD_0004,517,526
2.346352974450639,2.19429419541069,0.9024390243902439,0.890119392057278,0.6342857142857142,0.6771929750861946,255.0,0.0025437201907790143,True,MAR_Amb_Cast_ETD_0004,518,222
1.6532125137753437,1.776612308591785,0.8653846153846154,0.8265461177308878,0.5844155844155844,0.7773961067867174,219.57777777777778,0.002962962962962963,True,MAR_Amb_Cast_ETD_0004,519,45
1.724275869600789,2.034837617737637,0.7571428571428571,0.8709116003737083,0.4380165289256198,0.5962999596826666,198.18867924528303,0.0005179430262671106,True,MAR_Amb_Cast_ETD_0004,521,53
2.060697840353612,1.9190419099949878,0.8098591549295775,0.8534996827525523,0.5111111111111111,0.6444211764992283,193.0782608695652,0.00020460358056265983,True,MAR_Amb_Cast_ETD_0004,523,115
1.6989700043360187,1.4729522563944375,0.8333333333333334,0.7342227663844901,0.5050505050505051,0.7362435485343848,218.98,0.0008627450980392157,True,MAR_Amb_Cast_ETD_0004,524,50
2.1931245983544616,1.8761748864831775,0.9176470588235294,0.8461156481524179,0.5735294117647058,0.7936849875253115,197.85897435897436,0.0006033182503770739,True,MAR_Amb_Cast_ETD_0004,525,156
2.3944516808262164,1.5892459219776465,0.8266666666666667,0.7772197671357234,0.5740740740740741,0.605532424530815,181.4758064516129,9.487666034155598e-05,True,MAR_Amb_Cast_ETD_0004,527,248
2.2528530309798933,2.2037205716709383,0.8861386138613861,0.891114746327496,0.5264705882352941,0.6979622781734447,184.75977653631284,0.0,True,MAR_Amb_Cast_ETD_0004,528,179
2.12057393120585,3.0581292665083244,0.6376811594202898,0.9450252740617143,0.352,0.38548090190830664,253.43939393939394,0.019518716577540108,True,MAR_Amb_Cast_ETD_0004,530,132
2.9273703630390235,1.5800546829680169,0.5643762508338893,0.7742421426342347,0.34057971014492755,0.18449357454132595,254.96572104018912,0.004844017985444769,True,MAR_Amb_Cast_ETD_0004,532,846
2.2068258760318495,1.2512412726954685,0.8702702702702703,0.6010567131814534,0.5570934256055363,0.7671221773721006,219.32298136645963,0.0004627938131774449,True,MAR_Amb_Cast_ETD_0004,533,161
2.681241237375587,3.1808587776720176,0.8571428571428571,0.949297053547279,0.6274509803921569,0.4583987314799325,224.23541666666668,0.0005065359477124183,True,MAR_Amb_Cast_ETD_0004,536,480
2.5538830266438746,4.782245055873607,0.7850877192982456,0.977892807384849,0.4096109839816934,0.3468812336383599,203.81284916201116,0.00033957717165078325,True,MAR_Amb_Cast_ETD_0004,537,358
1.8325089127062364,1.3936521619220241,0.7555555555555555,0.6965181659595817,0.4755244755244755,0.6024071092194673,179.10294117647058,5.7670126874279124e-05,True,MAR_Amb_Cast_ETD_0004,538,68
2.6263403673750423,3.7149870278362482,0.8650306748466258,0.9630899011850513,0.3646551724137931,0.43447029397214304,184.86997635933807,0.0002039586520187271,True,MAR_Amb_Cast_ETD_0004,541,423
2.7101173651118162,1.6205603013698424,0.9276672694394213,0.7869078498146364,0.6560102301790282,0.7022549715658698,242.84405458089668,0.0008332377785422161,True,MAR_Amb_Cast_ETD_0004,542,513
1.8129133566428555,1.8906644483036825,0.8552631578947368,0.8486750632135845,0.5,0.8059841579790682,239.64615384615385,0.0007239819004524887,True,MAR_Amb_Cast_ETD_0004,543,65
2.8992731873176036,1.6614851421780896,0.8657205240174672,0.7985932001985337,0.5796783625730995,0.5725800464930092,225.76292559899116,0.00042528991420023247,True,MAR_Amb_Cast_ETD_0004,544,793
2.2380461031287955,3.345235103481197,0.8693467336683417,0.9542742109872777,0.4325,0.48557016204897124,191.89017341040463,6.800408024481468e-05,True,MAR_Amb_Cast_ETD_0004,545,173
1.7323937598229686,3.960372382541661,0.5934065934065934,0.9675965007734154,0.3157894736842105,0.4188891416709941,217.42592592592592,0.0013798111837327524,True,MAR_Amb_Cast_ETD_0004,547,54
1.7634279935629373,1.1008087006199612,0.8787878787878788,0.4180520993196614,0.6444444444444445,0.9046215002024535,228.86206896551724,0.0006761325219743071,True,MAR_Amb_Cast_ETD_0004,548,58
2.484299839346786,1.822583111065457,0.8664772727272727,0.8360378158386828,0.664488017429194,0.6381673802154134,235.71475409836066,0.0010028929604628735,True,MAR_Amb_Cast_ETD_0004,549,305
1.9395192526186185,1.862463916845908,0.8529411764705882,0.8436311557515807,0.5178571428571429,0.7459132941075074,253.8505747126437,0.0010818120351588911,True,MAR_Amb_Cast_ETD_0004,551,87
1.8195439355418688,1.4225291422208923,0.9565217391304348,0.7112162434005087,0.75,1.0,255.0,0.006120023767082591,True,MAR_Amb_Cast_ETD_0004,552,66
1.845098040014257,2.202233533133701,0.8641975308641975,0.8909586485168818,0.5555555555555556,0.7094092264538707,251.9,0.0016246498599439777,True,MAR_Amb_Cast_ETD_0004,553,70
2.0530784434834195,2.3630527847494283,0.8692307692307693,0.9060449754735879,0.6277777777777778,0.6799620992735679,239.2212389380531,0.004129793510324484,True,MAR_Amb_Cast_ETD_0004,554,113
2.093421685162235,1.4974086490319012,0.9117647058823529,0.744322478273188,0.7045454545454546,0.8251543021250402,255.0,0.002055660974067046,True,MAR_Amb_Cast_ETD_0004,555,124
1.9395192526186185,2.600993353490883,0.7131147540983607,0.923138113387372,0.31985294117647056,0.6164572678574443,254.66666666666666,0.00130718954248366,True,MAR_Amb_Cast_ETD_0004,556,87
2.290034611362518,1.6865212338562383,0.8590308370044053,0.8052492193507597,0.5462184873949579,0.6582808180945281,191.28205128205127,8.044243338360986e-05,True,MAR_Amb_Cast_ETD_0004,557,195
4.058805486675907,3.9815399075464724,0.5153015301530153,0.9679458166332949,0.18369671591984726,0.11058491795868336,184.95126637554586,0.00018254987584553472,True,MAR_Amb_Cast_ETD_0004,558,11450
3.1166077439882485,1.849121233577164,0.8054187192118226,0.8411528672408999,0.6095060577819198,0.4996203583772896,220.2025993883792,0.00020687173952149668,True,MAR_Amb_Cast_ETD_0004,561,1308
2.322219294733919,1.9310550203488706,0.7553956834532374,0.8554704459496205,0.3977272727272727,0.5044770849475302,210.18571428571428,0.00018674136321195143,True,MAR_Amb_Cast_ETD_0004,563,210
1.7853298350107671,1.2559613343374567,0.8243243243243243,0.605029762825134,0.5545454545454546,0.7094777279261045,211.01639344262296,0.0004500160720025715,True,MAR_Amb_Cast_ETD_0004,564,61
2.6655809910179533,3.4018449023719257,0.8137082601054482,0.9558182944157283,0.37129109863672816,0.4233526280990319,217.80345572354213,0.00039808580019480794,True,MAR_Amb_Cast_ETD_0004,567,463
2.851869600729766,3.0137330740853665,0.6651075771749299,0.9433446935989791,0.4972027972027972,0.3253228479853189,197.8298171589311,7.170237996745814e-05,True,MAR_Amb_Cast_ETD_0004,573,711
1.9444826721501687,1.772647938339145,0.8979591836734694,0.8256874793618266,0.5333333333333333,0.7882307225933134,238.3181818181818,0.0018716577540106953,True,MAR_Amb_Cast_ETD_0004,577,88
1.8976270912904414,1.9155837825295194,0.9080459770114943,0.8529246326012679,0.6076923076923076,0.8279359897112846,255.0,9.928021841648051e-05,True,MAR_Amb_Cast_ETD_0004,580,79
1.7853298350107671,1.2720986841902513,0.7261904761904762,0.6180961130567962,0.4621212121212121,0.5414157509820138,224.47540983606558,0.0007714561234329798,True,MAR_Amb_Cast_ETD_0004,582,61
2.2041199826559246,2.4982289212065933,0.837696335078534,0.9163913251371332,0.36613272311212813,0.4997923776105328,183.475,0.00041666666666666664,True,MAR_Amb_Cast_ETD_0004,583,160
2.7032913781186614,2.1026630706135876,0.5745164960182025,0.8796684906162365,0.3004164187983343,0.2805127808503334,193.96831683168318,0.00023296447291788001,True,MAR_Amb_Cast_ETD_0004,585,505
1.9444826721501687,4.765309485699661,0.6929133858267716,0.9777336011025676,0.36363636363636365,0.44160057631205174,255.0,0.010115864527629234,True,MAR_Amb_Cast_ETD_0004,588,88
3.1528995963937474,1.9106335923829416,0.7757774140752864,0.8520953454678577,0.4903448275862069,0.5488089870622568,255.0,0.0006701414743112435,True,MAR_Amb_Cast_ETD_0004,589,1422
1.9138138523837167,3.2551155124855473,0.8118811881188119,0.9516421479873459,0.36607142857142855,0.5481993830990521,246.0609756097561,0.0021520803443328554,True,MAR_Amb_Cast_ETD_0004,590,82
2.503790683057181,2.3332542166718784,0.8372703412073491,0.9035010095702166,0.4375857338820302,0.5289624485920121,182.27272727272728,0.0005163193804167435,True,MAR_Amb_Cast_ETD_0004,591,319
2.482873583608754,1.7115051724913757,0.6785714285714286,0.8115514040520881,0.4021164021164021,0.3845118267176178,250.45394736842104,0.001586687306501548,True,MAR_Amb_Cast_ETD_0004,592,304
2.582063362911709,1.4364250327995003,0.834061135371179,0.7178742706606703,0.5488505747126436,0.5173531047803825,179.9895287958115,0.00011292475105225335,True,MAR_Amb_Cast_ETD_0004,593,382
1.968482948553935,1.940062119307899,0.7948717948717948,0.8569212126410498,0.510989010989011,0.6287563747072865,183.49462365591398,0.0001686696183849884,True,MAR_Amb_Cast_ETD_0004,598,93
1.7160033436347992,3.4865536598270044,0.7761194029850746,0.9579856362346278,0.36363636363636365,0.5098843269948905,255.0,0.0014328808446455504,True,MAR_Amb_Cast_ETD_0004,603,52
1.7558748556724915,2.143047998940096,0.890625,0.8844552053700245,0.48717948717948717,0.6976787611055064,226.66666666666666,0.0006879944960440316,True,MAR_Amb_Cast_ETD_0004,604,57
2.3909351071033793,4.28046101453706,0.76875,0.9723280504774204,0.3137755102040816,0.3797408955320103,212.95528455284554,0.00028694404591104734,True,MAR_Amb_Cast_ETD_0004,607,246
2.6263403673750423,1.565498733084183,0.9276315789473685,0.769394362665906,0.6294642857142857,0.7624362731804485,238.98345153664303,0.0013442729337597922,True,MAR_Amb_Cast_ETD_0004,608,423
2.342422680822206,1.414472335568705,0.9166666666666666,0.7072361204512819,0.6547619047619048,0.7632623175989809,244.79090909090908,0.0020320855614973264,True,MAR_Amb_Cast_ETD_0004,611,220
2.537819095073274,1.8203500996933022,0.8846153846153846,0.8355957198833472,0.5058651026392962,0.6285063849649593,194.69565217391303,0.0001477692526285877,True,MAR_Amb_Cast_ETD_0004,613,345
2.8926510338773004,2.554771576358406,0.8956422018348624,0.9202102575323932,0.48509316770186334,0.551185701779778,229.40076824583866,0.00019582737064095804,True,MAR_Amb_Cast_ETD_0004,616,781
2.6910814921229687,1.6408235177139294,0.7350299401197605,0.7928244559283633,0.4658444022770398,0.44037856138086756,212.78615071283096,0.0006229783155624776,True,MAR_Amb_Cast_ETD_0004,617,491
3.6424645202421213,2.6687082309233716,0.8435818601076095,0.9271408060331482,0.4594453165881737,0.44813284319636293,183.66605922551253,4.2878199115637144e-05,True,MAR_Amb_Cast_ETD_0004,619,4390
3.807940721215499,1.4624753655183114,0.68122548499947,0.7296955370255779,0.46612505440301755,0.27697131319208784,226.9313725490196,0.0005016385639223009,True,MAR_Amb_Cast_ETD_0004,620,6426
2.2600713879850747,1.9256156712994112,0.9191919191919192,0.8545832465888679,0.5947712418300654,0.7860338413065696,231.85714285714286,0.002262443438914027,True,MAR_Amb_Cast_ETD_0004,621,182
3.072249897613515,5.290288630300245,0.724095646842428,0.9819721591242732,0.2780131826741996,0.3205244326037931,233.65961049957664,0.000521326227358005,True,MAR_Amb_Cast_ETD_0004,622,1181
1.7075701760979363,1.3831323653064578,0.8225806451612904,0.6908515858994791,0.51,0.721733651105912,235.23529411764707,7.689350249903884e-05,True,MAR_Amb_Cast_ETD_0004,624,51
2.9395192526186187,2.8838941075304616,0.776092774308653,0.9379563425427244,0.453125,0.37953197921302523,254.90689655172415,0.000996168582375479,True,MAR_Amb_Cast_ETD_0004,628,870
3.1934029030624176,2.20611710064509,0.635586319218241,0.8913655941670071,0.43799102132435463,0.2927016432248471,182.65791159513134,0.00019344060494152818,True,MAR_Amb_Cast_ETD_0004,630,1561
1.9822712330395684,2.854262234681278,0.8,0.936617644802915,0.48484848484848486,0.5174516010745414,255.0,0.0001633986928104575,True,MAR_Amb_Cast_ETD_0004,632,96
2.7442929831226763,1.681452145255562,0.72265625,0.8039299256567948,0.41294642857142855,0.38351541268144723,199.35135135135135,0.0001271860095389507,True,MAR_Amb_Cast_ETD_0004,634,555
3.0923696996291206,4.371064062194381,0.7774984286612193,0.9734787987050642,0.330660251269714,0.2767160513076363,233.87388843977365,0.00014900058649167024,True,MAR_Amb_Cast_ETD_0004,635,1237
2.369215857410143,2.683944308879269,0.8181818181818182,0.9279976795358054,0.43333333333333335,0.4722185591996474,255.0,0.003904809787162728,True,MAR_Amb_Cast_ETD_0004,636,234
2.4409090820652177,1.7770499123139725,0.9292929292929293,0.8266404913670427,0.6052631578947368,0.7180933387358368,251.96376811594203,0.000937766410912191,True,MAR_Amb_Cast_ETD_0004,637,276
1.6989700043360187,1.802570269401576,0.8771929824561403,0.8320081592343801,0.5681818181818182,0.8130585809961921,248.0,0.00031372549019607844,True,MAR_Amb_Cast_ETD_0004,639,50
3.490800952010855,3.243879307796885,0.5932170913968193,0.9512979736176744,0.39922630560928435,0.19464433840803858,252.2406330749354,0.002749911334042661,True,MAR_Amb_Cast_ETD_0004,640,3096
1.7993405494535817,2.718481415501935,0.9,0.9298841800365738,0.5,0.7176767587340551,255.0,0.002240896358543417,True,MAR_Amb_Cast_ETD_0004,641,63
2.164352855784437,2.1517322332358266,0.906832298136646,0.8854462270349285,0.5367647058823529,0.7606329378382555,255.0,0.0018533440773569703,True,MAR_Amb_Cast_ETD_0004,642,146
1.9637878273455553,1.064605623785871,0.9019607843137255,0.3430559522469096,0.696969696969697,0.8617575671002062,236.5,0.0019181585677749361,True,MAR_Amb_Cast_ETD_0004,643,92
1.7781512503836436,1.4698842062406896,0.8955223880597015,0.7329099148841404,0.625,0.8354377826444297,255.0,0.0,True,MAR_Amb_Cast_ETD_0004,644,60
2.5809249756756194,2.38267468881979,0.625615763546798,0.9076645459896179,0.4223946784922395,0.3014571958558113,234.6220472440945,0.0003087849312953528,True,MAR_Amb_Cast_ETD_0004,645,381
1.8864907251724818,1.325965810699433,0.8651685393258427,0.6566823787574297,0.5347222222222222,0.7697061035538363,217.74025974025975,0.00020371785077667433,True,MAR_Amb_Cast_ETD_0004,646,77
2.278753600952829,1.3926290271556971,0.892018779342723,0.6959746839914411,0.6666666666666666,0.7408538148209749,229.27894736842106,0.0004953560371517028,True,MAR_Amb_Cast_ETD_0004,647,190
2.1760912590556813,1.942066348921008,0.8875739644970414,0.8572409593423893,0.5952380952380952,0.7147101031417087,255.0,0.0010980392156862747,True,MAR_Amb_Cast_ETD_0004,648,150
1.9493900066449128,2.028587823424887,0.8018018018018018,0.8700555086285704,0.4635416666666667,0.6255213976031825,220.5056179775281,0.0002643754130865829,True,MAR_Amb_Cast_ETD_0004,650,89
2.710963118995276,1.557382495301445,0.8580968280467446,0.7666183630830936,0.5921658986175116,0.578787845075063,255.0,0.0006103608758678569,True,MAR_Amb_Cast_ETD_0004,652,514
1.6532125137753437,2.5629267529578637,0.7894736842105263,0.9207390553824347,0.5357142857142857,0.7018615087777657,254.9777777777778,0.0006971677559912855,True,MAR_Amb_Cast_ETD_0004,653,45
2.3502480183341627,2.662313708793381,0.691358024691358,0.9267765493342964,0.42424242424242425,0.3807458329644073,253.31696428571428,0.0011029411764705882,True,MAR_Amb_Cast_ETD_0004,654,224
2.037426497940624,1.5123389399054594,0.9316239316239316,0.750185495413071,0.5677083333333334,0.8200226732434263,254.9816513761468,3.597769382982551e-05,True,MAR_Amb_Cast_ETD_0004,655,109
1.6720978579357175,1.3759913480720463,0.9038461538461539,0.6869033746878134,0.746031746031746,0.9659006882058301,251.91489361702128,0.0028368794326241137,True,MAR_Amb_Cast_ETD_0004,656,47
1.9912260756924949,1.407581554613687,0.9074074074074074,0.7037593816191074,0.7424242424242424,0.8778023956152808,223.26530612244898,0.0009603841536614645,True,MAR_Amb_Cast_ETD_0004,657,98
2.8000293592441343,1.6518991807005792,0.7432273262661955,0.7959488954556894,0.4316005471956224,0.4270292853924871,254.93343898573693,0.0015537118175320843,True,MAR_Amb_Cast_ETD_0004,658,631
2.606381365110605,1.7763518446779858,0.6332288401253918,0.8264899078385465,0.3980295566502463,0.3345016778123597,253.96534653465346,0.0038147932440302855,True,MAR_Amb_Cast_ETD_0004,659,404
1.9294189257142926,1.9625588945612547,0.8854166666666666,0.8604476517946351,0.5902777777777778,0.7713201472060951,254.9764705882353,0.0013379469434832757,True,MAR_Amb_Cast_ETD_0004,660,85
2.8744818176994666,2.634166243601662,0.5897637795275591,0.9251397310907671,0.3566666666666667,0.22089324106022767,218.04138851802404,0.0001204220005759313,True,MAR_Amb_Cast_ETD_0004,661,749
2.4183012913197452,3.5941226448996217,0.6437346437346437,0.9605138955824147,0.2997711670480549,0.31335249818197486,227.63740458015266,0.0001047747343212094,True,MAR_Amb_Cast_ETD_0004,662,262
2.739572344450092,1.6180969369236553,0.7047496790757382,0.7861702787003384,0.4057649667405765,0.40441587834301124,240.6703096539162,0.0008357441337190613,True,MAR_Amb_Cast_ETD_0004,663,549
2.6981005456233897,1.7529576384991505,0.8974820143884892,0.8213223003955309,0.6497395833333334,0.6467252918803953,208.5190380761523,0.00011002396950764273,True,MAR_Amb_Cast_ETD_0004,664,499
2.225309281725863,2.3617112748813147,0.717948717948718,0.9059326648827353,0.42857142857142855,0.39044015357565304,230.30357142857142,0.00018674136321195143,True,MAR_Amb_Cast_ETD_0004,665,168
3.5323721335678773,2.8846234246641225,0.7832183908045977,0.9379887484093222,0.3645799892990904,0.34432989285114185,218.49838567654828,0.002501194196492803,True,MAR_Amb_Cast_ETD_0004,667,3407
1.7558748556724915,1.5545886877337993,0.8769230769230769,0.765650362688575,0.5757575757575758,0.7635965834074699,214.8421052631579,0.0012383900928792568,True,MAR_Amb_Cast_ETD_0004,668,57
2.315970345456918,1.3426623477892672,0.8734177215189873,0.6673001640562918,0.5447368421052632,0.6801935873885431,214.1400966183575,0.00024628208771431277,True,MAR_Amb_Cast_ETD_0004,669,207
2.741151598851785,1.9477462044220137,0.7837837837837838,0.858141103851203,0.5064338235294118,0.4569592058267235,208.69691470054445,7.117184441834811e-05,True,MAR_Amb_Cast_ETD_0004,670,551
5.091466467718198,4.406982322170572,0.7828058315841541,0.9739151159641958,0.6650665373632886,0.29618105387997734,152.6535161977593,3.5072152853591396e-05,True,MAR_Amb_Cast_ETD_0004,671,123443
2.2576785748691846,1.5853514558729518,0.8916256157635468,0.7759658180380227,0.6804511278195489,0.7205543474211603,224.0,0.0011483046257176903,True,MAR_Amb_Cast_ETD_0004,672,181
2.7867514221455614,2.48774167417986,0.8429752066115702,0.9156524001550314,0.45,0.5265598650147506,254.781045751634,0.0002370882993720364,True,MAR_Amb_Cast_ETD_0004,673,612
2.1702617153949575,2.1802913948569493,0.8222222222222222,0.8886147888598003,0.46984126984126984,0.5721844900354195,232.30405405405406,0.00042395336512983573,True,MAR_Amb_Cast_ETD_0004,674,148
2.575187844927661,1.6796294848865725,0.8430493273542601,0.8034520997414522,0.5893416927899686,0.5880277061683101,203.56117021276594,0.00010429703796412182,True,MAR_Amb_Cast_ETD_0004,675,376
3.7238659644435037,2.450570132043115,0.47091782283884737,0.9129513998436942,0.31623268036311514,0.13423096504819174,232.214164305949,0.0012657149734303542,True,MAR_Amb_Cast_ETD_0004,676,5295
1.6720978579357175,2.7630702872096577,0.746031746031746,0.9322106187096603,0.5595238095238095,0.540984447417593,239.3404255319149,0.0010012515644555694,True,MAR_Amb_Cast_ETD_0004,677,47
1.7403626894942439,1.6566866414102033,0.859375,0.7972763590793883,0.5555555555555556,0.778340211976964,254.43636363636364,7.130124777183601e-05,True,MAR_Amb_Cast_ETD_0004,679,55
2.03342375548695,3.7995328955128937,0.574468085106383,0.9647439525894411,0.3333333333333333,0.32145401940032803,254.90740740740742,0.00029048656499636893,True,MAR_Amb_Cast_ETD_0004,680,108
2.41161970596323,2.7792394298993837,0.8927335640138409,0.9330253384056317,0.5058823529411764,0.5364623013906826,246.40697674418604,0.00033439732482140144,True,MAR_Amb_Cast_ETD_0004,681,258
2.432969290874406,1.6148240459428642,0.9312714776632303,0.7851840150532917,0.6376470588235295,0.7717873080036861,247.27306273062732,0.0024889660661312494,True,MAR_Amb_Cast_ETD_0004,682,271
2.5428254269591797,1.5335240705675934,0.9381720430107527,0.758139159045143,0.7457264957264957,0.7744020372652574,241.52722063037248,0.0012360244957581887,True,MAR_Amb_Cast_ETD_0004,683,349
2.290034611362518,1.488042542594216,0.819327731092437,0.7405295509828409,0.49872122762148335,0.5754652414125029,243.17435897435897,0.00040221216691804925,True,MAR_Amb_Cast_ETD_0004,684,195
2.6085260335771943,2.1232995625733686,0.9164785553047404,0.8821518409595965,0.6677631578947368,0.6186673962191198,235.82019704433498,0.0005892011977204675,True,MAR_Amb_Cast_ETD_0004,685,406
3.2132520521963968,2.248796176751778,0.5444851716094635,0.8956883359517882,0.31544401544401546,0.1665014562245163,225.5220318237454,0.0004199966400268798,True,MAR_Amb_Cast_ETD_0004,686,1634
1.9395192526186185,1.8942982302868283,0.87,0.8493065465047175,0.564935064935065,0.7236003135037115,245.91954022988506,0.002073473067387875,True,MAR_Amb_Cast_ETD_0004,687,87
2.3404441148401185,4.270756948143645,0.6384839650145773,0.9722003546696028,0.23174603174603176,0.2700304730706883,234.34246575342465,0.00965171456710538,True,MAR_Amb_Cast_ETD_0004,688,219
1.8976270912904414,1.2852601441582847,0.9186046511627907,0.6281991306948683,0.5984848484848485,0.8999438720633389,255.0,9.928021841648051e-05,True,MAR_Amb_Cast_ETD_0004,689,79
2.1818435879447726,1.6369145218393355,0.7378640776699029,0.7917035638942762,0.48253968253968255,0.5166228730759066,206.26315789473685,0.0003095975232198142,True,MAR_Amb_Cast_ETD_0004,690,152
1.7708520116421442,2.048296201421376,0.855072463768116,0.8727258279135505,0.5462962962962963,0.8349467728480159,254.96610169491527,0.0011299435028248588,True,MAR_Amb_Cast_ETD_0004,691,59
2.1818435879447726,1.7735231884544214,0.9047619047619048,0.8258776210943605,0.562962962962963,0.7658378043378213,255.0,0.00010319917440660474,True,MAR_Amb_Cast_ETD_0004,692,152
2.7611758131557314,3.694981058006734,0.49527896995708154,0.9626813634197404,0.24192872117400419,0.22893594167615727,233.98786828422877,0.0007340197777551228,True,MAR_Amb_Cast_ETD_0004,693,577
2.413299764081252,1.943557362692948,0.9316546762589928,0.8574781112188471,0.6851851851851852,0.7247729276953638,223.85328185328186,0.0013172836702248466,True,MAR_Amb_Cast_ETD_0004,694,259
3.0788191830988487,4.397350145305278,0.68125,0.9737991765991029,0.2251643192488263,0.19497144772288685,189.77064220183487,0.00010793308148947653,True,MAR_Amb_Cast_ETD_0004,695,1199
3.2329961103921536,3.0586197252595486,0.747051114023591,0.9450434159676667,0.479394449116905,0.38804773534137116,209.95380116959063,0.0014883614264419218,True,MAR_Amb_Cast_ETD_0004,696,1710
2.303196057420489,1.9992575488570918,0.9262672811059908,0.8659181738517633,0.5911764705882353,0.7053647397465006,254.01492537313433,0.0025558482099307385,True,MAR_Amb_Cast_ETD_0004,697,201
3.409087369447835,2.6492142188547905,0.5494858611825193,0.9260216429032908,0.375,0.18331675010567117,216.27797270955165,0.0005396934602300958,True,MAR_Amb_Cast_ETD_0004,698,2565
2.2095150145426308,1.8835513348108066,0.8481675392670157,0.8474269595599199,0.5664335664335665,0.6013415600277502,244.7037037037037,0.002420721374969741,True,MAR_Amb_Cast_ETD_0004,699,162
2.450249108319361,1.751873954619428,0.8294117647058824,0.8210770879892031,0.5595238095238095,0.5863657712874903,254.61347517730496,0.0005145320539563342,True,MAR_Amb_Cast_ETD_0004,701,282
2.3096301674258988,2.856059309614551,0.8326530612244898,0.9367000762876603,0.5037037037037037,0.4967065451184533,255.0,0.0003460207612456748,True,MAR_Amb_Cast_ETD_0004,702,204
2.0644579892269186,1.5713685893073812,0.8055555555555556,0.7713691759731359,0.49572649572649574,0.6190169520249376,194.41379310344828,0.0001352265043948614,True,MAR_Amb_Cast_ETD_0004,703,116
3.7777167386096258,3.5463998042098313,0.7080921441228588,0.9594214281408125,0.49244166940519224,0.31192417102018843,187.3401735068402,0.00026169960810483683,True,MAR_Amb_Cast_ETD_0004,704,5994
2.558708570533166,2.9034198139682714,0.7685774946921444,0.9388151466382056,0.5027777777777778,0.42072254620142735,232.90331491712706,0.001679124688549453,True,MAR_Amb_Cast_ETD_0004,707,362
1.8808135922807914,1.886707459700387,0.9047619047619048,0.84798271871869,0.5314685314685315,0.7597099203907994,255.0,0.0,True,MAR_Amb_Cast_ETD_0004,708,76
1.9344984512435677,1.1025183651794561,0.8686868686868687,0.4210996714349523,0.7107438016528925,0.7467755115567042,255.0,0.0,True,MAR_Amb_Cast_ETD_0004,709,86
3.1436392352745433,3.9308961234363773,0.6156567890314021,0.9671004215209165,0.4884210526315789,0.25096765094064555,238.5287356321839,0.030964052287581697,True,MAR_Amb_HIP_CBS_0003,40,1392
3.143327129992046,4.5072877327427525,0.549585144211774,0.9750778668743713,0.29439153439153437,0.1899907521031955,231.94967649173256,0.017656926178091652,True,MAR_Amb_HIP_CBS_0003,57,1391
2.846955325019824,3.4062426798650742,0.7802441731409545,0.9559349341073926,0.5873015873015873,0.4210283281891232,239.57752489331438,0.025158285220204725,True,MAR_Amb_HIP_CBS_0003,96,703
3.7075701760979363,4.266597240347144,0.43916300697494187,0.9721453449246801,0.188470066518847,0.09422241619364084,223.46411764705883,0.023823144944252212,True,MAR_Amb_HIP_CBS_0003,118,5100
2.6503075231319366,2.0717321001358147,0.6563876651982379,0.8757924405995544,0.42450142450142453,0.4493108444932102,230.60402684563758,0.0443128481817783,True,MAR_Amb_HIP_CBS_0003,220,447
2.677606952720493,3.504926271095884,0.5639810426540285,0.9584344837229665,0.34,0.26784974371859005,230.73319327731093,0.044438952051408805,True,MAR_Amb_HIP_CBS_0003,224,476
2.6884198220027105,2.9316937959878815,0.6703296703296703,0.9400271088700255,0.4420289855072464,0.32336607282014335,225.55532786885246,0.04926068788171006,True,MAR_Amb_HIP_CBS_0003,267,488
2.902546779313991,3.4934603136211506,0.7918731417244796,0.9581552230997257,0.5587412587412588,0.37858736010097416,220.28785982478098,0.011769613978257135,True,MAR_Amb_HIP_CBS_0003,286,799
3.0930713063760633,2.167061790207694,0.4055646481178396,0.8871639764521724,0.26474358974358975,0.14473055680739152,226.56577885391445,0.041114750985139815,True,MAR_Amb_HIP_CBS_0003,378,1239
3.085290578230065,2.7703868937416134,0.5623844731977818,0.9325811383211373,0.3756172839506173,0.19934751031093742,212.03861955628594,0.03705995134290364,True,MAR_Amb_HIP_CBS_0003,431,1217
3.519565500880509,2.6983941942627876,0.6269901440485216,0.9287962512337217,0.43309766954700185,0.2420137265220465,228.96916565900847,0.012462953742561112,True,MAR_Amb_HIP_CBS_0003,495,3308
3.5560611590095323,2.9471853940698773,0.49429866739936806,0.940675770843053,0.3708513708513709,0.17595549247903186,230.7462479155086,0.01302139532855944,True,MAR_Amb_HIP_CBS_0003,545,3598
2.8115750058705933,2.1223768392001605,0.6721991701244814,0.8820424945689121,0.4645161290322581,0.390702152012779,236.31172839506172,0.025671750181554105,True,MAR_Amb_HIP_CBS_0003,566,648
3.1950689964685903,5.877900137722972,0.41988210075026794,0.9854218370945516,0.14881291547958214,0.11082788907551602,230.65794511805998,0.039210681081622185,True,MAR_Amb_HIP_CBS_0003,612,1567
3.3703280077795106,4.566846884503194,0.7053517739025857,0.9757317127280077,0.46181102362204723,0.2188918796315967,230.06820119352088,0.016970061681961787,True,MAR_Amb_HIP_CBS_0003,632,2346
3.298197867109815,3.265533896651178,0.6211316036261332,0.9519579931921741,0.30583346159766045,0.2864937559061691,231.19023653749372,0.01420606491212489,True,MAR_Amb_HIP_CBS_0003,653,1987
3.4734869700645685,1.791614012816866,0.5206510325516276,0.8297360717642102,0.4131944444444444,0.15282291663605044,237.43697478991598,0.02809556763882023,True,MAR_Amb_HIP_CBS_0003,737,2975
2.8549130223078554,2.7496983145857654,0.8154897494305239,0.9315254036765038,0.41435185185185186,0.41350609493953877,233.47346368715083,0.019689998904589768,True,MAR_Amb_HIP_CBS_0003,767,716
3.390405156480081,1.6959822030745058,0.6558996262680192,0.8076743429704599,0.455,0.31595325952681014,239.5913715913716,0.013370362389970233,True,MAR_Amb_HIP_CBS_0003,782,2457
3.4077307280263356,1.4668205015856606,0.4623869801084991,0.7315883206557833,0.36014084507042254,0.151326020675211,228.61556511536958,0.030199299117378668,True,MAR_Amb_HIP_CBS_0003,822,2557
3.52270499273475,4.464195019108162,0.6902838201781645,0.9745880982316378,0.24992499249924993,0.24046200939722936,231.41326530612244,0.010147588447143563,True,MAR_Amb_HIP_CBS_0003,947,3332
2.8407332346118066,3.808524237770755,0.5214446952595937,0.9649132476414244,0.3862876254180602,0.23439261359349964,236.4054834054834,0.033443680502504035,True,MAR_Amb_HIP_CBS_0003,981,693
3.3215984304653436,3.0543581113894778,0.6640278657378087,0.9448854765348591,0.3994285714285714,0.2694251946211305,223.83118741058655,0.00913910628629134,True,MAR_Amb_HIP_CBS_0003,991,2097
3.095518042323151,2.598329537039043,0.6393022062596203,0.9229738555492899,0.322047040578961,0.26627571315442444,227.8780096308186,0.014635067510150127,True,MAR_Amb_HIP_CBS_0003,1044,1246
3.400192488592576,4.067391177391327,0.6493540051679586,0.9693058978649917,0.44971367215461705,0.18124395588658077,222.86350974930363,0.02050357747555847,True,MAR_Amb_HIP_CBS_0003,1140,2513
3.313023110323238,2.619015505091091,0.6955345060893099,0.9242355223765102,0.45811051693404636,0.24348456570206795,233.47081712062257,0.014837491416800182,True,MAR_Amb_HIP_CBS_0003,1196,2056
3.323252100171687,4.14841973678879,0.593961625282167,0.9705112959038606,0.29981484119071355,0.20756308115664898,236.55486935866983,0.016604722649154673,True,MAR_Amb_HIP_CBS_0003,1239,2105
3.327767489902729,3.086059453958094,0.5543393275996873,0.9460441250588308,0.30221653878942883,0.15511952021266806,234.22708039492244,0.03242530674705237,True,MAR_Amb_HIP_CBS_0003,1248,2127
3.7130703258556395,2.2696856264277177,0.43886481434276486,0.8977086156798872,0.29942028985507246,0.10690305201010665,228.64104549854792,0.013766869768236434,True,MAR_Amb_HIP_CBS_0003,1301,5165
3.2237554536572413,2.5866750769613627,0.5492125984251969,0.9222488851247512,0.27442622950819673,0.23495412586694892,232.11768219832737,0.010066296530559656,True,MAR_Amb_HIP_CBS_0003,1304,1674
2.9237619608287004,1.86969388885476,0.392422825070159,0.8449489820980063,0.23687182382834557,0.14691987628278966,196.02622169249105,0.0023744420294935613,True,MAR_Amb_HIP_CBS_0003,1379,839
2.5809249756756194,3.847361411909824,0.5169606512890095,0.9656305858705704,0.21598639455782312,0.25309435002126895,209.83727034120736,0.016262673048221914,True,MAR_Amb_HIP_CBS_0003,1412,381
1.6334684555795864,2.0904797679695375,0.9555555555555556,0.8781643244698017,0.5972222222222222,0.9737833682555215,194.86046511627907,0.0012767897856817147,True,MAR_Amb_HIP_CBS_0003,1437,43
1.7160033436347992,3.3217597088158874,0.896551724137931,0.9536098542833276,0.6933333333333334,0.6664141331101942,196.90384615384616,0.004072398190045249,True,MAR_Amb_HIP_CBS_0003,1443,52
1.9867717342662448,3.2728781620536487,0.8083333333333333,0.9521787705047172,0.5773809523809523,0.546832932048117,195.95876288659792,0.003719425914695775,True,MAR_Amb_HIP_CBS_0003,1456,97
2.1271047983648077,1.8581224554241016,0.7570621468926554,0.8428314205175431,0.5583333333333333,0.5839700839086779,204.84328358208955,0.004594673690371671,True,MAR_Amb_HIP_CBS_0003,1478,134
2.146128035678238,1.3927115673855481,0.5691056910569106,0.6960185889523254,0.4093567251461988,0.36141487513828646,197.28571428571428,0.00484593837535014,True,MAR_Amb_HIP_CBS_0003,1483,140
1.6434526764861874,1.4930351404233555,0.9166666666666666,0.742562661411343,0.6285714285714286,0.948661268636659,197.4090909090909,0.011051693404634582,True,MAR_Amb_HIP_CBS_0003,1493,44
2.173186268412274,1.9113977571631995,0.8869047619047619,0.8522238366628093,0.5912698412698413,0.684942341790582,202.40939597315437,0.018581392288459005,True,MAR_Amb_HIP_CBS_0003,1496,149
2.583198773968623,3.532866609638664,0.6227642276422765,0.9591033078942254,0.31679073614557485,0.37110478347344084,200.41514360313315,0.006235601290124405,True,MAR_Amb_HIP_CBS_0003,1500,383
2.8573324964312685,1.1497539961293846,0.5421686746987951,0.49349035025351035,0.28811524609843936,0.23677545207261785,200.03055555555557,0.0023148148148148147,True,MAR_Amb_HIP_CBS_0003,1503,720
3.2214142378423385,3.8282516344617177,0.5169202111145607,0.965280415398299,0.25934579439252337,0.16353639872498127,200.4918918918919,0.0057445680975092735,True,MAR_Amb_HIP_CBS_0003,1509,1665
3.6269559514354475,3.092757230112271,0.5962837837837838,0.9462841957879118,0.38470620288802104,0.17679732113192875,231.3961284230406,0.01598715028976652,True,MAR_Amb_HIP_CBS_0003,1513,4236
1.6532125137753437,3.448860252928637,0.703125,0.957041534194116,0.375,0.5311986843807719,195.2888888888889,0.01028322440087146,True,MAR_Amb_HIP_CBS_0003,1519,45
1.6434526764861874,3.3461836840260992,0.8461538461538461,0.9543007527863157,0.4,0.6126543739392484,197.0681818181818,0.022459893048128343,True,MAR_Amb_HIP_CBS_0003,1520,44
2.4313637641589874,3.4103384534149073,0.6094808126410836,0.956043145627976,0.313588850174216,0.28225306176838544,199.66296296296295,0.008293391430646332,True,MAR_Amb_HIP_CBS_0003,1522,270
2.041392685158225,1.279843242640716,0.9322033898305084,0.6240984814640526,0.6547619047619048,0.8621424721627639,194.02727272727273,0.0003921568627450981,True,MAR_Amb_HIP_CBS_0003,1524,110
1.9867717342662448,1.237890540301641,0.8899082568807339,0.589421213786654,0.5739644970414202,0.7829948759378764,194.39175257731958,0.004972710733778047,True,MAR_Amb_HIP_CBS_0003,1532,97
1.8129133566428555,1.9514872543295134,0.9558823529411765,0.8587291874711542,0.7142857142857143,0.8990320646778744,201.90769230769232,0.007963800904977374,True,MAR_Amb_HIP_CBS_0003,1535,65
2.575187844927661,2.9737848998187437,0.6678507992895204,0.941764979582406,0.41228070175438597,0.34262659451722177,205.54787234042553,0.0009073842302878598,True,MAR_Amb_HIP_CBS_0003,1538,376
1.99563519459755,5.031278487706018,0.6971830985915493,0.9800488756273882,0.4583333333333333,0.38747767265936084,194.96969696969697,0.0033273915626856805,True,MAR_Amb_HIP_CBS_0003,1546,99
1.7323937598229686,1.9011113316676513,0.9473684210526315,0.8504795449040725,0.6136363636363636,0.9328753281440608,231.5,0.06180101670297749,True,MAR_Amb_HIP_CBS_0003,1551,54
1.9822712330395684,2.3012008946474545,0.897196261682243,0.9006449525816231,0.5925925925925926,0.7102452720083718,191.48958333333334,0.0003676470588235294,True,MAR_Amb_HIP_CBS_0003,1552,96
2.887617300335736,1.4571657484873861,0.41888225718936517,0.727352799243937,0.24125,0.1724549794901412,195.37694300518135,0.00554708930204206,True,MAR_Amb_HIP_CBS_0003,1553,772
2.7558748556724915,2.160934756444284,0.6993865030674846,0.8864821963939711,0.49137931034482757,0.42302297743799006,200.6,0.005104919160646715,True,MAR_Amb_HIP_CBS_0003,1557,570
2.7573960287930244,1.4674351948421558,0.5607843137254902,0.731854337348778,0.4255952380952381,0.2176640530329819,196.770979020979,0.002008775538187303,True,MAR_Amb_HIP_CBS_0003,1558,572
2.0043213737826426,1.5087280788624353,0.9439252336448598,0.7487876566941788,0.7481481481481481,0.8998383558630971,193.68316831683168,0.0008542030673655601,True,MAR_Amb_HIP_CBS_0003,1559,101
2.6424645202421213,2.347105560347706,0.607192254495159,0.9046964719672129,0.34431372549019607,0.2910213435229843,206.96810933940773,0.002992540979945509,True,MAR_Amb_HIP_CBS_0003,1560,439
4.064233296034753,13.854586933399808,0.4271451202888406,0.9973917477865991,0.11299754395540135,0.06778593823923006,199.4767120924616,0.004210088382429045,True,MAR_Amb_HIP_CBS_0003,1561,11594
2.3364597338485296,1.6019145786441762,0.8097014925373134,0.7812222331341249,0.6027777777777777,0.5907505353075487,201.95852534562212,0.00872865275142315,True,MAR_Amb_HIP_CBS_0003,1562,217
1.806179973983887,1.6422152665133074,0.8888888888888888,0.7932212244987795,0.5925925925925926,0.8384779468052587,190.125,0.0007352941176470588,True,MAR_Amb_HIP_CBS_0003,1564,64
1.7993405494535817,1.66902103295794,0.9130434782608695,0.8006340831838578,0.65625,0.9432711477921328,218.47619047619048,0.021288515406162466,True,MAR_Amb_HIP_CBS_0003,1565,63
2.230448921378274,1.1853138868330975,0.9497206703910615,0.5368803671994401,0.6296296296296297,0.8769816492501589,202.23529411764707,0.0030449826989619377,True,MAR_Amb_HIP_CBS_0003,1567,170
1.8692317197309762,2.9014148911335838,0.8222222222222222,0.9387277975659609,0.6218487394957983,0.6047514785086123,196.2972972972973,0.0030736618971913088,True,MAR_Amb_HIP_CBS_0003,1568,74
1.9637878273455553,3.14907889452753,0.8598130841121495,0.9482404659716416,0.42592592592592593,0.5895201946744023,204.3913043478261,0.014407502131287298,True,MAR_Amb_HIP_CBS_0003,1570,92
2.0253058652647704,2.3987191159352474,0.7571428571428571,0.9089573297698385,0.5888888888888889,0.6019369391257362,193.95283018867926,0.0005919348871624121,True,MAR_Amb_HIP_CBS_0003,1576,106
2.6434526764861874,1.2065533189336521,0.5583756345177665,0.5595343888204071,0.4888888888888889,0.20619953292512513,204.64772727272728,0.008297682709447415,True,MAR_Amb_HIP_CBS_0003,1577,440
2.439332693830263,1.9160306651737689,0.8870967741935484,0.8529991415531868,0.565843621399177,0.6677103404727383,208.62545454545455,0.004934046345811052,True,MAR_Amb_HIP_CBS_0003,1578,275
1.8325089127062364,4.679548490771573,0.7906976744186046,0.9769002467639271,0.36363636363636365,0.4972184683383195,200.58823529411765,0.013321799307958477,True,MAR_Amb_HIP_CBS_0003,1579,68
1.6020599913279623,2.0034030837029713,0.9302325581395349,0.8665152072573002,0.6349206349206349,0.9730841361922961,211.825,0.029509803921568628,True,MAR_Amb_HIP_CBS_0003,1580,40
1.7708520116421442,1.2746430990038415,0.6082474226804123,0.6200866455524604,0.34911242603550297,0.43500337858990096,193.27118644067798,0.014556331006979062,True,MAR_Amb_HIP_CBS_0003,1586,59
2.3541084391474008,1.4699051234729457,0.9149797570850202,0.7329189014201418,0.565,0.7995676723036083,209.06637168141592,0.005170917924692001,True,MAR_Amb_HIP_CBS_0003,1591,226
2.1072099696478683,1.5120408577077777,0.9014084507042254,0.7500705791085344,0.6153846153846154,0.8517721828387512,203.25,0.0022058823529411764,True,MAR_Amb_HIP_CBS_0003,1593,128
2.1760912590556813,3.644418422817975,0.625,0.9616178653115011,0.30864197530864196,0.4005700473525106,196.08666666666667,0.005464052287581699,True,MAR_Amb_HIP_CBS_0003,1596,150
1.662757831681574,1.1825440873287039,0.92,0.5337624977348053,0.6388888888888888,0.9917822353928708,192.2826086956522,0.0005967604433077579,True,MAR_Amb_HIP_CBS_0003,1601,46
1.792391689498254,2.8752674987604534,0.8985507246376812,0.9375710764215838,0.4025974025974026,0.6960774577349415,196.8548387096774,0.01151170145477546,True,MAR_Amb_HIP_CBS_0003,1602,62
2.670245853074124,1.5045440932141847,0.8167539267015707,0.7471520357040925,0.65,0.5616743035473988,198.60042735042734,0.0013323278029160382,True,MAR_Amb_HIP_CBS_0003,1604,468
1.7781512503836436,1.4922517771962027,0.8955223880597015,0.7422453726558025,0.6,0.8983534740877454,194.68333333333334,0.000980392156862745,True,MAR_Amb_HIP_CBS_0003,1605,60
1.6232492903979006,1.729682264624798,0.9545454545454546,0.81593697100233,0.6666666666666666,1.0,199.76190476190476,0.005322128851540616,True,MAR_Amb_HIP_CBS_0003,1607,42
2.4742162640762553,2.447169831715624,0.8895522388059701,0.912697750823476,0.45987654320987653,0.6235209157514531,198.03355704697987,9.21173838662982e-05,True,MAR_Amb_HIP_CBS_0003,1610,298
1.9344984512435677,1.8958310753067786,0.8865979381443299,0.8495716979732024,0.6013986013986014,0.8055559866371493,201.7093023255814,0.006566347469220247,True,MAR_Amb_HIP_CBS_0003,1618,86
2.0453229787866576,3.1333610198179795,0.8409090909090909,0.9477055220586216,0.6032608695652174,0.5494575852766337,194.2972972972973,0.002861685214626391,True,MAR_Amb_HIP_CBS_0003,1625,111
1.8195439355418688,1.3816779277399327,0.8461538461538461,0.6900542244466724,0.6,0.7790914037584654,191.28787878787878,5.9417706476530004e-05,True,MAR_Amb_HIP_CBS_0003,1628,66
1.863322860120456,3.7898665010062063,0.8488372093023255,0.9645605679734456,0.32589285714285715,0.4991425442201692,191.91780821917808,0.0005372011818426001,True,MAR_Amb_HIP_CBS_0003,1630,73
1.7403626894942439,3.291927561337474,0.8461538461538461,0.9527443133361677,0.4583333333333333,0.605013564181543,192.43636363636364,0.0010695187165775401,True,MAR_Amb_HIP_CBS_0003,1632,55
2.806179973983887,4.9699256144127215,0.4984423676012461,0.9795480760532365,0.2689075630252101,0.1658528925560025,193.0703125,0.0007720588235294117,True,MAR_Amb_HIP_CBS_0003,1634,640
2.012837224705172,1.456977993075463,0.8803418803418803,0.7272693486666574,0.45982142857142855,0.7961781216180619,190.25242718446603,0.0007995431182181611,True,MAR_Amb_HIP_CBS_0003,1635,103
2.383815365980431,1.4157842633628384,0.7096774193548387,0.707890391043105,0.4801587301587302,0.45786445180032753,193.00413223140495,4.861448711716092e-05,True,MAR_Amb_HIP_CBS_0003,1639,242
3.168202746842631,2.5553763314225164,0.6994301994301995,0.9202496554016405,0.41657239819004527,0.3540489803221957,200.44602851323828,0.00011447892123583989,True,MAR_Amb_HIP_CBS_0003,1640,1473
3.144574207609616,2.5013244830415586,0.7303664921465969,0.9166075491711909,0.407656341320865,0.35163124357924924,199.56917562724016,0.0017597863518167124,True,MAR_Amb_HIP_CBS_0003,1644,1395
1.6334684555795864,5.210390898558811,0.8269230769230769,0.9814097560050125,0.35833333333333334,0.47301060472375156,195.25581395348837,0.021796625626994984,True,MAR_Amb_HIP_CBS_0003,1649,43
1.99563519459755,5.315825853305049,0.6556291390728477,0.9821465252139947,0.3173076923076923,0.3610698926211599,200.8989898989899,0.011606258665082195,True,MAR_Amb_HIP_CBS_0003,1656,99
2.1398790864012365,3.753542876790364,0.7076923076923077,0.9638584261150938,0.5018181818181818,0.4382384192913064,198.96376811594203,0.003751065643648764,True,MAR_Amb_HIP_CBS_0003,1673,138
2.1583624920952498,1.4690081255454186,0.7700534759358288,0.7325330859756771,0.5647058823529412,0.6086260696665494,201.36111111111111,0.002505446623093682,True,MAR_Amb_HIP_CBS_0003,1677,144
1.7558748556724915,1.2836741319111409,0.9661016949152542,0.6270066456503455,0.7037037037037037,1.0,197.21052631578948,0.0007567939456484347,True,MAR_Amb_HIP_CBS_0003,1696,57
2.4216039268698313,3.0487838842230826,0.8655737704918033,0.9446778496938347,0.5714285714285714,0.5204343873937167,201.95454545454547,0.003431372549019608,True,MAR_Amb_HIP_CBS_0003,1701,264
1.9030899869919435,1.8685114619712926,0.898876404494382,0.8447346439347101,0.5925925925925926,0.7844374261459849,197.525,0.0018627450980392157,True,MAR_Amb_HIP_CBS_0003,1710,80
2.3909351071033793,1.956000166929358,0.8723404255319149,0.8594335901385725,0.6029411764705882,0.7109388709068177,201.35772357723576,0.001259365534831819,True,MAR_Amb_HIP_CBS_0003,1713,246
1.8808135922807914,1.4423816062544776,0.9743589743589743,0.7206512021146876,0.7916666666666666,1.0,199.60526315789474,0.0009287925696594427,True,MAR_Amb_HIP_CBS_0003,1716,76
1.9590413923210936,3.6130755588115355,0.9191919191919192,0.9609354694072736,0.65,0.6027653996222717,197.58241758241758,0.0018099547511312218,True,MAR_Amb_HIP_CBS_0003,1718,91
2.1903316981702914,1.2310910210425197,0.8757062146892656,0.5832570757718742,0.5698529411764706,0.7756146174875586,196.6451612903226,0.001366223908918406,True,MAR_Amb_HIP_CBS_0003,1724,155
2.9537596917332287,1.8438293635167327,0.6375886524822695,0.8401529507555189,0.43810916179337234,0.3549238996653377,198.7741935483871,0.0002050208292438221,True,MAR_Amb_HIP_CBS_0003,1729,899
1.7481880270062005,1.4447248833183293,0.9333333333333333,0.7217313303856996,0.691358024691358,1.0,192.80357142857142,0.00021008403361344536,True,MAR_Amb_HIP_CBS_0003,1738,56
1.6720978579357175,1.1886022889907335,0.9591836734693877,0.5405306710285372,0.6527777777777778,1.0,193.14893617021278,0.0,True,MAR_Amb_HIP_CBS_0003,1740,47
2.367355921026019,1.439617248516422,0.932,0.7193680879330291,0.6619318181818182,0.78397617564779,208.11587982832617,0.0006563998990154001,True,MAR_Amb_HIP_CBS_0003,1744,233
2.012837224705172,2.06203704265174,0.911504424778761,0.8745378082148175,0.5852272727272727,0.8072788602978603,193.71844660194174,3.8073481819912425e-05,True,MAR_Amb_HIP_CBS_0003,1751,103
2.6522463410033232,2.347092000334128,0.7688356164383562,0.9046953127537866,0.49340659340659343,0.4714608352616497,194.56124721603564,6.987204681427136e-05,True,MAR_Amb_HIP_CBS_0003,1755,449
1.806179973983887,2.207821656571907,0.9142857142857143,0.8915434725875322,0.7032967032967034,0.8202020099817773,194.25,0.000857843137254902,True,MAR_Amb_HIP_CBS_0003,1763,64
1.7160033436347992,1.3385130562133245,0.9454545454545454,0.6647142659540195,0.7222222222222222,1.0,196.01923076923077,0.0003770739064856712,True,MAR_Amb_HIP_CBS_0003,1766,52
3.0572856444182146,2.4433700206953057,0.516289592760181,0.912412962037739,0.3380740740740741,0.21058491510607827,196.0815074496056,4.4680448866663225e-05,True,MAR_Amb_HIP_CBS_0003,1776,1141
2.499687082618404,1.4239000848884424,0.6975717439293598,0.7118845913709094,0.398989898989899,0.41276907538050983,192.12025316455697,7.44601638123604e-05,True,MAR_Amb_HIP_CBS_0003,1797,316
2.2068258760318495,2.7599224646995544,0.9252873563218391,0.9320502571039229,0.644,0.6386481307317059,209.90062111801242,0.006430398246255024,True,MAR_Amb_HIP_CBS_0003,1799,161
2.0718820073061255,1.2640885048951183,0.6742857142857143,0.6117077274014009,0.4627450980392157,0.4912434440474606,191.51694915254237,0.0016616816218012627,True,MAR_Amb_HIP_CBS_0003,1800,118
1.9493900066449128,3.1001408779577577,0.9270833333333334,0.9465469795395909,0.6691729323308271,0.6476272243587077,194.8314606741573,0.0009253139458030403,True,MAR_Amb_HIP_CBS_0003,1802,89
1.99563519459755,1.3119357082279264,0.8918918918918919,0.6473033726858043,0.7071428571428572,0.9840354255218148,192.43434343434345,0.00023767082590612002,True,MAR_Amb_HIP_CBS_0003,1810,99
1.8512583487190752,1.7060654620224553,0.9594594594594594,0.8102069086007462,0.7395833333333334,0.9449347653367396,191.4788732394366,0.0,True,MAR_Amb_HIP_CBS_0003,1816,71
2.3961993470957363,2.6936389767156608,0.7591463414634146,0.9285349484546639,0.47884615384615387,0.5196469491810642,195.9277108433735,0.00014174344436569808,True,MAR_Amb_HIP_CBS_0003,1820,249
1.8388490907372552,1.5231366804607742,0.971830985915493,0.7542912985375677,0.7840909090909091,1.0,193.59420289855072,0.0,True,MAR_Amb_HIP_CBS_0003,1821,69
3.1222158782728267,3.1665779578827156,0.7328539823008849,0.9488263386601702,0.42063492063492064,0.35426762739699236,236.34716981132075,0.01144802071772105,True,MAR_Amb_HIP_CBS_0003,1822,1325
2.1367205671564067,2.0350273232440292,0.8670886075949367,0.8709374497109986,0.6008771929824561,0.7723310483566188,194.64963503649636,0.00017174753112924002,True,MAR_Amb_HIP_CBS_0003,1823,137
3.7224693858840308,2.8106745402159516,0.441747572815534,0.9345672693417648,0.26416416416416416,0.1431265942098207,229.76885183781735,0.010636084672595829,True,MAR_Amb_HIP_CBS_0003,1825,5278
1.6901960800285136,3.0405284563010397,0.8448275862068966,0.9443681691804994,0.4049586776859504,0.693430370670386,190.53061224489795,0.00048019207683073226,True,MAR_Amb_HIP_CBS_0003,1831,49
2.8444771757456815,1.4262774503736448,0.837125748502994,0.7130375392388867,0.5903716216216216,0.5692017870003602,195.83834048640915,5.610255547140172e-06,True,MAR_Amb_HIP_CBS_0003,1838,699
1.9867717342662448,1.921245401691258,0.97,0.8538642808716818,0.7578125,0.8918041228682744,193.68041237113403,0.0,True,MAR_Amb_HIP_CBS_0003,1841,97
1.99563519459755,1.707443712575146,0.9252336448598131,0.810548988429218,0.6923076923076923,0.8443587931163156,189.58585858585857,0.0,True,MAR_Amb_HIP_CBS_0003,1845,99
1.7708520116421442,1.541139871377196,0.9516129032258065,0.7608989694600744,0.7375,1.0,208.74576271186442,0.007643735460285809,True,MAR_Amb_HIP_CBS_0003,1855,59
1.6127838567197355,2.2749121167193356,0.9318181818181818,0.8982047046400141,0.7454545454545455,0.9020202229615727,189.46341463414635,0.0,True,MAR_Amb_HIP_CBS_0003,1857,41
1.9912260756924949,2.449082015470819,0.9514563106796117,0.9128405308800542,0.7205882352941176,0.755093229719273,189.80612244897958,0.0,True,MAR_Amb_HIP_CBS_0003,1861,98
1.662757831681574,1.4669282493451445,0.9583333333333334,0.7316349811001294,0.6571428571428571,1.0,196.2826086956522,0.0006820119352088661,True,MAR_Amb_HIP_CBS_0003,1866,46
1.8750612633917,2.854009607603721,0.9146341463414634,0.9366060437795931,0.5,0.7025197557882117,199.53333333333333,0.0035555555555555553,True,MAR_Amb_HIP_CBS_0003,1867,75
3.4565178578052627,1.6886773656996423,0.5799716197040341,0.8058061321412524,0.4227870548248855,0.23087422236189198,205.33344984271233,0.00040435608007621083,True,MAR_Amb_HIP_CBS_0003,1881,2861
3.0707764628434346,1.8680895893420695,0.7047904191616766,0.8446580594959122,0.39790398918187964,0.3927239082297688,202.05862361937128,0.00017325536841754542,True,MAR_Amb_HIP_CBS_0003,1882,1177
1.7558748556724915,1.5913241593495786,0.9193548387096774,0.7778843377409216,0.6333333333333333,0.9432815955333343,192.9298245614035,0.0,True,MAR_Amb_HIP_CBS_0003,1891,57
2.0969100130080562,1.305558871819441,0.9541984732824428,0.6428935916571694,0.6868131868131868,0.951659206963674,198.056,0.00015686274509803922,True,MAR_Amb_HIP_CBS_0003,1895,125
2.130333768495006,1.764773755916251,0.9440559440559441,0.8239621280212308,0.6,0.8210397399122494,192.34814814814814,0.0,True,MAR_Amb_HIP_CBS_0003,1900,135
1.9590413923210936,1.1572630423885324,0.9680851063829787,0.5033068072313953,0.6363636363636364,0.9868031973278344,191.69230769230768,0.0,True,MAR_Amb_HIP_CBS_0003,1907,91
1.8260748027008264,1.6105395225084098,0.9571428571428572,0.783881907617082,0.6979166666666666,0.9637914941588404,190.53731343283582,0.0,True,MAR_Amb_HIP_CBS_0003,1908,67
3.56643749219507,5.899721768707784,0.5487714072970961,0.9855302700452184,0.29385964912280704,0.15940217510125654,229.51913161465401,0.014492244659057654,True,MAR_Amb_HIP_CBS_0003,1909,3685
4.035629827790439,5.942213813467726,0.2982470601164963,0.9857379645424175,0.10402890383915052,0.07200878275672483,203.05481345002303,0.00271673846876383,True,MAR_Amb_HIP_CBS_0003,1911,10855
2.322219294733919,3.1394151944563355,0.8571428571428571,0.9479125578886398,0.4411764705882353,0.5147870609083028,196.35238095238094,0.0,True,MAR_Amb_HIP_CBS_0003,1914,210
1.9030899869919435,1.4672745501363076,0.9523809523809523,0.7317848578127971,0.6060606060606061,0.9443532166769277,192.275,0.0,True,MAR_Amb_HIP_CBS_0003,1917,80
1.792391689498254,1.6787816966426414,0.96875,0.803229217183745,0.7380952380952381,0.9837561268413856,192.29032258064515,0.0,True,MAR_Amb_HIP_CBS_0003,1918,62
1.6812412373755872,2.1018274054787884,0.9230769230769231,0.8795662347123542,0.6,0.9235352458594919,199.60416666666666,0.005065359477124183,True,MAR_Amb_HIP_CBS_0003,1920,48
2.8656960599160706,3.7817506495147275,0.6126878130217028,0.9644054848467211,0.2773998488284203,0.26810855312809384,198.89645776566758,0.0,True,MAR_Amb_HIP_CBS_0003,1924,734
2.037426497940624,3.204948534376444,0.8861788617886179,0.950076357670044,0.6193181818181818,0.5995134408708014,196.13761467889907,0.0011512862025544162,True,MAR_Amb_HIP_CBS_0003,1927,109
1.6532125137753437,2.039923792423645,0.9,0.8716018877097162,0.6428571428571429,0.924798531260901,195.11111111111111,0.0015686274509803923,True,MAR_Amb_HIP_CBS_0003,1935,45
1.7708520116421442,1.664759341694902,0.9516129032258065,0.7994839704708566,0.7023809523809523,0.9361550239297056,195.4406779661017,0.0003988035892323031,True,MAR_Amb_HIP_CBS_0003,1937,59
1.9822712330395684,2.7985775718177717,0.8807339449541285,0.9339803458144363,0.6,0.5901338680962458,191.20833333333334,0.000326797385620915,True,MAR_Amb_HIP_CBS_0003,1940,96
2.0644579892269186,1.3414699708079034,0.943089430894309,0.6665605392037611,0.7435897435897436,0.9893496969847737,197.44827586206895,0.0,True,MAR_Amb_HIP_CBS_0003,1945,116
2.8530895298518657,2.1785514718280314,0.9002525252525253,0.8884256245444537,0.5281481481481481,0.6711836892484015,200.32538569424966,5.500096251684404e-05,True,MAR_Amb_HIP_CBS_0003,1949,713
2.03342375548695,1.4882575605474944,0.9310344827586207,0.7406176490399352,0.6,0.8464671544870771,190.9537037037037,0.0,True,MAR_Amb_HIP_CBS_0003,1951,108
3.3298045221640695,1.4546987262698108,0.555209145232528,0.7262529489856393,0.43487993487993487,0.26564488540743336,230.45484323818437,0.013423619330745868,True,MAR_Amb_HIP_CBS_0003,1953,2137
2.164352855784437,3.436788090135196,0.8156424581005587,0.9567323746991435,0.46794871794871795,0.5147971129707609,191.27397260273972,0.0,True,MAR_Amb_HIP_CBS_0003,1956,146
2.0718820073061255,1.332380884062172,0.944,0.660829409918825,0.7023809523809523,0.9643334387029223,200.4406779661017,0.0010634762379528083,True,MAR_Amb_HIP_CBS_0003,1959,118
2.936513742478893,1.1611405611002639,0.7819004524886878,0.5082286538199214,0.4864864864864865,0.46679785876110724,199.66782407407408,4.5388525780682645e-06,True,MAR_Amb_HIP_CBS_0003,1964,864
1.8129133566428555,2.4998897803582816,0.8783783783783784,0.9165074418425693,0.6190476190476191,0.7253937521547568,194.3846153846154,0.00012066365007541478,True,MAR_Amb_HIP_CBS_0003,1969,65
1.9731278535996986,1.9068724810421414,0.94,0.8514603926451665,0.6714285714285714,0.8922741249552185,193.51063829787233,0.0,True,MAR_Amb_HIP_CBS_0003,1975,94
1.7558748556724915,1.6531316077304576,0.9344262295081968,0.7962919364580081,0.7125,1.0,194.59649122807016,0.00013759889920880633,True,MAR_Amb_HIP_CBS_0003,1979,57
2.519827993775719,1.933683309332434,0.8642297650130548,0.8558961327358697,0.6129629629629629,0.6674691992816145,206.31722054380666,0.0002961909839464487,True,MAR_Amb_HIP_CBS_0003,1990,331
1.9084850188786497,1.4354815093212434,0.8901098901098901,0.7174302350194597,0.5664335664335665,0.8405462357645631,198.37037037037038,0.00014524328249818446,True,MAR_Amb_HIP_CBS_0003,1992,81
2.509202522331103,1.6772860630910806,0.630859375,0.8028350410960146,0.4167741935483871,0.3924021267266169,195.4860681114551,0.0,True,MAR_Amb_HIP_CBS_0003,2005,323
2.3242824552976926,1.614566678031851,0.9213973799126638,0.7851061517733611,0.6115942028985507,0.7740715385438814,192.1611374407583,0.0,True,MAR_Amb_HIP_CBS_0003,2010,211
1.6532125137753437,1.250708236823793,0.9574468085106383,0.6006035452838488,0.8035714285714286,1.0,191.62222222222223,0.0,True,MAR_Amb_HIP_CBS_0003,2011,45
2.5327543789924976,2.7383210210821756,0.7317596566523605,0.9309340749921005,0.5899653979238755,0.45079335846019225,191.6275659824047,0.0,True,MAR_Amb_HIP_CBS_0003,2012,341
3.1322596895310446,4.986151338158287,0.45595158036314726,0.9796823451655094,0.2873490146217419,0.12355469222722099,228.1570796460177,0.026956446295332292,True,MAR_Amb_HIP_CBS_0003,2033,1356
3.3126004392612596,1.6562291593031018,0.7667039940276222,0.7971501012193329,0.5344782721831902,0.44211580095211,199.5292112950341,4.582163926914485e-05,True,MAR_Amb_HIP_CBS_0003,2044,2054
1.806179973983887,1.132515530481945,0.927536231884058,0.46939161225933046,0.7111111111111111,1.0,193.9375,0.0,True,MAR_Amb_HIP_CBS_0003,2050,64
1.6232492903979006,1.546928106171744,0.9767441860465116,0.7629627478445746,0.7777777777777778,1.0,193.38095238095238,0.0,True,MAR_Amb_HIP_CBS_0003,2051,42
1.863322860120456,1.2166116250972636,0.948051948051948,0.5695524463992262,0.6636363636363637,0.9936207152423759,193.6027397260274,0.00048348106365834,True,MAR_Amb_HIP_CBS_0003,2060,73
4.225283430094444,3.3689962405565526,0.22905020315780864,0.9549321055766413,0.10465884170653908,0.05121275914553179,228.88761235787845,0.009336923649750393,True,MAR_Amb_HIP_CBS_0003,2077,16799
2.376576957056512,1.3310359003750536,0.8592057761732852,0.6599670592093179,0.6666666666666666,0.7002041443056473,194.88655462184875,0.0,True,MAR_Amb_HIP_CBS_0003,2079,238
2.0827853703164503,1.27258677072866,0.937984496124031,0.6184793734044403,0.5761904761904761,0.8995872061975749,195.84297520661158,0.00016204829039053638,True,MAR_Amb_HIP_CBS_0003,2083,121
2.9180303367848803,1.4714261107564082,0.8518518518518519,0.7335710325129744,0.575,0.6122112564153523,197.62922705314008,0.0,True,MAR_Amb_HIP_CBS_0003,2089,828
1.9867717342662448,3.972209892900165,0.7028985507246377,0.9677925523111147,0.3233333333333333,0.41104806620453416,191.17525773195877,0.0,True,MAR_Amb_HIP_CBS_0003,2091,97
1.9912260756924949,2.631459403498787,0.8990825688073395,0.9249793943021503,0.6805555555555556,0.7131176178331836,191.1122448979592,0.0,True,MAR_Amb_HIP_CBS_0003,2093,98
2.8344207036815328,1.958518234355767,0.8858625162127107,0.859824261579113,0.5939130434782609,0.6316373968511954,197.53440702781845,0.0,True,MAR_Amb_HIP_CBS_0003,2104,683
3.3609718837259357,3.011889151249188,0.5520557826400577,0.9432732154736787,0.29954337899543376,0.2384532894858892,197.6602787456446,1.878800300608048e-05,True,MAR_Amb_HIP_CBS_0003,2105,2296
1.7160033436347992,1.1115677933192254,0.9811320754716981,0.436652530484263,0.8125,1.0,197.28846153846155,0.0,True,MAR_Amb_HIP_CBS_0003,2115,52
2.287801729930226,2.5770964000337537,0.9326923076923077,0.9216452264073436,0.6783216783216783,0.6762490033841906,195.0463917525773,2.0214271275520517e-05,True,MAR_Amb_HIP_CBS_0003,2116,194
1.7781512503836436,1.862273165146255,0.9523809523809523,0.8435961509244029,0.6593406593406593,0.7985364214113292,196.25,0.0,True,MAR_Amb_HIP_CBS_0003,2119,60
3.3958503760187813,4.100846353320471,0.5011077542799597,0.969812431728455,0.22410376508737165,0.16792836401037697,196.92162379421222,0.004854674988966648,True,MAR_Amb_HIP_CBS_0003,2120,2488
1.792391689498254,1.3076376308351036,0.96875,0.6443415317438118,0.775,1.0,192.08064516129033,0.0,True,MAR_Amb_HIP_CBS_0003,2125,62
2.5276299008713385,3.594321338643735,0.7342047930283224,0.96051835075819,0.3252895752895753,0.3890948386232544,193.60830860534125,2.3273404317216503e-05,True,MAR_Amb_HIP_CBS_0003,2131,337
2.6314437690131722,1.3167646489126463,0.9511111111111111,0.6505806684741282,0.6416791604197901,0.8637159971685852,205.03504672897196,0.0,True,MAR_Amb_HIP_CBS_0003,2135,428
3.325515663363148,2.4596620914006286,0.5985855728429986,0.9136241235258119,0.48443223443223443,0.2546820132873335,228.1280718336484,0.015599169724600615,True,MAR_Amb_HIP_CBS_0003,2170,2116
1.7781512503836436,1.202561663194747,0.967741935483871,0.5554376442565082,0.75,1.0,192.21666666666667,0.0,True,MAR_Amb_HIP_CBS_0003,2172,60
2.130333768495006,1.7240130738489678,0.9375,0.8145865653425886,0.6428571428571429,0.8746148630882945,192.3037037037037,0.0,True,MAR_Amb_HIP_CBS_0003,2176,135
1.8920946026904804,2.6162184415288143,0.896551724137931,0.9240667733476782,0.5,0.7306205460197401,193.7948717948718,0.0007541478129713424,True,MAR_Amb_HIP_CBS_0003,2181,78
3.5094713521025485,2.57471629978593,0.5869960043588812,0.9214941220282099,0.3777466105656849,0.18346902814723726,231.96720297029702,0.012066831683168317,True,MAR_Amb_HIP_CBS_0003,2182,3232
3.4466924663715273,6.018447218134062,0.49312411847672777,0.9860995108422036,0.16111751152073733,0.1319106521016358,227.05076868072936,0.02530722693081523,True,MAR_Amb_HIP_CBS_0003,2185,2797
2.3521825181113627,1.6531762427596446,0.9183673469387755,0.7963043432712278,0.6818181818181818,0.7933517151946659,193.1822222222222,0.0,True,MAR_Amb_HIP_CBS_0003,2194,225
1.7558748556724915,1.2299317758366304,1.0,0.5821893585287465,0.7916666666666666,1.0,190.31578947368422,0.0,True,MAR_Amb_HIP_CBS_0003,2211,57
1.6812412373755872,2.2744914346610057,0.9411764705882353,0.898164910887675,0.5454545454545454,0.8292225139058317,190.77083333333334,0.0021241830065359475,True,MAR_Amb_HIP_CBS_0003,2216,48
1.792391689498254,2.74509647243281,0.8732394366197183,0.9312871559748643,0.49206349206349204,0.6820152905319208,193.61290322580646,0.005566097406704618,True,MAR_Amb_HIP_CBS_0003,2228,62
2.0086001717619175,2.2546625962450877,0.9272727272727272,0.8962618315243703,0.75,0.7954430432814676,188.99019607843138,0.0,True,MAR_Amb_HIP_CBS_0003,2237,102
3.4877038631637265,3.330583374588131,0.5050936575747618,0.9538612678278626,0.298998151930746,0.13216134147767375,234.06929082628497,0.017917511832319134,True,MAR_Amb_HIP_CBS_0003,2241,3074
3.305351369446624,1.6410460129022,0.4616087751371115,0.7928879674101864,0.32216905901116427,0.1869881770369482,232.9980198019802,0.010498932246165793,True,MAR_Amb_HIP_CBS_0003,2324,2020
2.552668216112193,1.3632578848179866,0.9015151515151515,0.6796495981239985,0.5748792270531401,0.6771137094689,163.59383753501402,0.0,True,MAR_Amb_HIP_CBS_0003,2434,357
3.3740147402919116,2.17754419939458,0.9381443298969072,0.8883158881972293,0.5873882820258193,0.5899581776396579,168.9526627218935,0.0,True,MAR_Amb_HIP_CBS_0003,2442,2366
2.8221680793680175,1.3220970390104942,0.9222222222222223,0.654139261003368,0.6509803921568628,0.7029056203597757,170.21686746987953,0.0,True,MAR_Amb_HIP_CBS_0003,2445,664
3.775537634780957,8.051774280054405,0.3601666767316867,0.9922576766014094,0.1805795258424925,0.11687016967206647,182.65392354124748,0.008142317960047869,False,MAR_Amb_HIP_CBS_0006,1,5964
3.2593549273080344,3.064323829612357,0.5491084919915382,0.9452537440920988,0.3895797598627787,0.27361396420923667,177.61970280682445,0.006099258635760303,False,MAR_Amb_HIP_CBS_0006,2,1817
4.521072672982939,4.778429500505116,0.42268855130964056,0.9778570884121426,0.17966745688955282,0.06989131530089343,214.4022593764121,0.011545324862886862,True,MAR_Amb_HIP_CBS_0006,4,33195
2.311753861055754,1.9305517187523276,0.9490740740740741,0.8553887068373469,0.7118055555555556,0.7583347956339387,182.78048780487805,0.02865614538498326,True,MAR_Amb_HIP_CBS_0006,22,205
3.1189257528257768,1.8941581902574682,0.9081491712707183,0.849282286156788,0.609925788497217,0.6779400900412839,212.92015209125475,0.01550734362185939,False,MAR_Amb_HIP_CBS_0006,32,1315
3.4282968139828798,3.8611601215309648,0.6913357400722022,0.9658801320063617,0.3695891921698373,0.33183402987406185,181.97053338306603,0.0058757706738047704,False,MAR_Amb_HIP_CBS_0006,45,2681
4.302893458356505,2.605968188569858,0.5704305350448711,0.9234434492794497,0.4013186813186813,0.1815268942806045,194.97416110723887,0.007693584254372863,True,MAR_Amb_HIP_CBS_0006,57,20086
2.060697840353612,2.6051913872119585,0.905511811023622,0.9233958941089251,0.5203619909502263,0.736900243343003,165.56521739130434,0.00896845694799659,True,MAR_Amb_HIP_CBS_0006,61,115
3.241795431295199,3.368680585803741,0.6662848415425735,0.9549234598546894,0.3150957024196461,0.2794120822993327,187.94212034383955,0.007382437215573909,True,MAR_Amb_HIP_CBS_0006,68,1745
2.6283889300503116,3.0576433546879995,0.8966244725738397,0.9450072913917514,0.6589147286821705,0.5512841824073139,182.65176470588236,0.02372318339100346,True,MAR_Amb_HIP_CBS_0006,69,425
3.8858698609039064,3.204580058997285,0.5667428318714528,0.9500645744394005,0.40968670076726343,0.24574465242017365,223.06658863311225,0.014887068105952226,True,MAR_Amb_HIP_CBS_0006,74,7689
2.1367205671564067,1.2604443464443056,0.9785714285714285,0.6087384050336223,0.7611111111111111,1.0,174.02189781021897,0.015571776155717762,True,MAR_Amb_HIP_CBS_0006,76,137
3.7407573233077707,4.2168275335987335,0.5190947666195191,0.9714742405742581,0.36217105263157895,0.2217795542526122,191.19146230699363,0.007245463126213247,True,MAR_Amb_HIP_CBS_0006,83,5505
3.2631624649622166,1.9480319625035774,0.8924050632911392,0.8581861580996962,0.5279377880184332,0.6382970003370044,174.9443535188216,0.003251928158060824,True,MAR_Amb_HIP_CBS_0006,94,1833
3.6414741105040997,3.2717104287456347,0.7963636363636364,0.952143769854076,0.35810645082168263,0.35625760094301656,225.77328767123288,0.01406482227594234,True,MAR_Amb_HIP_CBS_0006,98,4380
4.173856138986269,2.91312912560564,0.6467172264355363,0.9392354930898452,0.4977319725168434,0.20065166288371794,177.53601822689808,0.003354211751040965,True,MAR_Amb_HIP_CBS_0006,101,14923
3.434888120867316,5.7698172830307595,0.57988922028121,0.984866317529597,0.22774431057563588,0.226258306880561,176.35782512858194,0.004409963838584662,True,MAR_Amb_HIP_CBS_0006,115,2722
3.6146863422820124,1.6750307551387058,0.6335384615384615,0.8022382859377238,0.43003341687552216,0.2596666099964253,184.39145216124334,0.006633717109962003,True,MAR_Amb_HIP_CBS_0006,135,4118
4.044735697450507,2.8583508516665956,0.45577895645738253,0.9368049529511353,0.22407519708914495,0.1657464899325798,196.59557961208841,0.008918959554954142,True,MAR_Amb_HIP_CBS_0006,174,11085
3.3639878297484915,1.848323206987491,0.897864077669903,0.8410027030928166,0.5486473659231135,0.564351871849077,191.42171280276816,0.00906438700047493,True,MAR_Amb_HIP_CBS_0006,187,2312
2.3783979009481375,2.3542754212225,0.9484126984126984,0.9053063979427981,0.5419501133786848,0.7425421733480333,168.06276150627616,0.0050701452128968745,True,MAR_Amb_HIP_CBS_0006,201,239
3.6715430852625737,5.281324538278297,0.4745728439995956,0.9819103450140106,0.3443368544600939,0.1824480092149847,178.6793779292714,0.005804656758314744,True,MAR_Amb_HIP_CBS_0006,207,4694
2.357934847000454,2.3314430577197887,0.9306122448979591,0.903342999186816,0.5831202046035806,0.7467694213734336,198.14473684210526,0.06615067079463365,True,MAR_Amb_HIP_CBS_0006,213,228
3.311753861055754,2.175382306372288,0.740072202166065,0.8880798019537259,0.5176767676767676,0.4386080954376645,187.77853658536586,0.005949306551889048,True,MAR_Amb_HIP_CBS_0006,230,2050
3.9222582234329666,2.6002980848537094,0.5733388191730097,0.9230952928151998,0.40216450216450217,0.2424807199050327,216.347805286449,0.013013735574363701,True,MAR_Amb_HIP_CBS_0006,302,8361
3.5548524343720547,4.961027261840545,0.5857959183673469,0.9794738736067992,0.3753923414940364,0.22600092896387877,221.53706800445931,0.038217806632128884,True,MAR_Amb_HIP_CBS_0006,450,3588
3.2467447097238415,3.074257430622193,0.86181640625,0.9456171258072235,0.45002549719530854,0.5193691789386369,224.914447592068,0.035949563961561966,True,MAR_Amb_HIP_CBS_0006,464,1765
3.4139699717480614,5.3363642215991565,0.5628118897808635,0.982284925041456,0.36391694725028056,0.21008412571552362,216.1649961449499,0.0428046623429634,True,MAR_Amb_HIP_CBS_0006,477,2594
3.9430491110084067,3.850690323364495,0.5282780220442089,0.9656910399077444,0.37682591510568825,0.19797907346297391,220.87105233154713,0.021391796942240582,True,MAR_Amb_HIP_CBS_0006,480,8771
3.522313795156667,4.570665760798728,0.5412128109250528,0.9757727522414021,0.3248438719750195,0.21246433973290138,218.1559026734755,0.03505498324292168,True,MAR_Amb_HIP_CBS_0006,485,3329
3.345765693114488,2.926877984221623,0.6520588235294118,0.9398232678784518,0.32374415887850466,0.33203702894404613,221.41993685160125,0.041899051005156236,True,MAR_Amb_HIP_CBS_0006,512,2217
3.4350476413399647,2.7381032647089034,0.9265056141544743,0.9309226815924778,0.7507582023711056,0.6046908910500225,237.07638633859713,0.04229475852037473,True,MAR_Amb_HIP_CBS_0006,531,2723
2.7558748556724915,5.804693042035851,0.6753554502369669,0.9850489996734273,0.4253731343283582,0.29980750220127184,175.0701754385965,0.020378396972824217,True,MAR_Amb_HIP_CBS_0006,537,570
3.7715874808812555,6.0486428206900476,0.5461602439700582,0.9862389163799071,0.19185820023373587,0.20646691007311307,224.90321489001693,0.022818751866228726,True,MAR_Amb_HIP_CBS_0006,541,5910
3.2648178230095364,5.5518100483395685,0.6948640483383686,0.9836443809545137,0.3508771929824561,0.2942758772830918,215.73478260869564,0.05207587382779199,True,MAR_Amb_HIP_CBS_0006,563,1840
4.209890168681258,5.478381148014605,0.2992451506930218,0.9831992307782527,0.19955201102742087,0.06762949114088258,223.32268410016036,0.032451984124104806,True,MAR_Amb_HIP_CBS_0006,628,16214
4.22188349178524,2.8347242001343775,0.4882964698989307,0.9357108179609133,0.3015468113975577,0.1509623098618059,200.0856731461483,0.006760165069147409,True,MAR_Amb_HIP_CBS_0006,636,16668
4.00770511436478,1.663248879739813,0.583792154163799,0.7990738150639821,0.4319725004243762,0.2749773854073343,205.51016799292663,0.011142895118554349,True,MAR_Amb_HIP_CBS_0006,637,10179
2.60422605308447,5.203398533276141,0.7217235188509874,0.9813592841917832,0.4231578947368421,0.3553844036497364,177.97014925373134,0.027177836308652812,True,MAR_Amb_HIP_CBS_0006,659,402
1.8325089127062364,2.213118289166692,0.9066666666666666,0.8920933562298138,0.5396825396825397,0.8147736464702818,173.5441176470588,0.0908881199538639,True,MAR_Amb_HIP_CBS_0006,674,68
4.071587470514976,1.4046580688525439,0.7670591296428804,0.7022635850921155,0.57578125,0.3870596056506501,180.72769674355496,0.005658871418309522,True,MAR_Amb_HIP_CBS_0006,682,11792
2.9628426812012423,6.158126191396073,0.7061538461538461,0.9867271371210604,0.25116279069767444,0.262885394478974,168.94662309368192,0.009205860993634926,True,MAR_Amb_HIP_CBS_0006,684,918
1.8864907251724818,2.05529843187064,0.9166666666666666,0.8736542100884498,0.5923076923076923,0.8470189898541598,162.2207792207792,0.0031066972243442834,True,MAR_Amb_HIP_CBS_0006,694,77
3.222456336679247,1.8242837193260457,0.9120218579234972,0.8363732611345955,0.6082361516034985,0.7027785224985145,170.1671659676453,0.0037171489326707314,True,MAR_Amb_HIP_CBS_0006,695,1669
3.262213705476417,3.5116041562597617,0.49620184481823115,0.9585958316895439,0.2028390817345015,0.187419094262375,181.57189721159102,0.010319578897715455,True,MAR_Amb_HIP_CBS_0006,704,1829
2.6444385894678386,1.7745361090441325,0.7436762225969646,0.8260972651243823,0.4053308823529412,0.44192253655856767,166.87755102040816,0.005869014272375617,True,MAR_Amb_HIP_CBS_0006,708,441
2.7551122663950713,1.2461250270854973,0.765814266487214,0.5966686687211811,0.564484126984127,0.5136710102849247,163.91739894551844,0.0023432923257176333,True,MAR_Amb_HIP_CBS_0006,709,569
3.4533183400470375,4.235081684032901,0.8163265306122449,0.9717231860637876,0.32174011555454857,0.3923293308568911,200.10915492957747,0.00783761391880696,True,MAR_Amb_HIP_CBS_0006,712,2840
3.290479813330673,5.0998764818653965,0.6325340246273493,0.9805872660709356,0.39212535154680594,0.25955034409239597,214.34477459016392,0.04608646737383478,True,MAR_Amb_HIP_CBS_0006,718,1952
2.0453229787866576,2.3127715844246697,0.9327731092436975,0.9016906933117932,0.5606060606060606,0.7386461898054796,170.2072072072072,0.03638933050697757,True,MAR_Amb_HIP_CBS_0006,719,111
2.525044807036845,2.502874383785759,0.8885941644562334,0.916715488888459,0.42297979797979796,0.5649011036377783,174.9671641791045,0.008147497805092187,True,MAR_Amb_HIP_CBS_0006,723,335
3.1586639808139894,2.016167412214004,0.9028822055137845,0.8683279140273693,0.6640552995391705,0.6274481325184558,200.17210270645384,0.015702603039828004,True,MAR_Amb_HIP_CBS_0006,728,1441
2.761927838420529,4.354801185295804,0.706601466992665,0.9732776194232617,0.576271186440678,0.36454344977617675,182.26124567474048,0.03496845104823937,True,MAR_Amb_HIP_CBS_0006,732,578
2.6263403673750423,1.904295050447371,0.925601750547046,0.8510228197611397,0.6220588235294118,0.7313280064591172,178.34278959810874,0.009632410883975338,True,MAR_Amb_HIP_CBS_0006,738,423
3.9118497964994203,4.60173729406059,0.47138649881619216,0.97610281088967,0.23818277310924368,0.14077111586188362,191.61484748254318,0.010474811019593432,True,MAR_Amb_HIP_CBS_0006,740,8163
1.6720978579357175,2.6468770002384865,0.8392857142857143,0.9258857070983598,0.5595238095238095,0.703710221368734,160.87234042553192,0.002419691280767626,True,MAR_Amb_HIP_CBS_0006,743,47
2.7558748556724915,2.326363845687618,0.9595959595959596,0.9028977560021414,0.7307692307692307,0.7430282837908311,202.49122807017545,0.018025455796353628,True,MAR_Amb_HIP_CBS_0006,744,570
2.424881636631067,1.4388645974145717,0.9602888086642599,0.7190170548317826,0.6666666666666666,0.9228535294605859,176.31578947368422,0.0070765148164528965,True,MAR_Amb_HIP_CBS_0006,750,266
2.45484486000851,1.822434413078729,0.9437086092715232,0.8360084340707227,0.6597222222222222,0.7572901811660017,169.41052631578947,0.0069212246302029585,True,MAR_Amb_HIP_CBS_0006,758,285
2.857935264719429,1.3194865255650863,0.7744360902255639,0.6524049395461259,0.5861788617886179,0.5073115237952069,197.1026352288488,0.03557694922629246,True,MAR_Amb_HIP_CBS_0006,760,721
1.9822712330395684,2.7155828202743093,0.9230769230769231,0.9297287585925219,0.5925925925925926,0.7102452720083718,165.39583333333334,0.013929738562091504,True,MAR_Amb_HIP_CBS_0006,761,96
3.0755469613925306,1.6058217972250712,0.8345021037868162,0.7824335334231954,0.670045045045045,0.5772407112849387,177.0638655462185,0.005453946284396111,True,MAR_Amb_HIP_CBS_0006,763,1190
2.6794278966121188,1.3008963974197936,0.9637096774193549,0.6396086302812484,0.6494565217391305,0.8686964254429379,204.0899581589958,0.023430962343096235,True,MAR_Amb_HIP_CBS_0006,766,478
1.7993405494535817,1.4759271483865248,0.9402985074626866,0.7354857270602403,0.7,0.9996231611452789,166.68253968253967,0.01568627450980392,True,MAR_Amb_HIP_CBS_0006,777,63
2.143014800254095,3.5887289449682718,0.8742138364779874,0.9603926655184392,0.556,0.5447172892301098,164.9568345323741,0.009620538863027224,True,MAR_Amb_HIP_CBS_0006,779,139
3.7967130632808965,4.702978819850369,0.636835146954134,0.9771325270928408,0.4755828966355282,0.2528067993777957,208.93260938997125,0.012989021862338036,True,MAR_Amb_HIP_CBS_0006,780,6262
3.17260293120986,2.764212553803976,0.8631090487238979,0.9322686677262196,0.578088578088578,0.5078590384451068,232.55174731182797,0.0829617330803289,True,MAR_Amb_HIP_CBS_0006,783,1488
1.6334684555795864,1.5654491075361658,0.9772727272727273,0.7693775505045296,0.7166666666666667,1.0,163.30232558139534,0.004924760601915185,True,MAR_Amb_HIP_CBS_0006,786,43
2.113943352306837,1.742561962091822,0.948905109489051,0.8189480322682142,0.7222222222222222,0.8292493606963802,163.3230769230769,0.0022322775263951735,True,MAR_Amb_HIP_CBS_0006,787,130
2.2041199826559246,2.406585360178727,0.9195402298850575,0.9095810711090687,0.6060606060606061,0.7193003608514464,164.0875,0.0032598039215686278,True,MAR_Amb_HIP_CBS_0006,790,160
3.8900855267163252,2.3797483450853982,0.7937838666802985,0.9074257299410659,0.4957854406130268,0.35605048457912436,191.18444100978877,0.005545453627097413,True,MAR_Amb_HIP_CBS_0006,798,7764
4.184066505691661,2.965491975261644,0.35566626315299377,0.9414286742960613,0.21109499136442142,0.09880779194840827,222.41203037046733,0.024794591223058146,True,MAR_Amb_HIP_CBS_0006,803,15278
4.254016060861036,5.336239868134134,0.3715172842061685,0.9822840919371373,0.141460954002333,0.056300777475538834,188.2856585691999,0.009026075328727434,True,MAR_Amb_HIP_CBS_0010,22,17948
1.8750612633917,1.7093704008436261,0.9375,0.811025562856792,0.5952380952380952,0.8543770937310179,174.08,0.021594771241830065,True,MAR_Amb_HIP_CBS_0010,25,75
3.2081725266671217,3.7206937385828915,0.552514539856312,0.9632051990662108,0.24641440341776014,0.20057705748521254,220.0061919504644,0.033215564863716386,True,MAR_Amb_HIP_CBS_0010,37,1615
2.9965116721541785,2.193998033233364,0.5652421652421652,0.8900878933750882,0.29488703923900117,0.24820366025938534,229.90020161290323,0.06282811511701454,True,MAR_Amb_HIP_CBS_0010,40,992
1.845098040014257,2.36094060791364,0.7692307692307693,0.905868052088715,0.5833333333333334,0.5970213688701218,180.4142857142857,0.05652661064425771,True,MAR_Amb_HIP_CBS_0010,59,70
2.6483600109809315,1.7761367310929344,0.5291319857312723,0.8264434633262975,0.3803418803418803,0.21893863495233382,182.09213483146067,0.05462877285745759,True,MAR_Amb_HIP_CBS_0010,73,445
2.960946195733831,3.3270490485530746,0.5225843339050886,0.9537608120186837,0.2663946371320315,0.2123063793158735,216.61816192560175,0.05733470631140859,True,MAR_Amb_HIP_CBS_0010,74,914
2.2405492482826,1.265785702319964,0.9015544041450777,0.6130770197661808,0.6041666666666666,0.7822391424259479,182.71264367816093,0.01809781383817895,True,MAR_Amb_HIP_CBS_0010,76,174
3.1277525158329733,6.8179694783345095,0.5060331825037707,0.9891852955728709,0.21210684368579105,0.1699819276925887,219.98584202682562,0.054320446509453266,True,MAR_Amb_HIP_CBS_0010,77,1342
1.6812412373755872,1.994037130236648,0.9056603773584906,0.8651604413302413,0.6666666666666666,0.8711380486092369,181.35416666666666,0.04493464052287582,True,MAR_Amb_HIP_CBS_0010,78,48
1.6020599913279623,3.0977991556750273,0.851063829787234,0.9464638490598527,0.6153846153846154,0.673765105565809,179.55,0.06411764705882353,True,MAR_Amb_HIP_CBS_0010,83,40
2.824776462475546,2.239270401636499,0.4710860366713681,0.8947466896995905,0.25771604938271603,0.17580077203603348,182.2050898203593,0.020506046730069272,True,MAR_Amb_HIP_CBS_0010,91,668
3.094471128641645,2.8673931327259545,0.48010814986481265,0.9372162256488168,0.25895833333333335,0.2163549741998722,226.99839098954143,0.0540879907876264,True,MAR_Amb_HIP_CBS_0010,98,1243
2.5024271199844326,1.8821927418311548,0.895774647887324,0.8471867521829757,0.6115384615384616,0.7037346377047732,183.4056603773585,0.017005796029103463,True,MAR_Amb_HIP_CBS_0010,99,318
3.1486026548060932,3.6212243095492904,0.6055913978494624,0.9611146363540743,0.31668915879442194,0.24375216559344792,221.8806818181818,0.038193516042780755,True,MAR_Amb_HIP_CBS_0010,101,1408
1.7160033436347992,2.9135370907579063,0.7647058823529411,0.9392530591385286,0.6190476190476191,0.6165123940560691,169.46153846153845,0.01742081447963801,True,MAR_Amb_HIP_CBS_0010,102,52
4.0147304950017535,4.219983733507433,0.3733309274630097,0.9715175197166528,0.18273188137000335,0.09384373784656774,206.79139681005316,0.014435694045622114,True,MAR_Amb_HIP_CBS_0010,117,10345
2.7937903846908188,5.360985788743172,0.5986525505293552,0.9824487228079687,0.2151504669664476,0.25116433503874036,220.89871382636656,0.058634386230376395,True,MAR_Amb_HIP_CBS_0010,137,622
3.5765716840652906,3.214570533852972,0.32033970276008494,0.9503825690279741,0.17385693215339232,0.10377596218246747,231.16993637327678,0.03945896492213004,True,MAR_Amb_HIP_CBS_0010,146,3772
3.095518042323151,3.173955516206101,0.44404846756949395,0.9490703353004336,0.29794356767097085,0.1444828015830188,202.16372391653292,0.05648506593648695,True,MAR_Amb_HIP_CBS_0010,148,1246
2.0644579892269186,1.724621215947857,0.90625,0.8147321707823835,0.5523809523809524,0.7719185406976183,201.05172413793105,0.07112914131169709,True,MAR_Amb_HIP_CBS_0010,151,116
2.294466226161593,2.1691453527887683,0.8174273858921162,0.8873943891362204,0.3893280632411067,0.5770679822784208,185.55837563451777,0.01885139842739126,True,MAR_Amb_HIP_CBS_0010,152,197
1.919078092376074,1.2781352999973183,0.9021739130434783,0.6227890714109349,0.6384615384615384,0.8528697566072755,169.44578313253012,0.007937632884479092,True,MAR_Amb_HIP_CBS_0010,161,83
3.47928731647617,1.7795856475151184,0.5679035599924657,0.8271857673152023,0.39044289044289043,0.2729406131911336,221.3714759535655,0.015902188404383313,True,MAR_Amb_HIP_CBS_0010,165,3015
1.7993405494535817,2.024031640147908,0.9130434782608695,0.8694258647203849,0.6923076923076923,0.871369539610863,169.63492063492063,0.011204481792717087,True,MAR_Amb_HIP_CBS_0010,166,63
1.845098040014257,2.9745189740461306,0.7291666666666666,0.9417946075027708,0.3125,0.5650478486149624,174.68571428571428,0.025378151260504203,True,MAR_Amb_HIP_CBS_0010,169,70
2.6148972160331345,3.928474981874389,0.5902578796561605,0.9670591657643614,0.41742654508611954,0.28283567249712643,171.04126213592232,0.0060822387207310116,True,MAR_Amb_HIP_CBS_0010,181,412
2.7058637122839193,6.04579250059844,0.5759637188208617,0.9862258472214877,0.23345588235294118,0.21983036956748356,194.09251968503938,0.032731202717307395,True,MAR_Amb_HIP_CBS_0010,185,508
4.461363445295965,7.847939270869037,0.19637802651317174,0.9918485961780659,0.060323689104996706,0.041731000290618006,209.1339739379904,0.011124236774312918,True,MAR_Amb_HIP_CBS_0010,267,28931
3.5390760987927767,1.4394697227021647,0.43233787329751344,0.7192993394306739,0.25138041267073524,0.09333287636866154,185.52109826589594,0.0071766972685027765,True,MAR_Amb_HIP_CBS_0010,290,3460
4.14863349848935,3.2008466277811256,0.47842484370752925,0.9499449476464087,0.22448068614791078,0.0879428247040948,182.1771181024075,0.011176790864062407,True,MAR_Amb_HIP_CBS_0010,304,14081
1.9242792860618816,2.463736752201398,0.8484848484848485,0.9139230389927726,0.65625,0.6950495967087728,181.91666666666666,0.02642390289449113,True,MAR_Amb_HIP_CBS_0010,310,84
3.4631461367263494,2.4854826159152985,0.42614053102537774,0.9154919238631866,0.2881944444444444,0.16438530160134193,231.22994836488812,0.03476899193412305,True,MAR_Amb_HIP_CBS_0010,313,2905
3.00774777800074,2.9201189594488755,0.28724604966139955,0.9395353975453636,0.1429976120241607,0.12096634713667383,170.47838899803537,0.005639662544782156,True,MAR_Amb_HIP_CBS_0010,315,1018
1.9294189257142926,3.4558066925046584,0.7024793388429752,0.9572179161361903,0.5592105263157895,0.49055125446834674,175.11764705882354,0.038477508650519035,True,MAR_Amb_HIP_CBS_0010,327,85
1.7160033436347992,1.0757668101702849,0.9811320754716981,0.3686469477098694,0.7222222222222222,1.0,178.96153846153845,0.011538461538461539,True,MAR_Amb_HIP_CBS_0010,335,52
2.6875289612146345,2.279382079343536,0.7193500738552437,0.8986260655957404,0.503099173553719,0.4322856073733171,203.63039014373717,0.040713451705117365,True,MAR_Amb_HIP_CBS_0010,339,487
4.024526714387152,2.186842080634469,0.6590470258486453,0.8893225762976762,0.39862115732368897,0.25945197328276465,189.56922786126074,0.006685679658878011,True,MAR_Amb_HIP_CBS_0010,375,10581
3.4176377396522297,2.998566714054994,0.5954928295014796,0.9427526947326265,0.37672811059907835,0.24108957055667316,220.57798165137615,0.015966600707561313,True,MAR_Amb_HIP_CBS_0010,385,2616
3.048053173115609,5.712394882133469,0.5166512488436633,0.9845581357029448,0.18362650008219628,0.17325579799495483,190.632945389436,0.03449716502536556,True,MAR_Amb_HIP_CBS_0010,392,1117
2.1367205671564067,2.909534471284346,0.8838709677419355,0.9390803816894014,0.7784090909090909,0.6215932951013826,173.47445255474452,0.022928295405753543,True,MAR_Amb_HIP_CBS_0010,397,137
1.8750612633917,1.2920066718783476,0.8620689655172413,0.6331980513252038,0.5681818181818182,0.7600813140577187,184.90666666666667,0.03550326797385621,True,MAR_Amb_HIP_CBS_0010,398,75
2.9508514588885464,1.3149509733235116,0.7367986798679867,0.649355936787919,0.4977703455964326,0.4274649897356488,181.02463605823067,0.010302351623740201,True,MAR_Amb_HIP_CBS_0010,400,893
1.9731278535996986,3.1170574236281623,0.7966101694915254,0.9471417444612212,0.4351851851851852,0.5572323561660626,194.20212765957447,0.07284105131414267,True,MAR_Amb_HIP_CBS_0010,402,94
2.089905111439398,2.0903033762239724,0.8913043478260869,0.8781423344829344,0.6833333333333333,0.7368908714400342,186.65853658536585,0.043073489558425,True,MAR_Amb_HIP_CBS_0010,405,123
1.7160033436347992,2.9282430110778845,0.8813559322033898,0.9398811526122913,0.4444444444444444,0.6707126875884922,185.59615384615384,0.06493212669683257,True,MAR_Amb_HIP_CBS_0010,408,52
3.500236474825639,2.349219051624762,0.6076435567505282,0.9048768859113675,0.3616,0.24984879752818073,228.71238938053096,0.023103046528345852,True,MAR_Amb_HIP_CBS_0010,409,3164
1.954242509439325,3.0051947645030315,0.72,0.943012560412739,0.42857142857142855,0.5335203410100599,169.53333333333333,0.010544662309368192,True,MAR_Amb_HIP_CBS_0010,410,90
1.6532125137753437,1.9105957580775388,0.9375,0.8520889792738853,0.625,0.970221752014765,172.9111111111111,0.013856209150326797,True,MAR_Amb_HIP_CBS_0010,414,45
1.7323937598229686,2.5519919055206532,0.8181818181818182,0.9200287886614547,0.46153846153846156,0.6470261310205179,169.5185185185185,0.02018881626724764,True,MAR_Amb_HIP_CBS_0010,416,54
2.9444826721501687,2.153339149125824,0.40609137055837563,0.8856281700441737,0.3178042614662333,0.15502995496209507,190.65227272727273,0.05893939393939394,True,MAR_Amb_HIP_CBS_0010,417,880
1.9294189257142926,2.1952016081724084,0.6640625,0.8902158147394111,0.40669856459330145,0.5593659580555518,170.72941176470587,0.04249134948096886,True,MAR_Amb_HIP_CBS_0010,421,85
1.8195439355418688,3.2940926900360004,0.7096774193548387,0.9528079509289018,0.4125,0.5558562120917925,170.43939393939394,0.01455733808674985,True,MAR_Amb_HIP_CBS_0010,422,66
2.173186268412274,1.9819838792068512,0.7602040816326531,0.8633854131595086,0.46273291925465837,0.5070187896271028,187.21476510067114,0.032583234636136334,True,MAR_Amb_HIP_CBS_0010,424,149
4.0104271727170495,1.1854263197608292,0.36496116297299225,0.5370060868729659,0.19312932481098102,0.06728841112860134,200.83149467929317,0.020063438828621362,True,MAR_Amb_HIP_CBS_0010,438,10243
2.606381365110605,1.467917762393093,0.7666034155597723,0.7320628731454817,0.40725806451612906,0.513860152179849,201.36138613861385,0.022500485342651914,True,MAR_Amb_HIP_CBS_0010,441,404
3.1595671932336202,3.961281477215939,0.543879472693032,0.9676116208448955,0.4436251920122888,0.24438142483510117,202.654432132964,0.023176361957525392,True,MAR_Amb_HIP_CBS_0010,447,1444
1.724275869600789,1.5491043680763814,0.9464285714285714,0.7637312817683248,0.7361111111111112,1.0,192.73584905660377,0.09567147613762486,True,MAR_Amb_HIP_CBS_0010,459,53
2.0492180226701815,3.454886704938369,0.7225806451612903,0.9571946190529897,0.509090909090909,0.4925354599953466,177.42857142857142,0.03119747899159664,True,MAR_Amb_HIP_CBS_0010,460,112
2.4183012913197452,1.2878316983821825,0.6968085106382979,0.6301185081448495,0.4962121212121212,0.45926336812267304,179.3320610687023,0.02794491842538542,True,MAR_Amb_HIP_CBS_0010,469,262
3.8637985386805003,3.1335584399101104,0.40039447731755423,0.9477122929217627,0.18720221322813668,0.10782738961363651,209.89107827038862,0.01977741288086116,True,MAR_Amb_HIP_CBS_0010,481,7308
1.6812412373755872,2.3650634612368084,0.9411764705882353,0.9062129246585545,0.5333333333333333,0.8664515205442763,171.8125,0.015196078431372549,True,MAR_Amb_HIP_CBS_0010,488,48
2.0293837776852097,1.5226258519027842,0.9304347826086956,0.7540995230149289,0.6484848484848484,0.8744379486543448,175.90654205607476,0.00784313725490196,True,MAR_Amb_HIP_CBS_0010,493,107
3.2041199826559246,5.0463839907149035,0.4481792717086835,0.9801693440649726,0.22228396776882467,0.15066831287353682,253.58125,0.012715686274509804,True,MAR_Amb_HIP_ETD_0005,7,1600
3.09725730969342,2.8425639485375496,0.7341549295774648,0.9360770398738774,0.5574866310160428,0.41284549273843,254.9312549960032,0.0052569708938731375,True,MAR_Amb_HIP_ETD_0005,46,1251
3.3244882333076564,2.5051170716811124,0.6642542479546885,0.91687129941211,0.36333907056798626,0.2927583632999567,252.08574135480814,0.009344145047881777,True,MAR_Amb_HIP_ETD_0005,99,2111
3.2073650374690716,4.881516264800687,0.4496513249651325,0.9787924611367067,0.21379310344827587,0.15228633433303862,253.97952853598014,0.004914124458716489,True,MAR_Amb_HIP_ETD_0005,128,1612
2.0644579892269186,1.9102189131785337,0.943089430894309,0.8520255461739455,0.6823529411764706,0.858213037010116,230.6293103448276,0.06024340770791075,True,MAR_Amb_HIP_ETD_0007,37,116
3.342422680822206,6.6453027215138345,0.819366852886406,0.9886127134583115,0.5612244897959183,0.2740377485664616,245.99863636363636,0.045367201426024954,True,MAR_Amb_HIP_ETD_0007,38,2200
3.2350231594952237,4.341813863055658,0.8335759340126152,0.9731153038166227,0.37849746640229126,0.40445623009128856,248.36321303841677,0.04738752311168938,True,MAR_Amb_HIP_ETD_0007,41,1718
3.6604860157849677,7.278138631705179,0.6407168860263232,0.9905159531623372,0.3070316693505099,0.21738829003574386,244.17963286713288,0.03383381324557795,True,MAR_Amb_HIP_ETD_0007,43,4576
2.0492180226701815,6.429360224066361,0.7,0.9878301504766676,0.5517241379310345,0.35334128912692225,212.4375,0.09709383753501401,True,MAR_Amb_HIP_ETD_0007,46,112
1.9444826721501687,1.7467052431048502,0.8073394495412844,0.8199002234782017,0.55,0.66203665362772,219.29545454545453,0.03409090909090909,True,MAR_Amb_HIP_ETD_0007,48,88
2.2764618041732443,3.925479694153022,0.883177570093458,0.9670080185569233,0.43448275862068964,0.5108691715009553,228.5026455026455,0.0803402842618529,True,MAR_Amb_HIP_ETD_0007,49,189
3.334252642334231,6.551488002479196,0.6180933295161752,0.9882823087217291,0.4674171898679368,0.20400823014817623,246.36359425660027,0.07427549065017391,True,MAR_Amb_HIP_ETD_0007,50,2159
3.589726256254237,4.0264248322684555,0.6117054751415985,0.9686679847206126,0.24156570363466914,0.27082283544592683,236.73173868312756,0.051548253046074397,True,MAR_Amb_HIP_ETD_0007,52,3888
1.8692317197309762,1.09585773174662,0.9367088607594937,0.4090160003279509,0.74,1.0,231.83783783783784,0.08288288288288288,True,MAR_Amb_HIP_ETD_0007,54,74
3.6262376851469003,8.513990970506597,0.8089135424636572,0.9930783560310203,0.20521156832298137,0.23793590486698657,251.97044218491368,0.08438280963839781,True,MAR_Amb_HIP_ETD_0007,57,4229
2.787460474518415,1.9743997086199683,0.9204204204204204,0.8622499133400484,0.6479915433403806,0.6782851146431226,247.49755301794454,0.06234846303937562,True,MAR_Amb_HIP_ETD_0007,59,613
2.3710678622717363,2.767649584890822,0.8935361216730038,0.9324428797286974,0.42727272727272725,0.5554991742614632,215.63829787234042,0.03838130997079683,True,MAR_Amb_HIP_ETD_0007,60,235
3.2467447097238415,1.5366615435997988,0.8847117794486216,0.7592823025994209,0.6077823691460055,0.6598559609052693,249.10481586402267,0.034454257623729376,True,MAR_Amb_HIP_ETD_0007,62,1765
1.8750612633917,2.3611527469550917,0.8241758241758241,0.9058858446174657,0.45454545454545453,0.5768618823986896,175.57333333333332,0.018823529411764704,True,MAR_Amb_HIP_ETD_0007,65,75
3.0718820073061255,1.7578986436784965,0.7496823379923762,0.8224336751106238,0.46220133176654915,0.4585635969089423,238.0906779661017,0.0439514788966434,True,MAR_Amb_HIP_ETD_0007,67,1180
3.3827372657613304,5.723359393058209,0.5738055621583076,0.9846177061832625,0.24457953394123608,0.23389644507452542,238.46644573322286,0.04437838101271992,True,MAR_Amb_HIP_ETD_0007,70,2414
2.962369335670021,4.44023358479028,0.7449228269699432,0.9743094656476613,0.3048537234042553,0.3707079680005835,243.42093784078517,0.05725832317659889,True,MAR_Amb_HIP_ETD_0007,71,917
2.2430380486862944,4.244776932792061,0.8706467661691543,0.9718540778608874,0.6076388888888888,0.43697014316352467,226.29142857142858,0.055417366946778714,True,MAR_Amb_HIP_ETD_0007,76,175
2.403120521175818,2.228017804593707,0.9730769230769231,0.8936174389300875,0.7808641975308642,0.7895636277684162,242.42292490118578,0.08063241106719367,True,MAR_Amb_HIP_ETD_0007,78,253
3.0884904701823963,3.7102176455246507,0.8633802816901408,0.9629931219497151,0.4397417503586801,0.5078915347852727,250.81647634584013,0.08970668202027955,True,MAR_Amb_HIP_ETD_0007,79,1226
3.7777891874348675,7.196021431328409,0.5092592592592593,0.9902971979291204,0.29825870646766167,0.1689949952809621,248.16547122602168,0.04277813210355034,True,MAR_Amb_HIP_ETD_0007,85,5995
2.4313637641589874,1.1655586202541053,0.9310344827586207,0.5137203273928942,0.75,0.8746148630882943,236.98518518518517,0.03269426289034132,True,MAR_Amb_HIP_ETD_0007,86,270
2.4983105537896004,2.0029011160189527,0.9319526627218935,0.8664431337153382,0.6140350877192983,0.7425567116757665,236.3936507936508,0.052374727668845315,True,MAR_Amb_HIP_ETD_0007,88,315
2.6599162000698504,3.1553926712353433,0.8738049713193117,0.9484530187807948,0.6642441860465116,0.46564938108669146,220.71115973741794,0.04030548762174454,True,MAR_Amb_HIP_ETD_0007,90,457
3.694166295933198,5.093813293328458,0.7407130017974836,0.9805405656040784,0.5283119658119658,0.2686317917099651,241.10171890798787,0.046867701580126486,True,MAR_Amb_HIP_ETD_0007,107,4945
2.7895807121644256,1.7369902336565053,0.7857142857142857,0.8176550316755488,0.43137254901960786,0.45041755576760784,191.56655844155844,0.013668194550547493,True,MAR_Amb_HIP_ETD_0007,121,616
2.285557309007774,1.2508936532852428,0.9368932038834952,0.6007612841712726,0.6701388888888888,0.8676560602770576,249.6424870466321,0.007924413288631514,True,MAR_Amb_HIP_ETD_0010,8,193
3.767897616018091,1.5079877511491069,0.6394587516368399,0.7484994953394047,0.46567069294342023,0.17999372114407836,229.63549488054608,0.0035421267483102454,True,MAR_Amb_HIP_ETD_0010,10,5860
2.2430380486862944,1.4945261495244841,0.9308510638297872,0.7431648199734845,0.708502024291498,0.8579784348471712,249.34857142857143,0.009747899159663866,True,MAR_Amb_HIP_ETD_0010,17,175
3.744762237065578,4.164624738707849,0.6009734991887506,0.9707437886737988,0.23849587912087913,0.1531686181027348,250.12149028077755,0.006184446420756928,True,MAR_Amb_HIP_ETD_0010,18,5556
1.6901960800285136,1.6892515560953985,0.9074074074074074,0.8059540170975346,0.6363636363636364,0.8845025938889486,248.3673469387755,0.03153261304521809,True,MAR_Amb_HIP_ETD_0010,21,49
3.6280822609906793,2.0648957245988857,0.7047792897444407,0.8749097741105375,0.4331905344757242,0.27475580082622075,235.01483400047093,0.004470976052299893,True,MAR_Amb_HIP_ETD_0010,45,4247
1.8692317197309762,2.1031774338399103,0.9135802469135802,0.8797313640179485,0.5174825174825175,0.8024553472775797,248.28378378378378,0.025172231054583997,True,MAR_Amb_HIP_ETD_0010,54,74
2.4653828514484184,2.619708162440886,0.6822429906542056,0.9242772227094892,0.44242424242424244,0.38681368127301,233.15753424657535,0.00856835885038947,True,MAR_Amb_HIP_ETD_0010,61,292
3.3089910290001643,3.2816119495596534,0.5644222776392352,0.9524393255589572,0.32195353247984826,0.18103075852429737,247.72803141875306,0.009023265663653777,True,MAR_Amb_HIP_ETD_0010,63,2037
3.3506356082589543,1.9865099333619776,0.5199443413729128,0.864056162675634,0.3366366366366366,0.18241298400669675,248.21677074041034,0.010737961553934687,True,MAR_Amb_HIP_ETD_0010,64,2242
1.968482948553935,2.36891414000037,0.7622950819672131,0.9065332875794291,0.36904761904761907,0.539863983908183,231.3548387096774,0.0059034366434745945,True,MAR_Amb_HIP_ETD_0010,68,93
4.115843404112816,2.3842244276803615,0.39395950879522074,0.9077906373071789,0.2599701343952215,0.054463185506137254,206.62433943478595,0.0022543688533083446,True,MAR_Amb_HIP_ETD_0010,87,13057
2.0,1.2016176585551268,0.819672131147541,0.5544583541041136,0.591715976331361,0.743460500989731,189.28,3.9215686274509805e-05,True,MAR_Amb_HIP_ETD_0010,91,100
1.8195439355418688,4.712804373366393,0.7333333333333333,0.9772288886310974,0.2619047619047619,0.4866139489310757,227.22727272727272,0.00029708853238265005,True,MAR_Amb_HIP_ETD_0010,92,66
1.792391689498254,2.913402367195297,0.5344827586206896,0.939247259101696,0.36257309941520466,0.4010275946091372,224.17741935483872,0.0018342820999367488,True,MAR_Amb_HIP_ETD_0010,93,62
2.287801729930226,1.9748724340747816,0.6928571428571428,0.8623211160809386,0.3373913043478261,0.40591630085832847,238.38659793814432,0.017343844754396605,True,MAR_Amb_HIP_ETD_0010,98,194
3.988603543345664,2.57890509348401,0.5523987750935693,0.9217597579721947,0.32901003141149054,0.14869999867425293,231.02001847859563,0.005770233357689653,True,MAR_Amb_HIP_ETD_0010,99,9741
1.7403626894942439,4.708930101969762,0.7971014492753623,0.9771909658899481,0.40441176470588236,0.46321351007649375,227.8181818181818,0.00285204991087344,True,MAR_Amb_HIP_ETD_0010,100,55
3.8422971343280654,11.733704721395572,0.6094996056436771,0.9963617675261512,0.15174986908710072,0.12191017642048864,252.18892882818116,0.009677337505814692,True,MAR_Amb_HIP_ETD_0010,101,6955
3.252124552505644,3.5178093669773594,0.6138783923050498,0.958744912111937,0.5019662921348315,0.27386666091274015,253.01846670397313,0.014661443760492446,True,MAR_Amb_HIP_ETD_0010,106,1787
3.900148560719344,1.9109060416642085,0.8651061513336963,0.8521411766100987,0.5131086142322098,0.45013683513203284,212.64787314372012,0.0027795462509191946,True,MAR_Amb_HIP_ETD_0010,113,7946
2.9283958522567137,2.0393425468949267,0.8122605363984674,0.8715232909098086,0.5,0.43694808322696993,242.49882075471697,0.006460414354421014,True,MAR_Amb_HIP_ETD_0010,115,848
2.250420002308894,3.4099400249704366,0.717741935483871,0.9560326366883366,0.27899686520376177,0.40380878294907335,246.87078651685394,0.014342366159947125,True,MAR_Amb_HIP_ETD_0010,116,178
1.8260748027008264,1.723910818396668,0.788235294117647,0.8145620649672733,0.42948717948717946,0.648150417873719,250.8955223880597,0.04424934152765584,True,MAR_Amb_HIP_ETD_0010,117,67
2.155336037465062,1.7139378123928566,0.8411764705882353,0.8121478106458744,0.6111111111111112,0.6723420464680636,249.03496503496504,0.01601535719182778,True,MAR_Amb_HIP_ETD_0010,119,143
2.4785664955938436,1.9431354439842752,0.8931750741839762,0.8574110653432166,0.5234782608695652,0.6722218602076079,250.2093023255814,0.010553058432675396,True,MAR_Amb_HIP_ETD_0010,121,301
1.8260748027008264,2.534593494635964,0.8933333333333333,0.9188785158128214,0.5583333333333333,0.7121184861490822,244.97014925373134,0.004155692127597308,True,MAR_Amb_HIP_ETD_0010,124,67
2.3979400086720375,2.2235608394211543,0.5165289256198347,0.8931650142748616,0.26939655172413796,0.2536221239340904,220.376,0.001003921568627451,True,MAR_Amb_HIP_ETD_0010,125,250
2.91539983521227,3.4897822756106174,0.7016197783461211,0.9580650411499559,0.349320882852292,0.25775687461374597,246.07168894289185,0.011154789984037357,True,MAR_Amb_HIP_ETD_0010,126,823
1.7781512503836436,1.3821773242212274,0.8450704225352113,0.6903283945673553,0.5555555555555556,0.7654609483351202,218.43333333333334,0.0036601307189542483,True,MAR_Amb_HIP_ETD_0010,127,60
1.8573324964312685,1.1794309259007023,0.9230769230769231,0.5302097289537548,0.6545454545454545,0.943287690155916,246.05555555555554,0.005991285403050109,True,MAR_Amb_HIP_ETD_0010,128,72
1.9294189257142926,2.228461488705579,0.8415841584158416,0.8936623161198692,0.625,0.6471282607352984,245.27058823529413,0.010288350634371396,True,MAR_Amb_HIP_ETD_0010,129,85
2.8524799936368566,2.2605103216487965,0.8118586088939567,0.8968287009470733,0.5426829268292683,0.5421253037526526,249.36095505617976,0.007578761841815378,True,MAR_Amb_HIP_ETD_0010,130,712
2.4885507165004443,2.7735328078257337,0.6652267818574514,0.932739504642842,0.3684210526315789,0.34682228848855906,241.73701298701297,0.003463203463203463,True,MAR_Amb_HIP_ETD_0010,132,308
2.1398790864012365,1.3587649214639492,0.7540983606557377,0.67702232568894,0.45098039215686275,0.542723252853192,245.28985507246378,0.0031258880363739697,True,MAR_Amb_HIP_ETD_0010,134,138
1.8512583487190752,2.5596622189083886,0.8658536585365854,0.9205280195410267,0.5259259259259259,0.7195436439746404,246.28169014084506,0.008174537420602044,True,MAR_Amb_HIP_ETD_0010,135,71
1.8195439355418688,1.5557008845086668,0.9295774647887324,0.7660364888857782,0.75,0.9128633272113803,247.46969696969697,0.005466428995840761,True,MAR_Amb_HIP_ETD_0010,136,66
3.379305517750582,1.7356056382904474,0.8412363891815947,0.8173314632833844,0.4598694316436252,0.5203967812305351,254.11858037578287,0.010729870236194686,True,MAR_Amb_HIP_ETD_0010,137,2395
2.287801729930226,2.435401459308987,0.8622222222222222,0.9118111060134969,0.4898989898989899,0.6700261209094002,251.27319587628867,0.008833636547402466,True,MAR_Amb_HIP_ETD_0010,138,194
2.2528530309798933,1.3856904897781355,0.9322916666666666,0.69224571870877,0.6729323308270677,0.8472170047186222,242.88826815642457,0.00010954102311315587,True,MAR_Amb_HIP_ETD_0010,139,179
2.2764618041732443,1.861779316185311,0.4760705289672544,0.8435054679989488,0.27,0.23529669699043207,241.4814814814815,0.030376595082477434,True,MAR_Amb_HIP_ETD_0010,140,189
3.0692980121155293,2.753157578064365,0.6246006389776357,0.9317036716369301,0.31737012987012986,0.22430567180524422,237.9156010230179,0.010825267873560336,True,MAR_Amb_HIP_ETD_0010,142,1173
2.27415784926368,2.294609487221983,0.9306930693069307,0.9000415939907347,0.7121212121212122,0.6896940722571077,242.88829787234042,0.011722987067167293,True,MAR_Amb_HIP_ETD_0010,146,188
3.302330928684399,1.751680426507396,0.8368794326241135,0.8210332414698597,0.6191358024691358,0.5446408765617768,236.87238285144565,0.005598889605692725,True,MAR_Amb_HIP_ETD_0010,147,2006
3.110589710299249,2.1047834970169403,0.49012158054711247,0.8799273563999923,0.3758741258741259,0.19136743161973252,251.66976744186047,0.017577139382884938,True,MAR_Amb_HIP_ETD_0010,148,1290
2.367355921026019,1.9458790048461563,0.7792642140468228,0.8578461633416696,0.5177777777777778,0.5944186759927991,251.38197424892704,0.018261381805941262,True,MAR_Amb_HIP_ETD_0010,149,233
1.7634279935629373,1.9145355481120445,0.90625,0.8527496296182077,0.6904761904761905,0.8684083582848207,250.60344827586206,0.023529411764705882,True,MAR_Amb_HIP_ETD_0010,150,58
3.61857102812013,2.1514358709818655,0.7124485596707819,0.8854126228014839,0.4271175986842105,0.23978672975465104,218.28977135980747,0.004465208466057903,True,MAR_Amb_HIP_ETD_0010,151,4155
1.7075701760979363,4.782284670936821,0.8095238095238095,0.9778931777824306,0.5,0.490628099362855,244.27450980392157,0.023298731257208768,True,MAR_Amb_HIP_ETD_0010,152,51
2.361727836017593,1.7202235494571962,0.7348242811501597,0.8136751788651637,0.5010893246187363,0.532558830145506,234.1086956521739,0.017135549872122763,True,MAR_Amb_HIP_ETD_0010,153,230
2.369215857410143,1.189383472040408,0.8796992481203008,0.5413897830712787,0.6157894736842106,0.7579995480098551,249.25641025641025,0.00677057147645383,True,MAR_Amb_HIP_ETD_0010,154,234
2.481442628502305,1.5560143917517357,0.8535211267605634,0.7661451458988078,0.5611111111111111,0.6061791176513456,248.87128712871288,0.010716365754222482,True,MAR_Amb_HIP_ETD_0010,155,303
2.5514499979728753,3.995037992534104,0.7526427061310782,0.9681656099321538,0.2994112699747687,0.3688831973158172,248.0056179775281,0.01027759418374091,True,MAR_Amb_HIP_ETD_0010,156,356
2.6464037262230695,2.949302789108172,0.5045558086560364,0.9407636025776454,0.39802336028751123,0.20424120224616246,246.2866817155756,0.017943610852919047,True,MAR_Amb_HIP_ETD_0010,157,443
2.1072099696478683,3.0789244569085987,0.7485380116959064,0.9457865897211182,0.46545454545454545,0.4723442578582874,231.578125,0.006740196078431373,True,MAR_Amb_HIP_ETD_0010,158,128
2.0211892990699383,3.151475586445785,0.9051724137931034,0.9483213064758146,0.4375,0.6483381143229444,246.04761904761904,0.00642390289449113,True,MAR_Amb_HIP_ETD_0010,161,105
1.6901960800285136,3.397510625714919,0.8166666666666667,0.9557028814503221,0.3769230769230769,0.6404891115188647,237.83673469387756,0.0020008003201280513,True,MAR_Amb_HIP_ETD_0010,163,49
2.806179973983887,2.1768600457356975,0.6926406926406926,0.8882412590907847,0.4022627278441232,0.37119153218990464,249.1796875,0.014307598039215686,True,MAR_Amb_HIP_ETD_0010,166,640
3.445136968713304,3.720946265450389,0.7157164869029276,0.9632102885254861,0.41423900118906065,0.23928314231151857,253.00861141011842,0.01220934731983931,True,MAR_Amb_HIP_ETD_0010,170,2787
